header;url;nb_points;theme;duree;sujet_url;correction_url
Quelle taille pour les mailles dun tamis ?;https://labolycee.org/quelle-taille-pour-les-mailles-dun-tamis;5 points;Tale Spécialité Physique Chimie | Diffraction | Interférences;55 minutes;https://www.labolycee.org/sites/default/files/2021-06/2021-03-Metro-Sujet2-ExoC-TamisInterferences-5pts.pdf;https://www.labolycee.org/sites/default/files/2023-03/2021-03-Metro-Sujet2-ExoC-TamisInterferences-5pts-Correction_0.pdf
Lacide lactique à la base de composés verts;https://labolycee.org/lacide-lactique-la-base-de-composes-verts;10 points;Tale Spécialité Physique Chimie | Acide-Base | Cinétique | Spectroscopie | Synthèse organique;1 heure 45 minutes;https://www.labolycee.org/sites/default/files/2022-11/2021-Polynesie-Sujet-Exo1-AcideLactiqueVert-10pts.pdf;https://www.labolycee.org/sites/default/files/2022-04/2021-Polynesie-Correction-Exo1-AcideLactiqueVert-10pts_2.pdf
La Terre et Vénus : des planètes qui se ressemblent;https://labolycee.org/la-terre-et-venus-des-planetes-qui-se-ressemblent;10 points;1ère EC Enseignement Scientifique | Le Soleil;1 heure;https://www.labolycee.org/sites/default/files/2020-06/1EnsSci-2427b-Sujet-TerreVenus.pdf;
Prévention dun traumatisme acoustique;https://labolycee.org/prevention-dun-traumatisme-acoustique;10 points;1ère EC Enseignement Scientifique | Son et musique;1 heure;https://www.labolycee.org/sites/default/files/2020-06/1EnsSci-3179a-Sujet-TraumatismeAcoustique.pdf;https://www.labolycee.org/sites/default/files/2022-10/1EnsSci-3179a-Correction-TraumatismeAcoustique.pdf
Température moyenne de surface de la Terre;https://labolycee.org/temperature-moyenne-de-surface-de-la-terre;10 points;1ère EC Enseignement Scientifique | Le Soleil;1 heure;https://www.labolycee.org/sites/default/files/2020-06/1EnsSci-2404a-Sujet-TSurfaceTerre.pdf;
Terre plate ou Terre sphérique;https://labolycee.org/terre-plate-ou-terre-spherique;10 points;1ère EC Enseignement Scientifique | La Terre;1 heure;https://www.labolycee.org/sites/default/files/2020-06/1EnsSci-2409a-Sujet-TerrePlate.pdf;
Températures de surface de quelques objets du système solaire;https://labolycee.org/temperatures-de-surface-de-quelques-objets-du-systeme-solaire;10 points;1ère EC Enseignement Scientifique | Le Soleil;1 heure;https://www.labolycee.org/sites/default/files/2020-06/1EnsSci-3383a-Sujet-RayonSolaire.pdf;
Le rayonnement solaire reçu sur Terre;https://labolycee.org/le-rayonnement-solaire-recu-sur-terre;10 points;1ère EC Enseignement Scientifique | Le Soleil;1 heure;https://www.labolycee.org/sites/default/files/2020-06/1EnsSci-3379a-Sujet-RayonnementSolaire.pdf;
Production dun son;https://labolycee.org/production-dun-son;10 points;1ère EC Enseignement Scientifique | Son et musique;1 heure;https://www.labolycee.org/sites/default/files/2020-06/1EnsSci-2417a-Sujet-ProductionSon.pdf;https://www.labolycee.org/sites/default/files/2022-05/1EnsSci-2417a-Correction-ProductionSon.pdf
Un poison radioactif;https://labolycee.org/un-poison-radioactif;10 points;1ère EC Enseignement Scientifique | La matière;1 heure;https://www.labolycee.org/sites/default/files/2020-06/1EnsSci-2421b-Sujet-PoisonRadioactif.pdf;
La pile végétale;https://labolycee.org/la-pile-vegetale;10 points;1ère EC Enseignement Scientifique | Le Soleil;1 heure;https://www.labolycee.org/sites/default/files/2020-06/1EnsSci-3181b-Sujet-PileVegetale.pdf;
La photosynthèse pour recharger nos batteries;https://labolycee.org/la-photosynthese-pour-recharger-nos-batteries;10 points;1ère EC Enseignement Scientifique | Le Soleil;1 heure;https://www.labolycee.org/sites/default/files/2020-06/1EnsSci-3177b-Sujet-Photosynthese.pdf;
Lor, un élément chimique précieux;https://labolycee.org/lor-un-element-chimique-precieux;10 points;1ère EC Enseignement Scientifique | La matière;1 heure;https://www.labolycee.org/sites/default/files/2020-06/1EnsSci-2403b-Sujet-OrPrecieux.pdf;
Loreille et laudition;https://labolycee.org/loreille-et-laudition;10 points;1ère EC Enseignement Scientifique | Son et musique;1 heure;https://www.labolycee.org/sites/default/files/2020-06/1EnsSci-2409b-Sujet-OreilleAudition.pdf;https://www.labolycee.org/sites/default/files/2022-10/1EnsSci-2409b-Correction-OreilleAudition.pdf
La numérisation et le stockage dun son;https://labolycee.org/la-numerisation-et-le-stockage-dun-son;10 points;1ère EC Enseignement Scientifique | Son et musique;1 heure;https://www.labolycee.org/sites/default/files/2020-06/1EnsSci-3173b-Sujet-NumerisationStockageSon.pdf;
Nanomédicaments;https://labolycee.org/nanomedicaments;10 points;1ère EC Enseignement Scientifique | La matière;1 heure;https://www.labolycee.org/sites/default/files/2020-06/1EnsSci-3175b-Sujet-Nanomedicaments.pdf;
Masse, tension, fréquence;https://labolycee.org/masse-tension-frequence;10 points;1ère EC Enseignement Scientifique | Son et musique;1 heure;https://www.labolycee.org/sites/default/files/2020-06/1EnsSci-2418b-Sujet-MasseTensionFrequence.pdf;
Masse, fréquence, gamme;https://labolycee.org/masse-frequence-gamme;10 points;1ère EC Enseignement Scientifique | Son et musique;1 heure;https://www.labolycee.org/sites/default/files/2020-06/1EnsSci-277b-Sujet-MasseFrequenceGamme.pdf;
La Lune, si familière;https://labolycee.org/la-lune-si-familiere;10 points;1ère EC Enseignement Scientifique | La Terre;1 heure;https://www.labolycee.org/sites/default/files/2020-06/1EnsSci-2422b-Sujet-LuneFamiliere.pdf;
Larchipel dHawaii et les monts de lempereur;https://labolycee.org/larchipel-dhawaii-et-les-monts-de-lempereur;10 points;1ère EC Enseignement Scientifique | La Terre;1 heure;https://www.labolycee.org/sites/default/files/2020-06/1EnsSci-3169a-SujetHawaii.pdf;
La guitare électrique;https://labolycee.org/la-guitare-electrique;10 points;1ère EC Enseignement Scientifique | Son et musique;1 heure;https://www.labolycee.org/sites/default/files/2020-06/1EnsSci-2411b-Sujet-GuitareElectrique.pdf;
Les diamants, des mines de crayon de haute pression;https://labolycee.org/les-diamants-des-mines-de-crayon-de-haute-pression;10 points;1ère EC Enseignement Scientifique | La matière;1 heure;https://www.labolycee.org/sites/default/files/2020-06/1EnsSci-2406b-Sujet-GraphiteDiamant.pdf;
La forme de la Terre à lantiquité;https://labolycee.org/la-forme-de-la-terre-lantiquite;10 points;1ère EC Enseignement Scientifique | La Terre;1 heure;https://www.labolycee.org/sites/default/files/2020-06/1EnsSci-2431b-Sujet-FormeTerre.pdf;https://www.labolycee.org/sites/default/files/2022-10/1EnsSci-2431b-Correction-FormeTerre.pdf
La formation des verres;https://labolycee.org/la-formation-des-verres;10 points;1ère EC Enseignement Scientifique | La matière;1 heure;https://www.labolycee.org/sites/default/files/2020-06/1EnsSci-2431a-Sujet-Verre.pdf;
Lénergie rayonnée par les étoiles et utilisation biologique du rayonnement solaire;https://labolycee.org/lenergie-rayonnee-par-les-etoiles-et-utilisation-biologique-du-rayonnement-solaire;10 points;1ère EC Enseignement Scientifique | Le Soleil;1 heure;https://www.labolycee.org/sites/default/files/2020-06/1EnsSci-3176b-Sujet-EnergieEtoile.pdf;
Lénergie lumineuse et son utilisation par les algues;https://labolycee.org/lenergie-lumineuse-et-son-utilisation-par-les-algues;10 points;1ère EC Enseignement Scientifique | Le Soleil;1 heure;https://www.labolycee.org/sites/default/files/2020-06/1EnsSci-2421a-Sujet-ElumineuseAlgues.pdf;
Effet de serre et température terrestre;https://labolycee.org/effet-de-serre-et-temperature-terrestre;10 points;1ère EC Enseignement Scientifique | Le Soleil;1 heure;https://www.labolycee.org/sites/default/files/2020-06/1EnsSci-3169a-Sujet-EffetSerre.pdf;
Seul sur Mars;https://labolycee.org/seul-sur-mars;10 points;1ère EC Enseignement Scientifique | Le Soleil;1 heure;https://www.labolycee.org/sites/default/files/2020-11/1EnsSci-2400a-Sujet-SeulMars.pdf;
Le Soleil, source de vie sur Terre ?;https://labolycee.org/le-soleil-source-de-vie-sur-terre;10 points;1ère EC Enseignement Scientifique | Le Soleil;1 heure;https://www.labolycee.org/sites/default/files/2020-05/1EnsSci-2399b-Sujet-SoleilVie.pdf;
La sphéricité de la Terre;https://labolycee.org/la-sphericite-de-la-terre;10 points;1ère EC Enseignement Scientifique | La Terre | Le Soleil;1 heure;https://www.labolycee.org/sites/default/files/2019-08/2020-1EnsSci-Sujet0-SphericiteTerre-10pts.pdf;https://www.labolycee.org/sites/default/files/2019-12/S0BAC21-1e-COM-EnsSci-1-correction_1202467_0.pdf
Mesure du méridien terrestre;https://labolycee.org/mesure-du-meridien-terrestre;10 points;1ère EC Enseignement Scientifique | La Terre;1 heure;https://www.labolycee.org/sites/default/files/2020-06/1EnsSci-2428a-Sujet-Meridien.pdf;
Histoire deau;https://labolycee.org/histoire-deau;10 points;1ère EC Enseignement Scientifique | La Terre;1 heure;https://www.labolycee.org/sites/default/files/2020-06/1EnsSci-162a-Sujet-AgeTerreEau.pdf;
Histoire de lâge de la Terre;https://labolycee.org/histoire-de-lage-de-la-terre;10 points;1ère EC Enseignement Scientifique | La matière | La Terre;1 heure;https://www.labolycee.org/sites/default/files/2020-06/1EnsSci-3174a-Sujet-AgeTerreHistoire.pdf;
Approche historique de lâge de la Terre;https://labolycee.org/approche-historique-de-lage-de-la-terre;10 points;1ère EC Enseignement Scientifique | La Terre;1 heure;https://www.labolycee.org/sites/default/files/2020-06/1EnsSci-2423b-Sujet-AgeTerreKelvinBuffon.pdf;https://www.labolycee.org/sites/default/files/2022-10/1EnsSci-2423b-Correction-AgeTerreKelvinBuffon.pdf
La Terre sa composition et sa taille;https://labolycee.org/la-terre-sa-composition-et-sa-taille;10 points;1ère EC Enseignement Scientifique | La matière | La Terre;1 heure;https://www.labolycee.org/sites/default/files/2020-06/1EnsSci-4048b-Sujet-Nucleosynthese-RayonTerre.pdf;
Détermination de lage de la Terre par Buffon;https://labolycee.org/determination-de-lage-de-la-terre-par-buffon;10 points;1ère EC Enseignement Scientifique | La Terre;1 heure;https://www.labolycee.org/sites/default/files/2020-05/1EnsSci-2398b-Sujet-AgeTerreBuffon.pdf;
Lhistoire de lâge de la Terre;https://labolycee.org/lhistoire-de-lage-de-la-terre;10 points;1ère EC Enseignement Scientifique | La Terre;1 heure;https://www.labolycee.org/sites/default/files/2020-06/1EnsSci-2408a-Sujet-AgeTerreErosion.pdf;
New-York Pékin en avion;https://labolycee.org/new-york-pekin-en-avion;10 points;1ère EC Enseignement Scientifique | La Terre;1 heure;https://www.labolycee.org/sites/default/files/2020-05/1EnsSci-2394b-Sujet-NYPekin.pdf;
Détermination de lage de la Terre par algorithme;https://labolycee.org/determination-de-lage-de-la-terre-par-algorithme;10 points;1ère EC Enseignement Scientifique | La matière | La Terre;1 heure;https://www.labolycee.org/sites/default/files/2020-06/1EnsSci-3183a-Sujet-AgeTerreAlgorithme_1.pdf;
La datation de loccupation dune grotte par Homo Sapiens;https://labolycee.org/la-datation-de-loccupation-dune-grotte-par-homo-sapiens;10 points;1ère EC Enseignement Scientifique | La matière;1 heure;https://www.labolycee.org/sites/default/files/2020-06/1EnsSci-2412a-Sujet-DatationGrotte.pdf;https://www.labolycee.org/sites/default/files/2022-10/1EnsSci-2412a-Correction-DatationGrotte.pdf
Différentes méthodes de datation au service de la géologie;https://labolycee.org/differentes-methodes-de-datation-au-service-de-la-geologie;10 points;1ère EC Enseignement Scientifique | La matière | La Terre;1 heure;https://www.labolycee.org/sites/default/files/2019-08/2020-1EnsSci-Sujet0-DatationGeologie-10pts.pdf;https://www.labolycee.org/sites/default/files/2019-12/2020-1EnsSci-Sujet0-DatationGeologie-Correction-10pts.pdf
Les structures microscopiques de la silice et du silicium;https://labolycee.org/les-structures-microscopiques-de-la-silice-et-du-silicium;10 points;1ère EC Enseignement Scientifique | La matière;1 heure;https://www.labolycee.org/sites/default/files/2020-06/1EnsSci-4041b-Sujet-CristauxSi.pdf;
Lor : exploitation et conséquences sanitaires;https://labolycee.org/lor-exploitation-et-consequences-sanitaires;10 points;1ère EC Enseignement Scientifique | La matière;1 heure;https://www.labolycee.org/sites/default/files/2020-06/1EnsSci-3174b-Sujet-CristauxOr.pdf;
Lumière cendrée de la Lune;https://labolycee.org/lumiere-cendree-de-la-lune;10 points;1ère EC Enseignement Scientifique | La Terre;1 heure;https://www.labolycee.org/sites/default/files/2020-05/1EnsSci-2393b-Sujet-LuneCendree.pdf;
La datation au 14C pour préserver la biodiversité;https://labolycee.org/la-datation-au-14c-pour-preserver-la-biodiversite;10 points;1ère EC Enseignement Scientifique | La matière;1 heure;https://www.labolycee.org/sites/default/files/2020-06/1EnsSci-4046b-Sujet-C14Elephant.pdf;
De la radiumthérapie à la curiethérapie;https://labolycee.org/de-la-radiumtherapie-la-curietherapie;10 points;1ère EC Enseignement Scientifique | La matière;1 heure;https://www.labolycee.org/sites/default/files/2026-01/1EnsSci-4047a-Sujet-Curietherapie.pdf;https://www.labolycee.org/sites/default/files/2026-01/1EnsSci-4047a-Correction-Curietherapie.pdf
Les minerais dargent et leur exploitation;https://labolycee.org/les-minerais-dargent-et-leur-exploitation;10 points;1ère EC Enseignement Scientifique | La matière;1 heure;https://www.labolycee.org/sites/default/files/2020-06/1EnsSci-2424b-Sujet-CristauxAg.pdf;https://www.labolycee.org/sites/default/files/2022-10/1EnsSci-2424b-Correction-CristauxAg.pdf
Les peintures et les gravures de la grotte Chauvet;https://labolycee.org/les-peintures-et-les-gravures-de-la-grotte-chauvet;10 points;1ère EC Enseignement Scientifique | La matière;1 heure;https://www.labolycee.org/sites/default/files/2020-05/1EnsSci-2398a-Sujet-DatationChauvet.pdf;
Géode de galène;https://labolycee.org/geode-de-galene;10 points;1ère EC Enseignement Scientifique | La matière;1 heure;https://www.labolycee.org/sites/default/files/2020-05/1EnsSci-2393a-Sujet-Geode.pdf;
Diamant et Kimberlite;https://labolycee.org/diamant-et-kimberlite;10 points;1ère EC Enseignement Scientifique | La matière;1 heure;https://www.labolycee.org/sites/default/files/2020-05/1EnsSci-2392a-Sujet-CristauxDiamant.pdf;
La datation des peintures rupestres de la grotte Chauvet;https://labolycee.org/la-datation-des-peintures-rupestres-de-la-grotte-chauvet;10 points;1ère EC Enseignement Scientifique | La matière;1 heure;https://www.labolycee.org/sites/default/files/2019-08/2020-1EnsSci-Sujet0-DatationChauvet-10pts.pdf;https://www.labolycee.org/sites/default/files/2019-12/2020-1EnsSci-Sujet0-DatationChauvet-Correction-10pts.pdf
Synthèse de la menthone à partir du menthol;https://labolycee.org/synthese-de-la-menthone-partir-du-menthol-0;10 points;1ère EC Spécialité Physique Chimie | Oxydoréduction | Quantité de matière | Spectroscopie IR | Synthèse organique;1 heure;https://www.labolycee.org/sites/default/files/2020-06/PC-GENE-123-SUJET-Chi-Exo1-Menthone-AvecCalc.pdf;https://www.labolycee.org/sites/default/files/2020-06/PC-GENE-123-CORRECTION-Chi-Exo1-Menthone-AvecCalc_0.pdf
Chauffage et eau chaude de la maison;https://labolycee.org/chauffage-et-eau-chaude-de-la-maison;10 points;1ère EC Spécialité Physique Chimie | Combustions | Électricité;1 heure;https://www.labolycee.org/sites/default/files/2020-05/PC-GENE-SUJET-110-Exo1-Phy-Chi-ChauffeEau.pdf;
Dosage spectrophotométrique dun additif alimentaire : le bleu patenté V;https://labolycee.org/dosage-spectrophotometrique-dun-additif-alimentaire-le-bleu-patente-v;10 points;1ère EC Spécialité Physique Chimie | Loi de Beer-Lambert | Photon | Python;1 heure;https://www.labolycee.org/sites/default/files/2020-06/PC-GENE-107-SUJET-Exo2-Phy-Chi-BeerBleuV-SpectroDEL.pdf;https://www.labolycee.org/sites/default/files/2020-07/PC-GENE-107-CORRECTION-Exo2-Phy-Chi-BeerBleuV-SpectroDEL.pdf
Exposition au soleil et protection;https://labolycee.org/exposition-au-soleil-et-protection;10 points;1ère EC Spécialité Physique Chimie | Loi de Beer-Lambert | Photon;1 heure;https://www.labolycee.org/sites/default/files/2020-07/PC-GENE-105-SUJET-Exo2-Phy-Chi-SoleilOzone.pdf;https://www.labolycee.org/sites/default/files/2020-07/PC-GENE-105-CORRECTION-Exo2-Phy-Chi-SoleilOzone.pdf
Ressources dénergie renouvelables;https://labolycee.org/ressources-denergie-renouvelables;10 points;1ère EC Spécialité Physique Chimie | Combustions | Énergie mécanique;1 heure;https://www.labolycee.org/sites/default/files/2020-07/PC-GENE-105-SUJET-Exo1-Phy-Chi-RenouvelableElHierro.pdf;https://www.labolycee.org/sites/default/files/2020-07/PC-GENE-105-CORRECTION-Exo1-Phy-Chi-RenouvelableElHierro.pdf
Vélo à assistance électrique;https://labolycee.org/velo-assistance-electrique;10 points;1ère EC Spécialité Physique Chimie | Énergie mécanique | Oxydoréduction | Quantité de matière | Spectroscopie IR;1 heure;https://www.labolycee.org/sites/default/files/2020-07/PC-GENE-104-SUJET-Exo1-Phy-Chi-VeloElectrique.pdf;https://www.labolycee.org/sites/default/files/2020-07/PC-GENE-104-CORRECTION-Exo1-Phy-Chi-VeloElectrique.pdf
Centrale électrique de lOuest Guyanais (CEOG);https://labolycee.org/centrale-electrique-de-louest-guyanais-ceog;10 points;1ère EC Spécialité Physique Chimie | Électricité | Oxydoréduction;1 heure;https://www.labolycee.org/sites/default/files/2020-06/PC-GENE-104-SUJET-Exo1-Phy-Chi-ElectrolyseH2Guyane_0.pdf;https://www.labolycee.org/sites/default/files/2020-06/PC-GENE-104-CORRECTION-Exo1-Phy-Chi-ElectrolyseH2Guyane_1.pdf
La fluorescence au service du diagnostic médical;https://labolycee.org/la-fluorescence-au-service-du-diagnostic-medical;10 points;1ère EC Spécialité Physique Chimie | Images et couleurs | Loi de Beer-Lambert | Photon;1 heure;https://www.labolycee.org/sites/default/files/2020-05/PC-GENE-SUJET-103-Exo2-PhyChi-FluoSpectroPhoto.pdf;
La fosse de plongée Nemo 33;https://labolycee.org/la-fosse-de-plongee-nemo-33;10 points;1ère EC Spécialité Physique Chimie | Fluide | Loi de Beer-Lambert | Oxydoréduction | Quantité de matière;1 heure;https://www.labolycee.org/sites/default/files/2021-04/PC-GENE-103-SUJET-Exo1-PhyChi-PlongeeNemoClO.pdf;https://www.labolycee.org/sites/default/files/2021-04/PC-GENE-103-CORRECTION-Exo1-PhyChi-PlongeeNemoClO.pdf
Les dangers des sons;https://labolycee.org/les-dangers-des-sons;10 points;1ère EC Enseignement Scientifique | Son et musique;1 heure;https://www.labolycee.org/sites/default/files/2020-06/1EnsSci-2430a-Sujet-DangerSon.pdf;
Perte auditive après un concert;https://labolycee.org/perte-auditive-apres-un-concert;10 points;1ère EC Enseignement Scientifique | Son et musique;1 heure;https://www.labolycee.org/sites/default/files/2020-06/1EnsSci-4046a-Sujet-AuditionConcert.pdf;
Beethoven et la musique;https://labolycee.org/beethoven-et-la-musique;10 points;1ère EC Enseignement Scientifique | Son et musique;1 heure;https://www.labolycee.org/sites/default/files/2020-06/1EnsSci-284a-Sujet-Beethoven.pdf;
Un décret qui fait grand bruit;https://labolycee.org/un-decret-qui-fait-grand-bruit;10 points;1ère EC Enseignement Scientifique | Son et musique;1 heure;https://www.labolycee.org/sites/default/files/2020-06/1EnsSci-2424a-Sujet-AuditionDecret.pdf;
Implant cochléaire;https://labolycee.org/implant-cochleaire;10 points;1ère EC Enseignement Scientifique | Son et musique;1 heure;https://www.labolycee.org/sites/default/files/2020-06/1EnsSci-2411a-Sujet-ImplantCochleaire.pdf;
Enregistrement de fichiers sonores;https://labolycee.org/enregistrement-de-fichiers-sonores;10 points;1ère EC Enseignement Scientifique | Son et musique;1 heure;https://www.labolycee.org/sites/default/files/2020-05/1EnsSci-2397b-Sujet-Enregistrement.pdf;
Gamme tempérée et gamme de Pythagore;https://labolycee.org/gamme-temperee-et-gamme-de-pythagore;10 points;1ère EC Enseignement Scientifique | Son et musique;1 heure;https://www.labolycee.org/sites/default/files/2020-05/1EnsSci-2396b-Sujet-Gammes-Temp-Pythagore.pdf;
Le son : de lanalogique au numérique;https://labolycee.org/le-son-de-lanalogique-au-numerique;10 points;1ère EC Enseignement Scientifique | Son et musique;1 heure;https://www.labolycee.org/sites/default/files/2020-05/1EnsSci-2395b-Sujet-SonAnaNum.pdf;
Gamme tempérée et guitare classique;https://labolycee.org/gamme-temperee-et-guitare-classique;10 points;1ère EC Enseignement Scientifique | Son et musique;1 heure;https://www.labolycee.org/sites/default/files/2020-05/1EnsSci-2392b-Sujet-GammeGuitare.pdf;
Des instruments, des notes et des gammes (version 2);https://labolycee.org/des-instruments-des-notes-et-des-gammes-version-2;10 points;1ère EC Enseignement Scientifique | Son et musique;1 heure;https://www.labolycee.org/sites/default/files/2019-08/2020-1EnsSci-Sujet0-IntruNotesGammes-v2-10pts.pdf;https://www.labolycee.org/sites/default/files/2019-12/2020-1EnsSci-Sujet0-IntruNotesGammes-v2-Correction-10pts.pdf
La Betadine®;https://labolycee.org/la-betadiner;10 points;1ère EC Spécialité Physique Chimie | Loi de Beer-Lambert | Oxydoréduction;1 heure;https://www.labolycee.org/sites/default/files/2020-05/PC-GENE-SUJET-061-Exo1-Chi-BetadineBeer.pdf;
La détection du tabagisme passif;https://labolycee.org/la-detection-du-tabagisme-passif;10 points;1ère EC Spécialité Physique Chimie | Loi de Beer-Lambert | Quantité de matière;1 heure;https://www.labolycee.org/sites/default/files/2021-01/PC-GENE-054-SUJET-Exo1-Chi-TabagismeSCN.pdf;https://www.labolycee.org/sites/default/files/2021-01/PC-GENE-054-CORRECTION-Exo1-Chi-TabagismeSCN.pdf
Le vert malachite;https://labolycee.org/le-vert-malachite;10 points;1ère EC Spécialité Physique Chimie | Loi de Beer-Lambert | Spectroscopie IR | Synthèse organique;1 heure;https://www.labolycee.org/sites/default/files/2020-05/PC-GENE-SUJET-042-Exo1-Chi-VertMalachiteBeer.pdf;
Des instruments, des notes et des gammes (version 1);https://labolycee.org/des-instruments-des-notes-et-des-gammes-version-1;10 points;1ère EC Enseignement Scientifique | Son et musique;1 heure;https://www.labolycee.org/sites/default/files/2019-08/2020-1EnsSci-Sujet0-IntruNotesGammes-10pts.pdf;https://www.labolycee.org/sites/default/files/2019-12/2020-1EnsSci-Sujet0-Correction-IntruNotesGammes-10pts.pdf
Entretien de leau dune piscine;https://labolycee.org/entretien-de-leau-dune-piscine;10 points;1ère EC Spécialité Physique Chimie | Loi de Beer-Lambert | Quantité de matière;1 heure;https://www.labolycee.org/sites/default/files/2020-05/PC-GENE-SUJET-041-Exo2-Chi-PiscineClBeer.pdf;
Recycler un médicament;https://labolycee.org/recycler-un-medicament;10 points;1ère EC Spécialité Physique Chimie | Loi de Beer-Lambert | Polarité | Solubilité;1 heure;https://www.labolycee.org/sites/default/files/2020-05/PC-GENE-SUJET-040-Exo1-Chi-RecycleBetadine.pdf;
Recyclage dune solution de bouillie bordelaise;https://labolycee.org/recyclage-dune-solution-de-bouillie-bordelaise;10 points;1ère EC Spécialité Physique Chimie | Loi de Beer-Lambert | Quantité de matière;1 heure;https://www.labolycee.org/sites/default/files/2020-06/PC-GENE-026-SUJET-Exo2-Chi-BouillieBordelaise-Beer.pdf;https://www.labolycee.org/sites/default/files/2020-06/PC-GENE-026-CORRECTION-Exo2-Chi-BouillieBordelaise-Beer.pdf
Le bleu de méthylène en médecine et en biologie;https://labolycee.org/le-bleu-de-methylene-en-medecine-et-en-biologie;10 points;1ère EC Spécialité Physique Chimie | Loi de Beer-Lambert | Oxydoréduction;1 heure;https://www.labolycee.org/sites/default/files/2020-06/PC-GENE-014-SUJET-Exo1-Chi-BleuMBeer.pdf;https://www.labolycee.org/sites/default/files/2020-06/PC-GENE-014-CORRECTION-Exo1-Chi-BleuMBeer_0.pdf
Goût et couleur du sirop de menthe;https://labolycee.org/gout-et-couleur-du-sirop-de-menthe;10 points;1ère EC Spécialité Physique Chimie | Loi de Beer-Lambert | Quantité de matière | Solubilité | Synthèse organique;1 heure;https://www.labolycee.org/sites/default/files/2020-05/PC-GENE-SUJET-003-Exo1-Chi-SiropMenthe.pdf;
Les ions ferreux essentiels pour le transport du dioxygène dans le sang;https://labolycee.org/les-ions-ferreux-essentiels-pour-le-transport-du-dioxygene-dans-le-sang;10 points;1ère EC Spécialité Physique Chimie | Loi de Beer-Lambert | Oxydoréduction | Python;1 heure;https://www.labolycee.org/sites/default/files/2019-08/1-PC-2020-Sujet0-FerSang-10pts.pdf;https://www.labolycee.org/sites/default/files/2019-12/1-PC-2020-Sujet0-Correction-FerSang-10pts_0.pdf
Bouquet final;https://labolycee.org/bouquet-final;10 points;1ère EC Spécialité Physique Chimie | Combustions | Énergie mécanique | Oxydoréduction | Photon | Quantité de matière;1 heure;https://www.labolycee.org/sites/default/files/2020-05/PC-GENE-SUJET-101-Exo1-Phy-Chi-Pyrotechnie.pdf;
Photographie argentique noir et blanc;https://labolycee.org/photographie-argentique-noir-et-blanc;10 points;1ère EC Spécialité Physique Chimie | Images et couleurs | Oxydoréduction | Quantité de matière;1 heure;https://www.labolycee.org/sites/default/files/2020-06/PC-GENE-100-SUJET-Exo2-Phy-Chi-PhotoArgentique.pdf;https://www.labolycee.org/sites/default/files/2020-06/PC-GENE-100-CORRECTION-Exo2-Phy-Chi-PhotoArgentique.pdf
Comparaison de deux appareils à fondue;https://labolycee.org/comparaison-de-deux-appareils-fondue;10 points;1ère EC Spécialité Physique Chimie | Combustions | Électricité | Quantité de matière;1 heure;https://www.labolycee.org/sites/default/files/2020-05/PC-GENE-SUJET-100-Exo1-Phy-Chi-AppareilsFondue.pdf;
Des esters qui flattent nos cellules olfactives;https://labolycee.org/des-esters-qui-flattent-nos-cellules-olfactives;10 points;1ère EC Spécialité Physique Chimie | Quantité de matière | Synthèse organique;1 heure;https://www.labolycee.org/sites/default/files/2020-06/PC-GENE-063-SUJET-Exo1-Chi-Ester.pdf;https://www.labolycee.org/sites/default/files/2020-07/PC-GENE-063-CORRECTION-Exo1-Chi-Ester.pdf
Allantoïne;https://labolycee.org/allantoine;10 points;1ère EC Spécialité Physique Chimie | Quantité de matière | Spectroscopie IR | Synthèse organique;1 heure;https://www.labolycee.org/sites/default/files/2020-06/PC-GENE-059-SUJET-Exo1-Chi-Allantoine.pdf;https://www.labolycee.org/sites/default/files/2020-07/PC-GENE-059-CORRECTION-Exo1-Chi-Allantoine.pdf
Hypochlorites et eaux de Javel;https://labolycee.org/hypochlorites-et-eaux-de-javel;10 points;1ère EC Spécialité Physique Chimie | Oxydoréduction | Quantité de matière | Titrage;1 heure;https://www.labolycee.org/sites/default/files/2020-06/PC-GENE-009-SUJET-Exo1-Chi-TitrageJavel_0.pdf;https://www.labolycee.org/sites/default/files/2020-06/PC-GENE-009-CORRECTION-Exo1-Chi-TitrageJavel_0.pdf
Synthèse et propriétés lavantes dun savon;https://labolycee.org/synthese-et-proprietes-lavantes-dun-savon;10 points;1ère EC Spécialité Physique Chimie | Polarité | Quantité de matière | Solubilité | Synthèse organique;1 heure;https://www.labolycee.org/sites/default/files/2020-05/PC-GENE-SUJET-008-Exo1-Chi-Savons.pdf;
Dihydrogène et ballons dirigeables;https://labolycee.org/dihydrogene-et-ballons-dirigeables;10 points;1ère EC Spécialité Physique Chimie | Combustions | Oxydoréduction | Quantité de matière;1 heure;https://www.labolycee.org/sites/default/files/2020-05/PC-GENE-SUJET-006-Exo2-Chi-H2Ballon.pdf;
Réalisation dune végétation métallique;https://labolycee.org/realisation-dune-vegetation-metallique;10 points;1ère EC Spécialité Physique Chimie | Oxydoréduction | Python | Quantité de matière;1 heure;https://www.labolycee.org/sites/default/files/2020-05/PC-GENE-SUJET-004-Exo2-Chi-ArbreDiane.pdf;
Synthèse de la menthone à partir du menthol;https://labolycee.org/synthese-de-la-menthone-partir-du-menthol;10 points;1ère EC Spécialité Physique Chimie | Oxydoréduction | Quantité de matière | Spectroscopie IR | Synthèse organique;1 heure;https://www.labolycee.org/sites/default/files/2020-06/PC-GENE-001-SUJET-Chi-Exo1-Menthone-SSCalc_0.pdf;https://www.labolycee.org/sites/default/files/2020-06/PC-GENE-001-CORRECTION-Chi-Exo1-Menthone-SSCalc.pdf
Jeux et physique-chimie;https://labolycee.org/jeux-et-physique-chimie;10 points;1ère EC Spécialité Physique Chimie | Énergie mécanique | Oxydoréduction | Quantité de matière;1 heure;https://www.labolycee.org/sites/default/files/2020-03/1-PC-Sujet0-Jeux-10pts.pdf;https://www.labolycee.org/sites/default/files/2020-03/1-PC-Sujet0-Jeux-10pts-Correction.pdf
Teneur en fer dun produit phytosanitaire;https://labolycee.org/teneur-en-fer-dun-produit-phytosanitaire;10 points;1ère EC Spécialité Physique Chimie | Oxydoréduction | Titrage;1 heure;https://www.labolycee.org/sites/default/files/2020-05/PC-GENE-SUJET-062-Exo1-Chi-FePhytoTitrage.pdf;
Valorisation de la biomasse;https://labolycee.org/valorisation-de-la-biomasse;10 points;1ère EC Spécialité Physique Chimie | Combustions | Oxydoréduction | Python;1 heure;https://www.labolycee.org/sites/default/files/2020-05/PC-GENE-SUJET-033-Exo1-Chi-Biomasse.pdf;
Un antiseptique : leau oxygénée;https://labolycee.org/un-antiseptique-leau-oxygenee;10 points;1ère EC Spécialité Physique Chimie | Oxydoréduction | Titrage;1 heure;https://www.labolycee.org/sites/default/files/2020-05/PC-GENE-SUJET-025-Exo1-Chi-H2O2.pdf;
La pollution par le dioxyde de soufre;https://labolycee.org/la-pollution-par-le-dioxyde-de-soufre;10 points;1ère EC Spécialité Physique Chimie | Oxydoréduction | Titrage;1 heure;https://www.labolycee.org/sites/default/files/2020-06/PC-GENE-007-SUJET-Exo1-Chi-TitrageSO2.pdf;https://www.labolycee.org/sites/default/files/2020-06/PC-GENE-007-CORRECTION-Exo1-Chi-TitrageSO2.pdf
Détermination du degré alcoolique dun vin dépines;https://labolycee.org/determination-du-degre-alcoolique-dun-vin-depines;10 points;1ère EC Spécialité Physique Chimie | Oxydoréduction | Polarité | Spectroscopie IR | Titrage;1 heure;https://www.labolycee.org/sites/default/files/2020-06/PC-GENE-005-SUJET-Exo2-Chi-DegreAlcoolique.pdf;https://www.labolycee.org/sites/default/files/2020-06/PC-GENE-005-CORRECTION-Exo2-Chi-DegreAlcoolique.docx
Synthon dun antihypertenseur;https://labolycee.org/synthon-dun-antihypertenseur;10 points;1ère EC Spécialité Physique Chimie | Polarité | Solubilité | Synthèse organique;1 heure;https://www.labolycee.org/sites/default/files/2020-05/PC-GENE-SUJET-043-Exo2-Chi-Hypertension.pdf;
Les hydrogels Haraguchi;https://labolycee.org/les-hydrogels-haraguchi;10 points;1ère EC Spécialité Physique Chimie | Interactions fondamentales | Polarité;1 heure;https://www.labolycee.org/sites/default/files/2021-04/PC-GENE-017-SUJET-Exo2-Chi-Hydrogels.pdf;https://www.labolycee.org/sites/default/files/2021-04/PC-GENE-017-CORRECTION-Exo2-Chi-Hydrogels.pdf
Une odeur de soufre dans lair;https://labolycee.org/une-odeur-de-soufre-dans-lair;10 points;1ère EC Spécialité Physique Chimie | Combustions | Polarité | Solubilité | Spectroscopie IR;1 heure;https://www.labolycee.org/sites/default/files/2020-05/PC-GENE-SUJET-016-Exo1-Chi-Sargasse.pdf;
Synthèse dun ester et convoyage de médicaments;https://labolycee.org/synthese-dun-ester-et-convoyage-de-medicaments;10 points;1ère EC Spécialité Physique Chimie | Solubilité | Synthèse organique | Théorème de l’énergie cinétique;1 heure;https://www.labolycee.org/sites/default/files/2020-05/PC-GENE-SUJET-102-Exo2-Phy-Chi-EsterChuteBoite.pdf;
Qui peut griller une tranche de pain en pédalant ?;https://labolycee.org/qui-peut-griller-une-tranche-de-pain-en-pedalant;10 points;1ère EC Spécialité Physique Chimie | Combustions | Électricité | Spectroscopie IR;1 heure;https://www.labolycee.org/sites/default/files/2020-07/PC-GENE-102-SUJET-Exo1-Phy-Chi-VeloGrillePain.pdf;https://www.labolycee.org/sites/default/files/2020-07/PC-GENE-102-CORRECTION-Exo1-Phy-Chi-VeloGrillePain.pdf
Le 2,5-diméthylfurane : un carburant davenir;https://labolycee.org/le-25-dimethylfurane-un-carburant-davenir;10 points;1ère EC Spécialité Physique Chimie | Combustions | Spectroscopie IR | Synthèse organique;1 heure;https://www.labolycee.org/sites/default/files/2019-08/1-PC-Sujet0-Agrocarburants-10pts.pdf;https://www.labolycee.org/sites/default/files/2020-03/1-PC-Sujet0-Correction-Agrocarburants-10pts.pdf
Engager la transition vers une mobilité plus propre;https://labolycee.org/engager-la-transition-vers-une-mobilite-plus-propre;10 points;1ère EC Spécialité Physique Chimie | Combustions | Synthèse organique;1 heure;https://www.labolycee.org/sites/default/files/2020-05/PC-GENE-SUJET-023-Exo2-Chi-Biocarburants.pdf;
Synthèse du camphre au service du sportif;https://labolycee.org/synthese-du-camphre-au-service-du-sportif;10 points;1ère EC Spécialité Physique Chimie | Spectroscopie IR | Synthèse organique;1 heure;https://www.labolycee.org/sites/default/files/2020-05/PC-GENE-SUJET-036-Exo2-Chi-CamphreTigre.pdf;
Protection solaire;https://labolycee.org/protection-solaire;10 points;1ère EC Spécialité Physique Chimie | Images et couleurs | Synthèse organique;1 heure;https://www.labolycee.org/sites/default/files/2020-05/PC-GENE-SUJET-002-Exo2-Chi-ProtectionSolaire.pdf;
Plongée en eau douce;https://labolycee.org/plongee-en-eau-douce;10 points;1ère EC Spécialité Physique Chimie | Fluide | Interactions fondamentales;1 heure;https://www.labolycee.org/sites/default/files/2020-05/PC-GENE-SUJET-038-Exo1-Phy-PlongeeChpE.pdf;
Choix dun moyen de transport;https://labolycee.org/choix-dun-moyen-de-transport;10 points;1ère EC Spécialité Physique Chimie | Combustions;1 heure;https://www.labolycee.org/sites/default/files/2020-05/PC-GENE-SUJET-060-Exo1-Chi-Transport.pdf;
Cloche de plongée;https://labolycee.org/cloche-de-plongee;10 points;1ère EC Spécialité Physique Chimie | Fluide | Python;1 heure;https://www.labolycee.org/sites/default/files/2020-05/PC-GENE-SUJET-041-Exo1-Phy-PlongeeCloche.pdf;
Ballon-sonde;https://labolycee.org/ballon-sonde;10 points;1ère EC Spécialité Physique Chimie | Fluide | Photon | Vecteur variation de vitesse;1 heure;https://www.labolycee.org/sites/default/files/2020-06/PC-GENE-026-SUJET-Exo1-Phy-BallonSonde.pdf;https://www.labolycee.org/sites/default/files/2020-06/PC-GENE-026-CORRECTION-Exo1-Phy-BallonSonde_0.pdf
Lexpédition GOMBESSA 5 : planète Méditerranée;https://labolycee.org/lexpedition-gombessa-5-planete-mediterranee;10 points;1ère EC Spécialité Physique Chimie | Fluide | Ondes mécaniques;1 heure;https://www.labolycee.org/sites/default/files/2020-05/PC-GENE-SUJET-018-Exo1-Phy-Plongee-Gombessa.pdf;
Étude dune centrale hydroélectrique;https://labolycee.org/etude-dune-centrale-hydroelectrique;10 points;1ère EC Spécialité Physique Chimie | Électricité | Énergie mécanique | Fluide;1 heure;https://www.labolycee.org/sites/default/files/2020-10/PC-GENE-SUJET-016-Exo2-Phy-Hydroelectricite.pdf;https://www.labolycee.org/sites/default/files/2020-11/PC-GENE-016-CORRECTION-Exo2-Phy-Hydroelectricite.pdf
Étude dune structure en béton : de la pose à lanalyse;https://labolycee.org/etude-dune-structure-en-beton-de-la-pose-lanalyse;10 points;1ère EC Spécialité Physique Chimie | Fluide | Ondes mécaniques | Photon;1 heure;https://www.labolycee.org/sites/default/files/2020-05/PC-GENE-SUJET-006-Exo1-Phy-PressionBeton.pdf;
La plongée sous-marine en fosse;https://labolycee.org/la-plongee-sous-marine-en-fosse;10 points;1ère EC Spécialité Physique Chimie | Fluide;1 heure;https://www.labolycee.org/sites/default/files/2020-05/PC-GENE-SUJET-004-Exo1-Phy-Plongee.pdf;
Un ballon pour les compétitions internationales de football;https://labolycee.org/un-ballon-pour-les-competitions-internationales-de-football;10 points;1ère EC Spécialité Physique Chimie | Fluide | Python;1 heure;https://www.labolycee.org/sites/default/files/2020-05/PC-GENE-SUJET-002-Exo1-Phy-Ballon-Mariotte.pdf;
Étude dune montagne russe;https://labolycee.org/etude-dune-montagne-russe;10 points;1ère EC Spécialité Physique Chimie | Énergie mécanique | Python | Théorème de l’énergie cinétique | Vecteur variation de vitesse;1 heure;https://www.labolycee.org/sites/default/files/2020-06/PC-GENE-021-SUJET-Exo1-Phy-MontagnesRusses.pdf;https://www.labolycee.org/sites/default/files/2020-06/PC-GENE-021-CORRECTION-Exo1-Phy-MontagnesRusses.pdf
Les comprimés de permanganate de potassium sont-ils périmés ?;https://labolycee.org/les-comprimes-de-permanganate-de-potassium-sont-ils-perimes;10 points;1ère EC Spécialité Physique Chimie | Électricité | Images et couleurs;1 heure;https://www.labolycee.org/sites/default/files/2020-06/PC-GENE-SUJET-101-Exo2-Phy-Chi-SpectroKMnO4.pdf;
Aspects énergétiques des phénomènes électriques;https://labolycee.org/aspects-energetiques-des-phenomenes-electriques;10 points;1ère EC Spécialité Physique Chimie | Électricité | Python;1 heure;https://www.labolycee.org/sites/default/files/2020-05/PC-GENE-SUJET-051-Exo2-Phy-Electromenager.pdf;
Une éolienne à la maison;https://labolycee.org/une-eolienne-la-maison;10 points;1ère EC Spécialité Physique Chimie | Électricité | Python;1 heure;https://www.labolycee.org/sites/default/files/2020-05/PC-GENE-SUJET-043-Exo1-Phy-Eolienne-Pile.pdf;
Photopile et développement durable;https://labolycee.org/photopile-et-developpement-durable;10 points;1ère EC Spécialité Physique Chimie | Électricité;1 heure;https://www.labolycee.org/sites/default/files/2020-05/PC-GENE-SUJET-037-Exo2-Phy-Photopile.pdf;
Le Train à grande vitesse, construire un record;https://labolycee.org/le-train-grande-vitesse-construire-un-record;10 points;1ère EC Spécialité Physique Chimie | Électricité | Ondes mécaniques;1 heure;https://www.labolycee.org/sites/default/files/2020-05/PC-GENE-SUJET-036-Exo1-Phy-TGV-Onde.pdf;
Solar Impulse 2, lavion solaire;https://labolycee.org/solar-impulse-2-lavion-solaire;10 points;1ère EC Spécialité Physique Chimie | Électricité | Photon;1 heure;https://www.labolycee.org/sites/default/files/2020-05/PC-GENE-SUJET-003-Exo2-Phy-SolarImpulse.pdf;
Étude dun véhicule électrique;https://labolycee.org/etude-dun-vehicule-electrique;10 points;1ère EC Spécialité Physique Chimie | Électricité | Énergie mécanique | Python;1 heure;https://www.labolycee.org/sites/default/files/2019-08/1-PC-2020-Sujet0-VehiculeElectrique-10pts.pdf;
Lexploit dAlan Eustace;https://labolycee.org/lexploit-dalan-eustace;10 points;1ère EC Spécialité Physique Chimie | Énergie mécanique | Python | Théorème de l’énergie cinétique;1 heure;https://www.labolycee.org/sites/default/files/2020-06/PC-GENE-044-SUJET-Exo1-Phy-SautAlan.pdf;https://www.labolycee.org/sites/default/files/2021-04/PC-GENE-044-CORRECTION-Exo1-Phy-SautAlan.pdf
Aspects énergétiques des phénomènes mécaniques : Le ski de vitesse;https://labolycee.org/aspects-energetiques-des-phenomenes-mecaniques-le-ski-de-vitesse;10 points;1ère EC Spécialité Physique Chimie | Énergie mécanique | Python | Théorème de l’énergie cinétique;1 heure;https://www.labolycee.org/sites/default/files/2022-04/PC-GENE-007-SUJET-Exo2-Phy-KLEnergies.pdf;https://www.labolycee.org/sites/default/files/2022-04/PC-GENE-007-CORRECTION-Exo2-Phy-KLEnergies.pdf
Un modèle pour la balle de tennis pendant le service;https://labolycee.org/un-modele-pour-la-balle-de-tennis-pendant-le-service;10 points;1ère EC Spécialité Physique Chimie | Énergie mécanique | Théorème de l’énergie cinétique;1 heure;https://www.labolycee.org/sites/default/files/2020-05/PC-GENE-SUJET-005-Exo1-Phy-Tennis.pdf;
Un drone pour ausculter la couverture végétale;https://labolycee.org/un-drone-pour-ausculter-la-couverture-vegetale-0;10 points;1ère EC Spécialité Physique Chimie | Énergie mécanique | Images et couleurs | Photon | Python;1 heure;https://www.labolycee.org/sites/default/files/2020-05/PC-GENE-SUJET-045-Exo2-Phy-DroneAvecCalc.pdf;
Performances dun cycliste;https://labolycee.org/performances-dun-cycliste;10 points;1ère EC Spécialité Physique Chimie | Énergie mécanique | Python;1 heure;https://www.labolycee.org/sites/default/files/2020-05/PC-GENE-SUJET-040-Exo2-Phy-Cyclisme.pdf;
Une onde un peu particulière,  londe  cobra;https://labolycee.org/une-onde-un-peu-particuliere-londe-cobra;10 points;1ère EC Spécialité Physique Chimie | Énergie mécanique | Ondes mécaniques;1 heure;https://www.labolycee.org/sites/default/files/2020-06/PC-GENE-SUJET-028-Exo1-Phy-OndeCobra.pdf;
Le jet deau de Genève;https://labolycee.org/le-jet-deau-de-geneve;10 points;1ère EC Spécialité Physique Chimie | Énergie mécanique | Python;1 heure;https://www.labolycee.org/sites/default/files/2020-05/PC-GENE-SUJET-010-Exo1-Phy-JetGeneve.pdf;
Un drone pour ausculter la couverture végétale;https://labolycee.org/un-drone-pour-ausculter-la-couverture-vegetale;10 points;1ère EC Spécialité Physique Chimie | Énergie mécanique | Images et couleurs | Photon | Python;1 heure;https://www.labolycee.org/sites/default/files/2020-05/PC-GENE-SUJET-001-Phy-Exo2-Drone-SSCalc.pdf;
Le littoral sous surveillance;https://labolycee.org/le-littoral-sous-surveillance;10 points;1ère EC Spécialité Physique Chimie | Ondes mécaniques | Photon;1 heure;https://www.labolycee.org/sites/default/files/2020-05/PC-GENE-SUJET-039-Exo2-Phy-Littoral-LIDAR.pdf;
Séisme : comment localiser son épicentre ?;https://labolycee.org/seisme-comment-localiser-son-epicentre;10 points;1ère EC Spécialité Physique Chimie | Ondes mécaniques | Python;1 heure;https://www.labolycee.org/sites/default/files/2020-06/PC-GENE-025-SUJET-Exo2-Phy-Epicentre.pdf;https://www.labolycee.org/sites/default/files/2020-06/PC-GENE-025-CORRECTION-Exo2-Phy-Epicentre_0.pdf
Les ondes mécaniques;https://labolycee.org/les-ondes-mecaniques;10 points;1ère EC Spécialité Physique Chimie | Ondes mécaniques;1 heure;https://www.labolycee.org/sites/default/files/2020-05/PC-GENE-SUJET-015-Exo1-Phy-OndesVaguesTsunamis.pdf;
La correction de lhypermétropie;https://labolycee.org/la-correction-de-lhypermetropie;10 points;1ère EC Spécialité Physique Chimie | Images et couleurs | Ondes mécaniques;1 heure;https://www.labolycee.org/sites/default/files/2019-08/1-PC-2020-Sujet0-Hypermetropie-10pts.pdf;https://www.labolycee.org/sites/default/files/2019-12/1-PC-2020-Sujet0-Correction-Hypermetropie-10pts.pdf
La photographie;https://labolycee.org/la-photographie;10 points;1ère EC Spécialité Physique Chimie | Images et couleurs;1 heure;https://www.labolycee.org/sites/default/files/2020-05/PC-GENE-SUJET-042-Exo2-Phy-Photo.pdf;
Photographie à laide dune lentille boule;https://labolycee.org/photographie-laide-dune-lentille-boule;10 points;1ère EC Spécialité Physique Chimie | Images et couleurs;1 heure;https://www.labolycee.org/sites/default/files/2020-05/PC-GENE-SUJET-027-Exo1-Phy-LentilleBoule.pdf;
Lotoscope;https://labolycee.org/lotoscope;10 points;1ère EC Spécialité Physique Chimie | Images et couleurs;1 heure;https://www.labolycee.org/sites/default/files/2020-11/PC-GENE-014-SUJET-Exo2-Phy-Otoscope_0.pdf;https://www.labolycee.org/sites/default/files/2020-06/PC-GENE-014-CORRECTION-Exo2-Phy-Otoscope.pdf
Smartphone et photographie;https://labolycee.org/smartphone-et-photographie;10 points;1ère EC Spécialité Physique Chimie | Images et couleurs;1 heure;https://www.labolycee.org/sites/default/files/2020-05/PC-GENE-SUJET-008-Exo2-Phy-OptiqueSmartphone.pdf;
Le superamas Laniakea;https://labolycee.org/le-superamas-laniakea;10 points;1ère EC Spécialité Physique Chimie | Photon;1 heure;https://www.labolycee.org/sites/default/files/2020-06/PC-GENE-009-SUJET-Exo2-Phy-Photon.pdf;https://www.labolycee.org/sites/default/files/2021-02/PC-GENE-009-CORRECTION-Exo2-Phy-Photon.pdf
Lorigine de la diminution des températures globales sur la période 1945-1975;https://labolycee.org/lorigine-de-la-diminution-des-temperatures-globales-sur-la-periode-1945-1975;10 points;Tale EC Enseignement Scientifique | Le climat;1 heure;https://www.labolycee.org/sites/default/files/2021-04/GTCENSC05489-Exo2-Sujet-AerosolsTemperature.pdf;
Le protoxyde dazote et le réchauffement climatique;https://labolycee.org/le-protoxyde-dazote-et-le-rechauffement-climatique;10 points;Tale EC Enseignement Scientifique | Le climat;1 heure;https://www.labolycee.org/sites/default/files/2021-04/GTCENSC05483-Exo2-ProtoxydeAzote.pdf;
Latmosphère terrestre et la vie;https://labolycee.org/latmosphere-terrestre-et-la-vie;10 points;Tale EC Enseignement Scientifique | Le climat;1 heure;https://www.labolycee.org/sites/default/files/2021-04/GTCENSC05481-Exo2-Sujet-AtmosphereTerrestreVie.pdf;
Effondrement des montagnes, biodiversité et climat;https://labolycee.org/effondrement-des-montagnes-biodiversite-et-climat;10 points;Tale EC Enseignement Scientifique | Le climat;1 heure;https://www.labolycee.org/sites/default/files/2021-04/GTCENSC05478-Exo1-Sujet-EffondrementMontagne.pdf;
Une élévation inquiétante du niveau des océans;https://labolycee.org/une-elevation-inquietante-du-niveau-des-oceans;10 points;Tale EC Enseignement Scientifique | Le climat;1 heure;https://www.labolycee.org/sites/default/files/2021-04/GTCENSC05477-Exo1-Sujet-ElevationOceans.pdf;
Forçage radiatif et conséquences;https://labolycee.org/forcage-radiatif-et-consequences;10 points;Tale EC Enseignement Scientifique | Le climat;1 heure;https://www.labolycee.org/sites/default/files/2021-04/GTCENSC05476-Exo2-Sujet-ForcageRadiatif.pdf;
Réchauffement climatique et pêche au carrelet;https://labolycee.org/rechauffement-climatique-et-peche-au-carrelet;10 points;Tale EC Enseignement Scientifique | Le climat;1 heure;https://www.labolycee.org/sites/default/files/2021-04/GTCENSC05472-Exo2-Sujet-Rechauffement%20Carrelet.pdf;
Lempreinte carbone des appareils électroménagers;https://labolycee.org/lempreinte-carbone-des-appareils-electromenagers;10 points;Tale EC Enseignement Scientifique | Le climat;1 heure;https://www.labolycee.org/sites/default/files/2021-04/GTCENSC05469-Exo1-Sujet-EmpreinteCarbone.pdf;
Inégalités des émissions de CO2 au niveau mondial et vulnérabilité au changement climatique;https://labolycee.org/inegalites-des-emissions-de-co2-au-niveau-mondial-et-vulnerabilite-au-changement-climatique;10 points;Tale EC Enseignement Scientifique | Le climat;1 heure;https://www.labolycee.org/sites/default/files/2021-04/GTCENSC05468-Exo1-Sujet-InegalitesCO2.pdf;
Lhistoire du dioxygène terrestre;https://labolycee.org/lhistoire-du-dioxygene-terrestre;10 points;Tale EC Enseignement Scientifique | Le climat;1 heure;https://www.labolycee.org/sites/default/files/2021-04/GTCENSC05465-Exo1-Sujet-O2Terrestre.pdf;
Confinement et atmosphère;https://labolycee.org/confinement-et-atmosphere;10 points;Tale EC Enseignement Scientifique | Futur des énergies | Le climat;1 heure;https://www.labolycee.org/sites/default/files/2021-04/GTCENSC05498-Exo2-Sujet-ConfinementAtmosphere.pdf;https://www.labolycee.org/sites/default/files/2021-04/GTCENSC05498-Exo2-Correction-ConfinementAtmosphere.pdf
Les impacts de la combustion sur lenvironnement et la santé;https://labolycee.org/les-impacts-de-la-combustion-sur-lenvironnement-et-la-sante;10 points;Tale EC Enseignement Scientifique | Futur des énergies | Le climat;1 heure;https://www.labolycee.org/sites/default/files/2021-04/GTCENSC05486-Exo2-Sujet-CombustionSante.pdf;https://www.labolycee.org/sites/default/files/2021-04/GTCENSC05486-Exo2-Correction-CombustionSante.pdf
Lémission de gaz à effet de serre en France;https://labolycee.org/lemission-de-gaz-effet-de-serre-en-france;10 points;Tale EC Enseignement Scientifique | Le climat;1 heure;https://www.labolycee.org/sites/default/files/2021-04/GTCENSC05485-Exo1-Sujet-GESFrance.pdf;https://www.labolycee.org/sites/default/files/2021-04/GTCENSC05485-Exo1-Correction-GESFrance.pdf
Autotest de dépistage du VIH;https://labolycee.org/autotest-de-depistage-du-vih;10 points;Tale EC Enseignement Scientifique | Histoire du vivant;1 heure;https://www.labolycee.org/sites/default/files/2021-04/GTCENSC05487-Exo2-Sujet-AutotestVIH.pdf;
Notre parent, le  Hobbit …;https://labolycee.org/notre-parent-le-hobbit;10 points;Tale EC Enseignement Scientifique | Histoire du vivant;1 heure;https://www.labolycee.org/sites/default/files/2021-04/GTCENSC05482-Exo1-Sujet-ParentHobbit.pdf;
Le parc de Yellowstone: un laboratoire grandeur nature pour létude des populations;https://labolycee.org/le-parc-de-yellowstone-un-laboratoire-grandeur-nature-pour-letude-des-populations;10 points;Tale EC Enseignement Scientifique | Histoire du vivant;1 heure;https://www.labolycee.org/sites/default/files/2021-04/GTCENSC05499-Exo1-Sujet-YellowStone.pdf;
Photosynthèse et transition écologique;https://labolycee.org/photosynthese-et-transition-ecologique;10 points;Tale EC Enseignement Scientifique | Futur des énergies;1 heure;https://www.labolycee.org/sites/default/files/2021-04/GTCENSC05491-Exo2-Sujet-PhotosyntheseTransitionEcolo.pdf;
Lévolution humaine;https://labolycee.org/levolution-humaine;10 points;Tale EC Enseignement Scientifique | Histoire du vivant;1 heure;https://www.labolycee.org/sites/default/files/2021-04/GTCENSC05480-Exo1-Sujet-EvolutionHumaine.pdf;
Les éoliennes et les chauves-souris;https://labolycee.org/les-eoliennes-et-les-chauves-souris;10 points;Tale EC Enseignement Scientifique | Futur des énergies | Histoire du vivant;1 heure;https://www.labolycee.org/sites/default/files/2021-04/GTCENSC05480-Exo2-Sujet-Eolienne-ChauvesSouris.pdf;
Le crapaud sonneur à ventre jaune;https://labolycee.org/le-crapaud-sonneur-ventre-jaune;10 points;Tale EC Enseignement Scientifique | Histoire du vivant;1 heure;https://www.labolycee.org/sites/default/files/2021-04/GTCENSC05478-Exo2-Sujet-CrapaudVentreJaune.pdf;
Des sphères géantes immergées sous leau;https://labolycee.org/des-spheres-geantes-immergees-sous-leau;10 points;Tale EC Enseignement Scientifique | Futur des énergies;1 heure;https://www.labolycee.org/sites/default/files/2021-04/GTCENSC05477-Exo2-Sujet-SpheresGeantes.pdf;
Étude démographique de la population en Afrique du Sud;https://labolycee.org/etude-demographique-de-la-population-en-afrique-du-sud;10 points;Tale EC Enseignement Scientifique | Histoire du vivant;1 heure;https://www.labolycee.org/sites/default/files/2021-04/GTCENSC05479-Exo2-Sujet-PopulationAfSud.pdf;
La dengue, une maladie transmise par les moustiques;https://labolycee.org/la-dengue-une-maladie-transmise-par-les-moustiques;10 points;Tale EC Enseignement Scientifique | Histoire du vivant;1 heure;https://www.labolycee.org/sites/default/files/2021-04/GTCENSC05475-Exo2-Sujet-Dengue.pdf;
Des moustiques résistants aux insecticides;https://labolycee.org/des-moustiques-resistants-aux-insecticides;10 points;Tale EC Enseignement Scientifique | Histoire du vivant;1 heure;https://www.labolycee.org/sites/default/files/2021-04/GTCENSC05474-Exo2-Sujet-MoustiquesResistants.pdf;
La solution hydrogène;https://labolycee.org/la-solution-hydrogene;10 points;Tale EC Enseignement Scientifique | Futur des énergies;1 heure;https://www.labolycee.org/sites/default/files/2021-04/GTCENSC05474-Exo1-Sujet-SolutionHydrogene.pdf;
La lutte contre un ravageur des cultures;https://labolycee.org/la-lutte-contre-un-ravageur-des-cultures;10 points;Tale EC Enseignement Scientifique | Histoire du vivant;1 heure;https://www.labolycee.org/sites/default/files/2021-04/GTCENSC05471-Exo1-Sujet-RavageurCultures.pdf;
Population de la France métropolitaine de 1946 à 2050;https://labolycee.org/population-de-la-france-metropolitaine-de-1946-2050;10 points;Tale EC Enseignement Scientifique | Histoire du vivant;1 heure;https://www.labolycee.org/sites/default/files/2021-04/GTCENSC05472-Exo1-Sujet-PopulationFrance.pdf;
Lagrivoltaisme;https://labolycee.org/lagrivoltaisme;10 points;Tale EC Enseignement Scientifique | Futur des énergies;1 heure;https://www.labolycee.org/sites/default/files/2021-04/GTCENSC05471-Exo2-Sujet-Agrivoltaisme.pdf;
Capteur photovoltaïque;https://labolycee.org/capteur-photovoltaique;10 points;Tale EC Enseignement Scientifique | Futur des énergies;1 heure;https://www.labolycee.org/sites/default/files/2021-04/GTCENSC05470-Exo1-Sujet-CapteurPhotovoltaique.pdf;
Eolienne, un choix davenir ?;https://labolycee.org/eolienne-un-choix-davenir;10 points;Tale EC Enseignement Scientifique | Futur des énergies;1 heure;https://www.labolycee.org/sites/default/files/2021-04/GTCENSC05469-Exo2-Sujet-Eolienne.pdf;
Minimisation des pertes par effet Joule;https://labolycee.org/minimisation-des-pertes-par-effet-joule;10 points;Tale EC Enseignement Scientifique | Futur des énergies;1 heure;https://www.labolycee.org/sites/default/files/2021-04/GTCENSC05493-Exo1-Sujet-MinimisationPertesEffetJoule.pdf;https://www.labolycee.org/sites/default/files/2021-04/GTCENSC05493-Exo1-Correction-MinimisationPertesEffetJoule.pdf
Transporter de lénergie coûte de lénergie !;https://labolycee.org/transporter-de-lenergie-coute-de-lenergie;10 points;Tale EC Enseignement Scientifique | Futur des énergies;1 heure;https://www.labolycee.org/sites/default/files/2021-04/GTCENSC05488-Exo2-Sujet-TransporterE.pdf;https://www.labolycee.org/sites/default/files/2021-04/GTCENSC05488-Exo2-Correction-TransporterE.pdf
Invasion de sangliers à Fontainebleau;https://labolycee.org/invasion-de-sangliers-fontainebleau;10 points;Tale EC Enseignement Scientifique | Histoire du vivant;1 heure;https://www.labolycee.org/sites/default/files/2021-04/GTCENSC05468-Exo2-Sujet-Sangliers.pdf;
Les conséquences de la géographie naturelle de lîle de Bornéo et de la déforestation sur les populations dorangs-outans;https://labolycee.org/les-consequences-de-la-geographie-naturelle-de-lile-de-borneo-et-de-la-deforestation-sur-les;10 points;Tale EC Enseignement Scientifique | Histoire du vivant;1 heure;https://www.labolycee.org/sites/default/files/2021-04/GTCENSC05466-Exo2-Sujet-OrangOutans.pdf;
Un service de streaming musical;https://labolycee.org/un-service-de-streaming-musical;10 points;Tale EC Enseignement Scientifique | Histoire du vivant;1 heure;https://www.labolycee.org/sites/default/files/2021-04/GTCENSC05465-Exo2-Sujet-StreamingMusical.pdf;https://www.labolycee.org/sites/default/files/2023-10/1EnsSci-04GTCENSC05465-Exo2-Correction-StreamingMusical.pdf
Lacide azélaïque dans les cosmétiques;https://labolycee.org/lacide-azelaique-dans-les-cosmetiques;5 points;Tale Spécialité Physique Chimie | Acide-Base | Titrage pH-métrique;53 minutes;https://www.labolycee.org/sites/default/files/2026-06/2026-CentresEtrangers1-J2-Exo2-Sujet-AzelaiqueCosmetiques-5pts.pdf;https://www.labolycee.org/sites/default/files/2026-06/2026-CentresEtrangers1-J2-Exo2-Correction-AzelaiqueCosmetiques-5pts.pdf
Acidité des sols;https://labolycee.org/acidite-des-sols;9 points;Tale Spécialité Physique Chimie | Acide-Base;1 heure 35 minutes;https://www.labolycee.org/sites/default/files/2026-06/2026-Asie-J1-Exo1-Sujet-AciditeSol-9ts.pdf;https://www.labolycee.org/sites/default/files/2026-06/2026-Asie-J1-Exo1-Correction-AciditeSol-9ts.pdf
étude dun produit ménager fait maison;https://labolycee.org/etude-dun-produit-menager-fait-maison;5 points;Tale Spécialité Physique Chimie | Acide-Base;53 minutes;https://www.labolycee.org/sites/default/files/2026-06/2025-Polynesie-J2-Exo2-Sujet-Vinaigre-5pts.pdf;
La lessive de cendre;https://labolycee.org/la-lessive-de-cendre;4 points;Tale Spécialité Physique Chimie | Acide-Base | Titrage pH-métrique;42 minutes;https://www.labolycee.org/sites/default/files/2026-05/2026-AmNord-J2-Exo3-Sujet-LessiveCendre-4pts.pdf;https://www.labolycee.org/sites/default/files/2026-05/2026-AmNord-J2-Exo3-Correction-LessiveCendre-4pts.pdf
Valorisation du dioxyde de carbone dans les cimenteries;https://labolycee.org/valorisation-du-dioxyde-de-carbone-dans-les-cimenteries;9 points;Tale Spécialité Physique Chimie | Acide-Base | Titrage pH-métrique;1 heure 35 minutes;https://www.labolycee.org/sites/default/files/2026-06/2026-AmNord-J1-Exo1-Sujet-ValorisationCO2-9pts_0.pdf;https://www.labolycee.org/sites/default/files/2026-06/2026-AmNord-J1-Exo1-Correction-ValorisationCO2-9pts.pdf
Synthèse dun édulcorant : laspartame;https://labolycee.org/synthese-dun-edulcorant-laspartame;9 points;Tale Spécialité Physique Chimie | Acide-Base | Synthèse organique | Titrage pH-métrique;1 heure 35 minutes;https://www.labolycee.org/sites/default/files/2026-04/2025-11-NelleCaledonie-J2-Exo1-Sujet-Aspartame-9pts.pdf;https://www.labolycee.org/sites/default/files/2026-06/2025-11-NelleCaledonie-J2-Exo1-Correction-Aspartame-9pts_1.pdf
De laspirine pour faciliter lécoulement sanguin;https://labolycee.org/de-laspirine-pour-faciliter-lecoulement-sanguin;9 points;Tale Spécialité Physique Chimie | Acide-Base | Cinétique | Python | Synthèse organique | Titrage pH-métrique;1 heure 35 minutes;https://www.labolycee.org/sites/default/files/2026-04/2025-11-NelleCaledonie-J1-Exo1-Sujet-Aspirine-9pts.pdf;
Infusion à la framboise;https://labolycee.org/infusion-la-framboise;9 points;Tale Spécialité Physique Chimie | Acide-Base | Synthèse organique | Titrage pH-métrique;1 heure 35 minutes;https://www.labolycee.org/sites/default/files/2025-11/2025-AmSud-J2-Exo1-Sujet-InfusionFramboise-11pts.pdf;
Les pluies acides;https://labolycee.org/les-pluies-acides-0;9 points;Tale Spécialité Physique Chimie | Acide-Base | Cinétique;1 heure 35 minutes;https://www.labolycee.org/sites/default/files/2025-12/2025-09-Metropole-J2-Exo1-Sujet-PluiesAcides-9pts.pdf;https://www.labolycee.org/sites/default/files/2025-12/2025-09-Metropole-J2-Exo1-Correction-PluiesAcides-9pts_0.pdf
Étude dune lessive  multi-usages;https://labolycee.org/etude-dune-lessive-multi-usages;4 points;Tale Spécialité Physique Chimie | Acide-Base | Titrage pH-métrique;42 minutes;https://www.labolycee.org/sites/default/files/2025-12/2025-09-Metropole-J1-Exo2-Sujet-LessiveSoude-4pts.pdf;https://www.labolycee.org/sites/default/files/2026-03/2025-09-Metropole-J1-Exo2-Correction-LessiveSoude-4pts.pdf
Un emballage intelligent au rayon poissonnerie;https://labolycee.org/un-emballage-intelligent-au-rayon-poissonnerie;9 points;Tale Spécialité Physique Chimie | Acide-Base | Cinétique | Synthèse organique | Titrage pH-métrique;1 heure 35 minutes;https://www.labolycee.org/sites/default/files/2026-07/2025-Metro-J1-Exo1-Sujet-BleuBromophenol-9pts.pdf;https://www.labolycee.org/sites/default/files/2025-06/2025-Metro-J1-Exo1-Correction-BleuBromophenol-9pts_2.pdf
Batteries au lithium;https://labolycee.org/batteries-au-lithium;9 points;Tale Spécialité Physique Chimie | Acide-Base | Piles -Constante équilibre;1 heure 35 minutes;https://www.labolycee.org/sites/default/files/2026-01/2025-Asie-J2-Exo1-Sujet-BatterieLi-9pts_0.pdf;https://www.labolycee.org/sites/default/files/2025-06/2025-Asie-J2-Exo1-Correction-BatterieLi-9pts.pdf
Pollution ammoniacale;https://labolycee.org/pollution-ammoniacale;5 points;Tale Spécialité Physique Chimie | Acide-Base | Titrage conductimétrique;53 minutes;https://www.labolycee.org/sites/default/files/2026-06/2025-Asie-J1-Exo2-Sujet-PollutionAmmoniacale-5pts.pdf;https://www.labolycee.org/sites/default/files/2025-06/2025-Asie-J1-Exo2-Correction-PollutionAmmoniacale-5pts_2.pdf
Latropine;https://labolycee.org/latropine;9 points;Tale Spécialité Physique Chimie | Acide-Base | Cinétique | Piles -Constante équilibre | Spectroscopie | Synthèse organique;1 heure 35 minutes;https://www.labolycee.org/sites/default/files/2025-05/2025-AmNord-R-Exo1-Sujet-Atropine-9pts.pdf;https://www.labolycee.org/sites/default/files/2025-06/2025-AmNord-R-Exo1-Correction-Atropine-9pts.pdf
Lacide citrique comme produit ménager;https://labolycee.org/lacide-citrique-comme-produit-menager;9 points;Tale Spécialité Physique Chimie | Acide-Base | Spectroscopie | Titrage pH-métrique;1 heure 35 minutes;https://www.labolycee.org/sites/default/files/2025-09/2024-09-Metro-J1-Exo1-Sujet-AcideCitriqueMenager-9pts.pdf;
Suivi cinétique dune décoloration;https://labolycee.org/suivi-cinetique-dune-decoloration;5 points;Tale Spécialité Physique Chimie | Acide-Base | Cinétique;53 minutes;https://www.labolycee.org/sites/default/files/2025-09/2024-09-Metro-J2-Exo3-Sujet-CinetiquePhenolphtaleine-5pts.pdf;https://www.labolycee.org/sites/default/files/2024-12/2024-09-Metro-J2-Exo3-Correction-CinetiquePhenolphtaleine-5pts.pdf
Traitement contre le varroa;https://labolycee.org/traitement-contre-le-varroa;4 points;Tale Spécialité Physique Chimie | Acide-Base | Titrage pH-métrique;42 minutes;https://www.labolycee.org/sites/default/files/2025-09/2024-09-Metro-J2-Exo2-Sujet-TitragepHOxalique-4pts.pdf;https://www.labolycee.org/sites/default/files/2024-10/2024-09-Metro-J2-Exo2-Correction-TitragepHOxalique-4pts.pdf
Coloration capillaire;https://labolycee.org/coloration-capillaire;9 points;Tale Spécialité Physique Chimie | Acide-Base | Beer-Lambert | Cinétique | Python;1 heure 35 minutes;https://www.labolycee.org/sites/default/files/2025-10/2024-Polynesie-J1-Exo1-Sujet-ColorationCapillaire-9pts.pdf;
Un champignon parfumé;https://labolycee.org/un-champignon-parfume;4 points;Tale Spécialité Physique Chimie | Acide-Base | Synthèse organique;42 minutes;https://www.labolycee.org/sites/default/files/2024-08/2024-Metro-J2-Exo2-Sujet-ChampignonParfume-4pts.pdf;https://www.labolycee.org/sites/default/files/2024-06/2024-Metro-J2-Exo2-Correction-ChampignonParfume-4pts_1.pdf
Vers le bleu de thymol;https://labolycee.org/vers-le-bleu-de-thymol;9 points;Tale Spécialité Physique Chimie | Acide-Base | Cinétique | Synthèse organique;1 heure 35 minutes;https://www.labolycee.org/sites/default/files/2025-10/2024-Metro-J1-Exo1-Sujet-BleuThymol-9pts.pdf;https://www.labolycee.org/sites/default/files/2024-06/2024-Metro-J1-Exo1-Correction-BleudeThymol-9pts_4.pdf
Ne jamais mélanger eau de Javel et acide;https://labolycee.org/ne-jamais-melanger-eau-de-javel-et-acide;9 points;Tale Spécialité Physique Chimie | Acide-Base | Cinétique | Titrage pH-métrique;1 heure 35 minutes;https://www.labolycee.org/sites/default/files/2025-10/2024-Asie-J1-Exo1-Sujet-JavelAcide-9pts.pdf;https://www.labolycee.org/sites/default/files/2024-12/2024-Asie-J1-Exo1-Correction-JavelAcide-9pts.pdf
Lammoniac : un futur carburant pour les transports;https://labolycee.org/lammoniac-un-futur-carburant-pour-les-transports;9 points;Tale Spécialité Physique Chimie | Acide-Base | Electrolyse | Titrage pH-métrique;1 heure 35 minutes;https://www.labolycee.org/sites/default/files/2024-09/2024-CtresEtrangers1-J2-Exo1-Sujet-Ammoniac-9pts.pdf;https://www.labolycee.org/sites/default/files/2024-09/2024-CtresEtrangers1-J2-Exo1-Correction-AmmoniacCarburant-9pts.pdf
Suivi cinétique par conductimétrie de lhydrolyse du chlorure de tertiobutyle;https://labolycee.org/suivi-cinetique-par-conductimetrie-de-lhydrolyse-du-chlorure-de-tertiobutyle;9 points;Tale Spécialité Physique Chimie | Cinétique | Kohlrausch;1 heure 35 minutes;https://www.labolycee.org/sites/default/files/2025-09/2024-Polynesie-J2-Exo1-Sujet-CinetiquetBuCl-9pts.pdf;
Lacide butanoïque;https://labolycee.org/lacide-butanoique;5 points;Tale Spécialité Physique Chimie | Kohlrausch | Piles -Constante équilibre;53 minutes;https://www.labolycee.org/sites/default/files/2024-01/2023-09-Polynesie-Exo2-Sujet-Kholrausch-Qr-Tau-5pts_0.pdf;https://www.labolycee.org/sites/default/files/2026-06/2023-09-Polynesie-Exo2-Correction-Kholrausch-Qr-Tau-5pts.pdf
Limportance de la vitamine C;https://labolycee.org/limportance-de-la-vitamine-c;9 points;Tale Spécialité Physique Chimie | Acide-Base | Cinétique | Kohlrausch | Titrage conductimétrique;1 heure 35 minutes;https://www.labolycee.org/sites/default/files/2024-02/2023-Asie-J2-Exo1-Sujet-VitamineC-9pts.pdf;https://www.labolycee.org/sites/default/files/2024-03/2023-Asie-J2-Exo1-Correction-VitamineC-9pts.pdf
Lacide formique pour stocker le dihydrogène ?;https://labolycee.org/lacide-formique-pour-stocker-le-dihydrogene;5 points;Tale Spécialité Physique Chimie | Kohlrausch | Piles -Constante équilibre;53 minutes;https://www.labolycee.org/sites/default/files/2024-04/2022-Asie-J2-ExoA-Sujet-AcFormique-H2-5pts.pdf;https://www.labolycee.org/sites/default/files/2023-03/2022-Asie-J2-ExoA-Correction-AcFormique-H2-5pts.pdf
Degré dhydratation du chlorure de magnésium;https://labolycee.org/degre-dhydratation-du-chlorure-de-magnesium;5 points;Tale Spécialité Physique Chimie | Kohlrausch | Titrage conductimétrique;55 minutes;https://www.labolycee.org/sites/default/files/2022-02/2021-06-Metro-ExoB-Sujet-TitrageConducti-5pts.pdf;https://www.labolycee.org/sites/default/files/2022-02/2021-06-Metro-ExoB-Sujet-TitrageConducti-5pts-Correction.pdf
Laquarium récifal;https://labolycee.org/laquarium-recifal;10 points;Tale Spécialité Physique Chimie | Acide-Base | Beer-Lambert | Kohlrausch | Synthèse organique;1 heure 45 minutes;https://www.labolycee.org/sites/default/files/2021-06/2021-03-Metro-Sujet2-Exo1-Aquarium-10pts.pdf;https://www.labolycee.org/sites/default/files/2024-04/2021-03-Metro-Sujet2-Exo1-Aquarium-10pts-Correction.pdf
Autour de la glace;https://labolycee.org/autour-de-la-glace;9 points;Tale Spécialité Physique Chimie | Beer-Lambert | Nucléaire | Piles -Constante équilibre;1 heure 35 minutes;https://www.labolycee.org/sites/default/files/2026-04/2025-Polynesie-J1-Exo1-Sujet-DatationGlace-AgI-9pts.pdf;https://www.labolycee.org/sites/default/files/2026-06/2025-Polynesie-J1-Exo1-Correction-DatationGlace-AgI-9pts.pdf
Le schweppes ® : un bon antipaludique sans risque pour la santé ?;https://labolycee.org/le-schweppes-r-un-bon-antipaludique-sans-risque-pour-la-sante;9 points;Tale Spécialité Physique Chimie | Beer-Lambert | Titrage pH-métrique;1 heure 35 minutes;https://www.labolycee.org/sites/default/files/2025-05/2025-AmNord-J2-Exo1-Sujet-Antipaludique-9pts.pdf;https://www.labolycee.org/sites/default/files/2025-06/2025-AmNord-J2-Exo1-Correction-Antipaludique-9pts.pdf
Etude dun vernis à ongles;https://labolycee.org/etude-dun-vernis-ongles;9 points;Tale Spécialité Physique Chimie | Beer-Lambert | Cinétique | Synthèse organique;1 heure 35 minutes;https://www.labolycee.org/sites/default/files/2025-05/2025-AmNord-J1-Exo1-Sujet-SyntheseVernis-Beer-9pts_0.pdf;https://www.labolycee.org/sites/default/files/2025-06/2025-AmNord-J1-Exo1-Correction-SyntheseVernis-Beer-9pts_0.pdf
Santé alimentaire - ne pas abuser des nitrites;https://labolycee.org/sante-alimentaire-ne-pas-abuser-des-nitrites;4 points;Tale Spécialité Physique Chimie | Beer-Lambert;30 minutes;https://www.labolycee.org/sites/default/files/2024-08/2024-Asie-J2-Exo3-Sujet-BeerNitrites-4pts.pdf;https://www.labolycee.org/sites/default/files/2024-06/2024-Asie-J2-Exo3-Correction-BeerNitrites-4pts_2.pdf
certification dun vin;https://labolycee.org/certification-dun-vin;9 points;Tale Spécialité Physique Chimie | Acide-Base | Beer-Lambert;1 heure 35 minutes;https://www.labolycee.org/sites/default/files/2025-10/2024-CtresEtrangers1-J1-Exo1-Sujet-Vin-TitrageS-9pts.pdf;https://www.labolycee.org/sites/default/files/2024-06/2024-CtresEtrangers1-J1-Exo1-Correction-Vin-TitrageS-9pts.pdf
Analyse dun sol;https://labolycee.org/analyse-dun-sol;4 points;Tale Spécialité Physique Chimie | Beer-Lambert | Piles -Constante équilibre;48 minutes;https://www.labolycee.org/sites/default/files/2024-04/2023-Reunion-J2-Exo3-Sujet-BeerLambert-Fe-Sol-4pts.pdf;https://www.labolycee.org/sites/default/files/2025-11/2023-Reunion-J2-Exo3-Correction-BeerLambert-Fe-Sol-4pts.pdf
Technique de dosage de lurée;https://labolycee.org/technique-de-dosage-de-luree;5 points;Tale Spécialité Physique Chimie | Beer-Lambert | Spectroscopie;53 minutes;https://www.labolycee.org/sites/default/files/2025-09/2023-AmNord-J1-Exo2-Sujet-DosageUree-5pts.pdf;https://www.labolycee.org/sites/default/files/2024-12/2023-AmNord-J1-Exo2-Correction-DosageUree-5pts.pdf
Teneur en ions salicylate dans une crème;https://labolycee.org/teneur-en-ions-salicylate-dans-une-creme;5 points;Tale Spécialité Physique Chimie | Acide-Base | Beer-Lambert | Piles -Constante équilibre;48 minutes;https://www.labolycee.org/sites/default/files/2024-01/2023-Asie-J1-Exo3-Sujet-Salicylate-BeerLambert-K-4-5pts.pdf;https://www.labolycee.org/sites/default/files/2023-08/2023-Asie-J1-Exo3-Correction-Salicylate-BeerLambert-K-4-5pts.pdf
Une formulation de laspirine;https://labolycee.org/une-formulation-de-laspirine;4 points;Tale Spécialité Physique Chimie | Acide-Base | Beer-Lambert;48 minutes;https://www.labolycee.org/sites/default/files/2024-01/2023-Metro-J1-Exo3-Sujet-Aspirine-4pts.pdf;https://www.labolycee.org/sites/default/files/2023-03/2023-Metro-J1-Exo3-Correction-Aspirine-4pts_1.pdf
Lérythrosine, colorant alimentaire;https://labolycee.org/lerythrosine-colorant-alimentaire;5 points;Tale Spécialité Physique Chimie | Beer-Lambert | Cinétique;48 minutes;https://www.labolycee.org/sites/default/files/2024-04/2023-CtresEtrangers1-J2-Exo2-Sujet-ColorantAlimentaire-4-5pts.pdf;https://www.labolycee.org/sites/default/files/2023-03/2023-CtresEtrangers1-J2-Exo2-Correction-ColorantAlimentaire-4-5pts_0.pdf
Contrôle de la qualité dun biberon;https://labolycee.org/controle-de-la-qualite-dun-biberon;9 points;Tale Spécialité Physique Chimie | Acide-Base | Beer-Lambert | Cinétique | Titrage conductimétrique;1 heure 35 minutes;https://www.labolycee.org/sites/default/files/2024-02/2023-CtresEtrangers1-J1-Exo1-Sujet-NitrateBiberon-9pts.pdf;https://www.labolycee.org/sites/default/files/2023-03/2023-CtresEtrangers1-J1-Exo1-Correction-NitrateBiberon-9pts_4.pdf
Le vin et ses composants;https://labolycee.org/le-vin-et-ses-composants;10 points;Tale Spécialité Physique Chimie | Beer-Lambert | Cinétique | Synthèse organique | Titrage pH-métrique;1 heure 45 minutes;https://www.labolycee.org/sites/default/files/2024-04/2022-Asie-J1-Exo1-Sujet-BeerVin-Ester-Titrage-10pts.pdf;
Etude de colorants dans une boisson;https://labolycee.org/etude-de-colorants-dans-une-boisson;5 points;Tale Spécialité Physique Chimie | Beer-Lambert;53 minutes;https://www.labolycee.org/sites/default/files/2024-04/2022-09-Metro-J2-ExoC-Sujet-DJA-ColorantVert-5pts.pdf;https://www.labolycee.org/sites/default/files/2022-11/2022-09-Metro-J2-ExoC-Correction-DJA-ColorantVert-5pts.pdf
Arôme de vanille;https://labolycee.org/arome-de-vanille;5 points;Tale Spécialité Physique Chimie | Acide-Base | Beer-Lambert | Titrage conductimétrique;53 minutes;https://www.labolycee.org/sites/default/files/2024-01/2022-CtresEtrangers2-J2-ExoA-Sujet-VanilleConducti-5pts.pdf;https://www.labolycee.org/sites/default/files/2024-04/2022-CentresEtrangers2-J2-ExoA-Correction-VanilleConducti-5pts.pdf
La spiruline;https://labolycee.org/la-spiruline;5 points;Tale Spécialité Physique Chimie | Beer-Lambert;53 minutes;https://www.labolycee.org/sites/default/files/2024-04/2022-CentresEtrangers1-J1-ExoA-Sujet-Spiruline-Beer-Incertitude-5pts.pdf;https://www.labolycee.org/sites/default/files/2024-11/2022-CentresEtrangers1-J1-ExoA-Correction-Spiruline-5pts.pdf
Indigo et carmin dindigo;https://labolycee.org/indigo-et-carmin-dindigo;10 points;Tale Spécialité Physique Chimie | Acide-Base | Beer-Lambert | Synthèse organique;1 heure 45 minutes;https://www.labolycee.org/sites/default/files/2024-01/2022-AmNord-J1-Exo1-Sujet-Indigo-Carmin-10pts.pdf;https://www.labolycee.org/sites/default/files/2025-03/2022-AmNord-J1-Exo1-Correction-Indigo-Carmin-10pts.pdf
Encre et effaceur;https://labolycee.org/encre-et-effaceur;5 points;Tale Spécialité Physique Chimie | Beer-Lambert;53 minutes;https://www.labolycee.org/sites/default/files/2024-04/2022-Metropole-J2-ExoB-Sujet-EncreEffaceur-5pts.pdf;https://www.labolycee.org/sites/default/files/2022-05/2022-Metropole-J2-ExoB-Correction-EncreEffaceur-5pts_0.pdf
Le colorant E 127;https://labolycee.org/le-colorant-e-127;10 points;Tale Spécialité Physique Chimie | Acide-Base | Beer-Lambert | Cinétique | Synthèse organique;1 heure 45 minutes;https://www.labolycee.org/sites/default/files/2024-04/2022-Metropole-J1-Exo1-Sujet-ColorantE127-10pts.pdf;https://www.labolycee.org/sites/default/files/2022-05/2022-Metropole-J1-Exo1-Correction-ColorantE127-10pts_4.pdf
Synthèse dun ester à odeur florale;https://labolycee.org/synthese-dun-ester-odeur-florale;10 points;Tale Spécialité Physique Chimie | Acide-Base | Beer-Lambert | Spectroscopie | Synthèse organique;1 heure 45 minutes;https://www.labolycee.org/sites/default/files/2023-10/2022-Polynesie-J1-Exo1-Sujet-SyntheseEsterFloral-10pts.pdf;https://www.labolycee.org/sites/default/files/2023-03/2022-Polynesie-J1-Exo1-Correction-SyntheseEsterFloral-10pts.pdf
Lencre et son effaceur;https://labolycee.org/lencre-et-son-effaceur;5 points;Tale Spécialité Physique Chimie | Beer-Lambert | Cinétique;53 minutes;https://www.labolycee.org/sites/default/files/2022-03/2021-09-Metro-Sujet2-ExoA-Encre-BeerCinetique-5pts.pdf;https://www.labolycee.org/sites/default/files/2022-05/2021-09-Metro-Sujet1-ExoA-Correction-Encre-BeerCinetique-5pts.pdf
Une boisson de réhydratation;https://labolycee.org/une-boisson-de-rehydratation;5 points;Tale Spécialité Physique Chimie | Acide-Base | Beer-Lambert;55 minutes;https://www.labolycee.org/sites/default/files/2021-06/2021-03-Metro-Sujet1-ExoB-BoissonHydratation-5pts_0.pdf;https://www.labolycee.org/sites/default/files/2022-02/2021-03-Metro-Sujet1-ExoB-BoissonHydratation-5pts-Correction.pdf
Le kéfir de fruit;https://labolycee.org/le-kefir-de-fruit;9 points;Tale Spécialité Physique Chimie | Cinétique | Spectroscopie | Synthèse organique | Titrage conductimétrique;1 heure 35 minutes;https://www.labolycee.org/sites/default/files/2026-06/2026-Metro-J2-Exo1-Sujet-Kefir-9pts.pdf;https://www.labolycee.org/sites/default/files/2026-06/2026-Metro-J2-Exo1-Correction-Kefir-9pts_1.pdf
Eau de Quinton;https://labolycee.org/eau-de-quinton;4 points;Tale Spécialité Physique Chimie | Python | Titrage conductimétrique;42 minutes;https://www.labolycee.org/sites/default/files/2025-06/2025-Metro-J2-Exo2-Sujet-EauQuinton-4pts.pdf;https://www.labolycee.org/sites/default/files/2025-06/2025-Metro-J2-Exo2-CorrectionEauQuinton-4pts_1.pdf
Fabrication et aromatisation dun yaourt maison;https://labolycee.org/fabrication-et-aromatisation-dun-yaourt-maison;9 points;Tale Spécialité Physique Chimie | Cinétique | Spectroscopie | Synthèse organique | Titrage conductimétrique;1 heure 35 minutes;https://www.labolycee.org/sites/default/files/2026-07/2025-CtresEtrangers1-J2-Exo1-Sujet-Yaourt-9pts.pdf;https://www.labolycee.org/sites/default/files/2025-06/2025-CtresEtrangers1-J2-Exo1-Correction-Yaourt-9pts_1.pdf
étude dune chaufferette;https://labolycee.org/etude-dune-chaufferette;4 points;Tale Spécialité Physique Chimie | Titrage conductimétrique;42 minutes;https://www.labolycee.org/sites/default/files/2024-04/2023-09-Metropole-J1-Exo2-Sujet-TitrageConductiChaufferettes-4pts.pdf;https://www.labolycee.org/sites/default/files/2024-11/2023-09-Metropole-J1-Exo2-Correction-TitrageConductiChaufferettes-4pts.pdf
Un chimiste qui mérite dêtre connu : Karl Friedrich Mohr;https://labolycee.org/un-chimiste-qui-merite-detre-connu-karl-friedrich-mohr;9 points;Tale Spécialité Physique Chimie | Cinétique | Synthèse organique | Titrage conductimétrique;1 heure 35 minutes;https://www.labolycee.org/sites/default/files/2024-04/2023-Polynesie-J1-Exo1-Sujet-KFMohr-9pts.pdf;https://www.labolycee.org/sites/default/files/2023-03/2023-Polynesie-J1-Exo1-Correction-KFMohr-9pts_1.pdf
Besoin en magnésium;https://labolycee.org/besoin-en-magnesium;5 points;Tale Spécialité Physique Chimie | Titrage conductimétrique | Titrage pH-métrique;53 minutes;https://www.labolycee.org/sites/default/files/2024-04/2022-Amsud-J2-ExoB-Sujet-CarafeMg-5pts.pdf;https://www.labolycee.org/sites/default/files/2024-12/2022-Amsud-J2-ExoB-Correction-CarafeMg-5pts.pdf
Solution désinfectante;https://labolycee.org/solution-desinfectante;10 points;Tale Spécialité Physique Chimie | Acide-Base | Spectroscopie | Titrage conductimétrique;1 heure 45 minutes;https://www.labolycee.org/sites/default/files/2026-03/2022-Amsud-J1-Exo1-Sujet-AcideLactique-10pts.pdf;https://www.labolycee.org/sites/default/files/2026-03/2022-Amsud-J1-Exo1-Correction-AcideLactique-10pts.pdf
Qualité des eaux souterraines sur le littoral;https://labolycee.org/qualite-des-eaux-souterraines-sur-le-littoral;5 points;Tale Spécialité Physique Chimie | Python | Titrage conductimétrique;53 minutes;https://www.labolycee.org/sites/default/files/2022-11/2022-NelleCaledo-J1-ExoB-Sujet-EauxConducti-5pts.pdf;https://www.labolycee.org/sites/default/files/2026-02/2022-NelleCaledo-J1-ExoB-Correction-EauxConducti-5pts.pdf
Synthèse du 2-méthylpropan-2-ol;https://labolycee.org/synthese-du-2-methylpropan-2-ol;5 points;Tale Spécialité Physique Chimie | Cinétique | Titrage conductimétrique;53 minutes;https://www.labolycee.org/sites/default/files/2024-04/2022-CentresEtrangers2-J2-ExoB-Sujet-CinetiqueConducti-RClH2O-5pts.pdf;https://www.labolycee.org/sites/default/files/2024-04/2022-CentresEtrangers2-J2-ExoB-Correction-CinetiqueConducti-RClH2O-5pts.pdf
La vitamine C sans sucre;https://labolycee.org/la-vitamine-c-sans-sucre;10 points;Tale Spécialité Physique Chimie | Acide-Base | Spectroscopie | Synthèse organique | Titrage conductimétrique;1 heure 45 minutes;https://www.labolycee.org/sites/default/files/2024-04/2022-AmNord-J2-Exo1-Sujet-VitamineC-10pts.pdf;
Préparation dune bière brune aromatisée;https://labolycee.org/preparation-dune-biere-brune-aromatisee;10 points;Tale Spécialité Physique Chimie | Spectroscopie | Synthèse organique | Titrage conductimétrique;1 heure 45 minutes;https://www.labolycee.org/sites/default/files/2024-04/2021-Liban-Sujet1-Exo1-Sujet-BiereEster-10pts.pdf;
Additif alimentaire pour les agneaux;https://labolycee.org/additif-alimentaire-pour-les-agneaux;5 points;Tale Spécialité Physique Chimie | Python | Titrage conductimétrique;55 minutes;https://www.labolycee.org/sites/default/files/2021-11/2021-AmNord-Sujet2-ExoB-ConductiPython-5pts.pdf;https://www.labolycee.org/sites/default/files/2021-10/2021-AmNord-Sujet2-ExoB-ConductiPython-5pts-Correction.pdf
Un parfum de rose;https://labolycee.org/un-parfum-de-rose;5 points;Tale Spécialité Physique Chimie | Cinétique | Spectroscopie | Synthèse organique | Titrage pH-métrique;53 minutes;https://www.labolycee.org/sites/default/files/2026-07/2025-Metro-J2-Exo3-Sujet-Parfumderose-5pts.pdf;https://www.labolycee.org/sites/default/files/2025-06/2025-Metro-J2-Exo3-Correction-Parfumderose-5pts_0.pdf
Arôme de poire;https://labolycee.org/arome-de-poire;4 points;Tale Spécialité Physique Chimie | Spectroscopie | Synthèse organique;42 minutes;https://www.labolycee.org/sites/default/files/2025-06/2025-Asie-J1-Exo3-Sujet-AromePoire-4pts.pdf;https://www.labolycee.org/sites/default/files/2025-06/2025-Asie-J1-Exo3-CorrectionAromePoire-4pts_1.pdf
Larôme dananas;https://labolycee.org/larome-dananas;9 points;Tale Spécialité Physique Chimie | Cinétique | Spectroscopie | Synthèse organique | Titrage pH-métrique;1 heure 35 minutes;https://www.labolycee.org/sites/default/files/2024-06/2024-CtresEtrangers1Bis-Exo1-Sujet-AnanasEster-9ts_0.pdf;https://www.labolycee.org/sites/default/files/2026-03/2024-CtresEtrangers1Bis-Exo1-Correction-AnanasEster-9ts.pdf
Contrôle dun médicament;https://labolycee.org/controle-dun-medicament;5 points;Tale Spécialité Physique Chimie | Spectroscopie | Titrage pH-métrique;53 minutes;https://www.labolycee.org/sites/default/files/2024-11/2024-Asie-J2-Exo2-Sujet-TitrageIbuprofene-5pts.pdf;https://www.labolycee.org/sites/default/files/2024-06/2024-Asie-J2-Exo2-Correction-TitrageIbuprofene-5pts_1.pdf
Fabrication de la bière;https://labolycee.org/fabrication-de-la-biere;4 points;Tale Spécialité Physique Chimie | Spectroscopie | Synthèse organique;48 minutes;https://www.labolycee.org/sites/default/files/2024-04/2023-AmNord-J2-Exo3-Sujet-Biere-4pts.pdf;https://www.labolycee.org/sites/default/files/2023-08/2023-AmNord-J2-Exo3-Correction-Biere-4pts_0.pdf
Un polymère biodégradable, le PLA;https://labolycee.org/un-polymere-biodegradable-le-pla;9 points;Tale Spécialité Physique Chimie | Cinétique | Spectroscopie | Titrage pH-métrique;1 heure 35 minutes;https://www.labolycee.org/sites/default/files/2024-06/2023-NelleCaledo-J1-Exo1-Sujet-PLA-9pts.pdf;
Préparation du chlorure de tertiobutyle;https://labolycee.org/preparation-du-chlorure-de-tertiobutyle;4 points;Tale Spécialité Physique Chimie | Acide-Base | Spectroscopie | Synthèse organique;42 minutes;https://www.labolycee.org/sites/default/files/2024-04/2023-Liban-J2-Exo3-Sujet-Synthese-tBuCl-4pts.pdf;https://www.labolycee.org/sites/default/files/2024-04/2023-Liban-J2-Exo3-Correction-Synthese-tBuCl-4pts.pdf
Lacide butyrique;https://labolycee.org/lacide-butyrique;5 points;Tale Spécialité Physique Chimie | Acide-Base | Spectroscopie | Synthèse organique;53 minutes;https://www.labolycee.org/sites/default/files/2024-01/2023-Reunion-J2-Exo2-Sujet-Acide%20Butyrique-5pts.pdf;https://www.labolycee.org/sites/default/files/2026-05/2023-Reunion-J2-Exo2-Correction-AcideButyrique-5pts.pdf
étude de la vitamine C contenue dans les kiwis;https://labolycee.org/etude-de-la-vitamine-c-contenue-dans-les-kiwis;9 points;Tale Spécialité Physique Chimie | Acide-Base | Cinétique | Spectroscopie;1 heure 35 minutes;https://www.labolycee.org/sites/default/files/2024-01/2023-Metropole-J2-Exo1-Sujet-KiwiVitamineC-9pts.pdf;https://www.labolycee.org/sites/default/files/2023-03/2023-Metropole-J2-Exo1-Correction-Kiwi-9pts%20_0.pdf
Synthèse de larome de banane;https://labolycee.org/synthese-de-larome-de-banane;5 points;Tale Spécialité Physique Chimie | Cinétique | Spectroscopie | Synthèse organique;53 minutes;https://www.labolycee.org/sites/default/files/2024-04/2023-Metro-J1-Exo2-Sujet-AromeBanane-5pts.pdf;https://www.labolycee.org/sites/default/files/2023-03/2023-Metro-J1-Exo2-Correction-AromeBanane-5pts_0.pdf
Synthèse du polycarbonate de bisphénol A;https://labolycee.org/synthese-du-polycarbonate-de-bisphenol;10 points;Tale Spécialité Physique Chimie | Cinétique | Spectroscopie | Synthèse organique;1 heure 45 minutes;https://www.labolycee.org/sites/default/files/2024-04/2022-NelleCaledo-J2-Exo1-Sujet-Bisphenol-10pts.pdf;https://www.labolycee.org/sites/default/files/2024-05/2022-NelleCaledo-J2-Exo1-Correction-Bisphenol-10pts.pdf
Lacétanilide, médicament antipyrétique;https://labolycee.org/lacetanilide-medicament-antipyretique;5 points;Tale Spécialité Physique Chimie | Piles -Constante équilibre | Spectroscopie | Synthèse organique;48 minutes;https://www.labolycee.org/sites/default/files/2024-04/2023-CtresEtrangers1-J2-Exo3-Sujet-Acetanilide-4-5pts.pdf;https://www.labolycee.org/sites/default/files/2023-03/2023-CtresEtrangers1-J2-Exo3-Correction-Acetanilide-4-5pts.pdf
Dissolution dune coquille doeuf;https://labolycee.org/dissolution-dune-coquille-doeuf;5 points;Tale Spécialité Physique Chimie | Acide-Base | Spectroscopie | Titrage pH-métrique;53 minutes;https://www.labolycee.org/sites/default/files/2024-01/2022-Asie-J2-ExoC-Sujet-DissolutionCoquille-5pts.pdf;https://www.labolycee.org/sites/default/files/2023-03/2022-Asie-J2-ExoC-Correction-DissolutionCoquille-5pts.pdf
Lacide méthanoïque;https://labolycee.org/lacide-methanoique;10 points;Tale Spécialité Physique Chimie | Acide-Base | Python | Spectroscopie | Synthèse organique | Titrage pH-métrique;1 heure 45 minutes;https://www.labolycee.org/sites/default/files/2024-04/2022-09-Metro-J1-Exo1-Sujet-AcideMethanoique-10pts.pdf;https://www.labolycee.org/sites/default/files/2026-05/2022-09-Metro-J1-Exo1-Correction-AcideMethanoique-10pts.pdf
Fermentation de la pâte à pizza napolitaine;https://labolycee.org/fermentation-de-la-pate-pizza-napolitaine;10 points;Tale Spécialité Physique Chimie | Acide-Base | Cinétique | Spectroscopie;1 heure 45 minutes;https://www.labolycee.org/sites/default/files/2025-03/2022-CtresEtrangers2-J1-Exo1-Sujet-PatePizza-10pts.pdf;https://www.labolycee.org/sites/default/files/2025-03/2022-CentresEtrangers2-J1-Exo1-Correction-PatePizza-10pts.pdf
Lacide formique;https://labolycee.org/lacide-formique;10 points;Tale Spécialité Physique Chimie | Acide-Base | Spectroscopie | Synthèse organique | Titrage pH-métrique;1 heure 45 minutes;https://www.labolycee.org/sites/default/files/2024-01/2022-CtresEtrangers1-J2-Exo1-Sujet-AcideFormique-10pts.pdf;https://www.labolycee.org/sites/default/files/2023-03/2022-CtresEtrangers1-J2-Exo1-Correction-Acide%20formique-10pts.pdf
Coloration de la laine;https://labolycee.org/coloration-de-la-laine;5 points;Tale Spécialité Physique Chimie | Synthèse organique | Titrage pH-métrique;53 minutes;https://www.labolycee.org/sites/default/files/2026-06/2026-Metro-J1-Exo3-Sujet-ColorationLaine-5pts.pdf;https://www.labolycee.org/sites/default/files/2026-06/2026-Metro-J1-Exo3-Correction-ColorationLaine-5pts_0.pdf
Analyse dun comprimé;https://labolycee.org/analyse-dun-comprime;4 points;Tale Spécialité Physique Chimie | Titrage pH-métrique;42 minutes;https://www.labolycee.org/sites/default/files/2026-06/2026-CentresEtrangers1-J1-Exo3-Sujet-TitragepH-Aspirine-4pts.pdf;https://www.labolycee.org/sites/default/files/2026-06/2026-CentresEtrangers1-J1-Exo3-Correction-TitragepH-Aspirine-4pts_0.pdf
Étude dun herbicide;https://labolycee.org/etude-dun-herbicide;4 points;Tale Spécialité Physique Chimie | Titrage pH-métrique;42 minutes;https://www.labolycee.org/sites/default/files/2025-12/2025-Amsud-J1-Exo3-Sujet-TitrageHerbicide-4pts.pdf;https://www.labolycee.org/sites/default/files/2025-12/2025-Amsud-J1-Exo3-Correction-TitrageHerbicide-4pts.pdf
Autour du géranium Rosat;https://labolycee.org/autour-du-geranium-rosat;9 points;Tale Spécialité Physique Chimie | Synthèse organique | Titrage pH-métrique;1 heure 35 minutes;https://www.labolycee.org/sites/default/files/2025-06/2025-CtresEtrangers-J1-Exo1-Sujet-GeraniumRosat-9pts.pdf;https://www.labolycee.org/sites/default/files/2025-06/2025-CtresEtrangers-J1-Exo1-Correction-GeraniumRosat-9pts_2.pdf
Une série dexpériences historiques : la réaction destérification étudiée par marcellin berthelot;https://labolycee.org/une-serie-dexperiences-historiques-la-reaction-desterification-etudiee-par-marcellin-berthelot;9 points;Tale Spécialité Physique Chimie | Cinétique | Piles -Constante équilibre | Titrage pH-métrique;1 heure 35 minutes;https://www.labolycee.org/sites/default/files/2025-10/2024-09-Polynesie-Exo1-Sujet-Berthelot-Ester-9pts.pdf;https://www.labolycee.org/sites/default/files/2025-06/2024-09-Polynesie-Exo1-Correction-Berthelot-Ester-9pts.pdf
Acidité totale dun vin;https://labolycee.org/acidite-totale-dun-vin;4 points;Tale Spécialité Physique Chimie | Acide-Base | Titrage pH-métrique;38 minutes;https://www.labolycee.org/sites/default/files/2024-11/2024-AmNord-J2-Exo3-Sujet-AciditeVin-4pts.pdf;https://www.labolycee.org/sites/default/files/2024-05/2024-AmNord-J2-Exo3-Correction-AciditeVin-4pts_0.pdf
Savon : parfum, synthèse et utilisation;https://labolycee.org/savon-parfum-synthese-et-utilisation;9 points;Tale Spécialité Physique Chimie | Cinétique | Synthèse organique;1 heure 35 minutes;https://www.labolycee.org/sites/default/files/2025-09/2025-09-Metro-J2-Secours-Exo1-Sujet-Savon-Ester-9pts.pdf;
Le miel et les abeilles;https://labolycee.org/le-miel-et-les-abeilles;9 points;Tale Spécialité Physique Chimie | Cinétique | Synthèse organique | Titrage pH-métrique;1 heure 35 minutes;https://www.labolycee.org/sites/default/files/2024-04/2023-NelleCaledo-J2-Exo1-Sujet-MielAbeille-9pts.pdf;https://www.labolycee.org/sites/default/files/2024-12/2023-NelleCaledo-J2-Exo1-Correction-MielAbeille-9pts_0.pdf
Optimisation de la synthèse de léthanoate de benzyle;https://labolycee.org/optimisation-de-la-synthese-de-lethanoate-de-benzyle;5 points;Tale Spécialité Physique Chimie | Cinétique | Synthèse organique;53 minutes;https://www.labolycee.org/sites/default/files/2024-04/2023-AmNord-J2-Exo2-Sujet-Ester-5pts.pdf;https://www.labolycee.org/sites/default/files/2023-08/2023-AmNord-J2-Exo2-Correction-Ester-5pts.pdf
Contrôle de lordre dune réaction;https://labolycee.org/controle-de-lordre-dune-reaction;5 points;Tale Spécialité Physique Chimie | Cinétique;48 minutes;https://www.labolycee.org/sites/default/files/2024-03/2023-Asie-J1-Exo2-Sujet-CinetiqueH2O2-4-5pts.pdf;https://www.labolycee.org/sites/default/files/2023-04/2023-Asie-J1-Exo2-Correction-CinetiqueH2O2-4-5pts.pdf
Stockage dangereux du peroxyde dhydrogène;https://labolycee.org/stockage-dangereux-du-peroxyde-dhydrogene;4 points;Tale Spécialité Physique Chimie | Acide-Base | Cinétique;42 minutes;https://www.labolycee.org/sites/default/files/2024-01/2023-Liban-J1-Exo3-Sujet-H2O2-4pts.pdf;https://www.labolycee.org/sites/default/files/2023-03/2023-Liban-J1-Exo3-Correction-H2O2-4pts_1.pdf
La dépollution par les plantes pour extraire du nickel;https://labolycee.org/la-depollution-par-les-plantes-pour-extraire-du-nickel;5 points;Tale Spécialité Physique Chimie | Electrolyse;53 minutes;https://www.labolycee.org/sites/default/files/2026-06/2026-CentresEtrangers1-J1-Exo2-Sujet-DepollutionElectrolyseNi-5pts.pdf;https://www.labolycee.org/sites/default/files/2026-06/2026-CentresEtrangers1-J1-Exo2-Correction-DepollutionElectrolyseNi-5pts_1.pdf
HOPE, lespoir du dihydrogène vert;https://labolycee.org/hope-lespoir-du-dihydrogene-vert;5 points;Tale Spécialité Physique Chimie | Electrolyse;53 minutes;https://www.labolycee.org/sites/default/files/2026-05/2026-AmNord-J2-Exo2-Sujet-ElectrolyseH2-5pts.pdf;https://www.labolycee.org/sites/default/files/2026-05/2026-AmNord-J2-Exo2-Correction-ElectrolyseH2-5pts_2.pdf
Traitement de surface dune pièce de jeu déchecs;https://labolycee.org/traitement-de-surface-dune-piece-de-jeu-dechecs;5 points;Tale Spécialité Physique Chimie | Electrolyse;53 minutes;https://www.labolycee.org/sites/default/files/2025-12/2025-09-Metropole-J1-Exo3-Sujet-ElectrolyseAnodisation-5pts.pdf;https://www.labolycee.org/sites/default/files/2026-06/2025-09-Metropole-J1-Exo3-Correction-ElectrolyseAnodisation-5pts.pdf
Recharge des voitures électriques;https://labolycee.org/recharge-des-voitures-electriques;5 points;Tale Spécialité Physique Chimie | Piles -Constante équilibre;53 minutes;https://www.labolycee.org/sites/default/files/2025-11/2025-Amsud-J1-Exo2-Sujet-PileSOFC-5pts.pdf;
Batterie Lithium - Soufre;https://labolycee.org/batterie-lithium-soufre;5 points;Tale Spécialité Physique Chimie | Piles -Constante équilibre;53 minutes;https://www.labolycee.org/sites/default/files/2024-08/2024-Metro-J2-Exo3-Sujet-BatterieLithiumSoufre-5pts.pdf;https://www.labolycee.org/sites/default/files/2024-06/2024-Metro-J2-Exo3-Correction-BatterieLithiumSoufre-5pts_2.pdf
Une batterie comestible;https://labolycee.org/une-batterie-comestible;5 points;Tale Spécialité Physique Chimie | Piles -Constante équilibre;53 minutes;https://www.labolycee.org/sites/default/files/2025-05/2024-AmNord-J2-Exo2-Sujet-Batterie-Comestible-5pts.pdf;https://www.labolycee.org/sites/default/files/2024-05/2024-AmNord-J2-Exo2-Correction-BatterieComestible-5pts_0.pdf
Des batteries à flux redox organiques;https://labolycee.org/des-batteries-flux-redox-organiques;5 points;Tale Spécialité Physique Chimie | Piles -Constante équilibre;53 minutes;https://www.labolycee.org/sites/default/files/2024-05/2024-AmNord-J1-Exo2-Sujet-BatteriesOrganiques-5pts_0.pdf;https://www.labolycee.org/sites/default/files/2024-05/2024-AmNord-J1-Exo2-Correction-BatteriesOrganiques-5pts.pdf
Leau de boisson des poules;https://labolycee.org/leau-de-boisson-des-poules;9 points;Tale Spécialité Physique Chimie | Acide-Base | Piles -Constante équilibre;1 heure 35 minutes;https://www.labolycee.org/sites/default/files/2024-02/2023-Reunion-J1-Exo1-Sujet-EauPoules-9pts.pdf;https://www.labolycee.org/sites/default/files/2023-07/2023-Reunion-J1-Exo1-Correction-EauPoules-9pts.pdf
La batterie au lithium-fer-phosphate dune automobile;https://labolycee.org/la-batterie-au-lithium-fer-phosphate-dune-automobile;5 points;Tale Spécialité Physique Chimie | Piles -Constante équilibre;53 minutes;https://www.labolycee.org/sites/default/files/2024-08/2022-Amsud-J2-ExoC-Sujet-BatterieLiFePO4-5pts.pdf;https://www.labolycee.org/sites/default/files/2025-06/2022-Amsud-J2-ExoC-Correction-BatterieLiFePO4-5pts.pdf
La pile au méthanol;https://labolycee.org/la-pile-au-methanol;5 points;Tale Spécialité Physique Chimie | Piles -Constante équilibre;53 minutes;https://www.labolycee.org/sites/default/files/2022-11/2022-NelleCaledo-J1-ExoC-Sujet-PileMethanol-5pts.pdf;https://www.labolycee.org/sites/default/files/2025-03/2022-NelleCaledo-J1-ExoC-Correction-PileMethanol-5pts.pdf
Défibrillateur cardiaque implantable;https://labolycee.org/defibrillateur-cardiaque-implantable;5 points;Tale Spécialité Physique Chimie | Piles -Constante équilibre;53 minutes;https://www.labolycee.org/sites/default/files/2024-04/2022-CentresEtrangers2-J2-ExoC-Sujet-PileLithium-5pts.pdf;https://www.labolycee.org/sites/default/files/2022-06/2022-CentresEtrangers2-J2-ExoC-Correction-PileLithium-5pts.pdf
Des piles historiques;https://labolycee.org/des-piles-historiques;5 points;Tale Spécialité Physique Chimie | Piles -Constante équilibre;53 minutes;https://www.labolycee.org/sites/default/files/2024-06/2022-Metropole-J2-ExoC-Sujet-PilesHistoriques-5pts.pdf;https://www.labolycee.org/sites/default/files/2022-05/2022-Metropole-J2-ExoC-Correction-PilesHistoriques-5pts_0.pdf
Etude dune pile au laboratoire;https://labolycee.org/etude-dune-pile-au-laboratoire;5 points;Tale Spécialité Physique Chimie | Piles -Constante équilibre;53 minutes;https://www.labolycee.org/sites/default/files/2022-04/2021-09-Metro-Sujet2-ExoB-Pile-5pts.pdf;https://www.labolycee.org/sites/default/files/2024-02/2021-09-Metro-Sujet2-Correction-ExoB-Pile-5pts.pdf
Protection des fondations en acier des éoliennes de mer;https://labolycee.org/protection-des-fondations-en-acier-des-eoliennes-de-mer;5 points;Tale Spécialité Physique Chimie | Piles -Constante équilibre;55 minutes;https://www.labolycee.org/sites/default/files/2024-04/2021-AmNord-Sujet2-ExoA-Pile-Eolienne-5pts.pdf;https://www.labolycee.org/sites/default/files/2025-03/2021-AmNord-Sujet2-ExoA-Pile-Eolienne-5pts-Correction.pdf
Pile  zinc-air;https://labolycee.org/pile-zinc-air;5 points;Tale Spécialité Physique Chimie | Piles -Constante équilibre;53 minutes;https://www.labolycee.org/sites/default/files/2020-09/2020-Tle-SPE-Sujetzero-Exo2-Sujet-PileZincAir-5pts.pdf;https://www.labolycee.org/sites/default/files/2021-12/2020-Tle-SPE-Sujetzero-Exo2-Correction-PileZincAir-5pts.pdf
Lodeur de Jasmin;https://labolycee.org/lodeur-de-jasmin;4 points;Tale Spécialité Physique Chimie | Python | Synthèse organique;42 minutes;https://www.labolycee.org/sites/default/files/2026-06/2026-Metro-J1-Exo2-Sujet-OdeurDeJasmin-4pts_0.pdf;https://www.labolycee.org/sites/default/files/2026-06/2026-Metro-J1-Exo2-Correction-OdeurDeJasmin-4pts_3.pdf
Une synthèse non totale, lestérification;https://labolycee.org/une-synthese-non-totale-lesterification;4 points;Tale Spécialité Physique Chimie | Synthèse organique;42 minutes;https://www.labolycee.org/sites/default/files/2026-06/2026-CentresEtrangers1-J2-Exo3-Sujet-Esterification-4pts_1.pdf;https://www.labolycee.org/sites/default/files/2026-06/2026-CentresEtrangers1-J2-Exo3-Correction-Esterification-4pts.pdf
Synthèse de la benzocaïne;https://labolycee.org/synthese-de-la-benzocaine;4 points;Tale Spécialité Physique Chimie | Synthèse organique;42 minutes;https://www.labolycee.org/sites/default/files/2026-05/2026-Labolycee-Sujet-SyntheseBenzocaine.pdf;https://www.labolycee.org/sites/default/files/2026-06/2026-Labolycee-Correction-SyntheseBenzocaine.pdf
Le gallate de propyle;https://labolycee.org/le-gallate-de-propyle;4 points;Tale Spécialité Physique Chimie | Synthèse organique;38 minutes;https://www.labolycee.org/sites/default/files/2025-05/2024-AmNord-J1-Exo3-Sujet-Gallate-Propyle-4pts.pdf;https://www.labolycee.org/sites/default/files/2024-06/2024-AmNord-J1-Exo3-Correction-GallatePropyle-4pts_0.pdf
Un savon fait maison;https://labolycee.org/un-savon-fait-maison;5 points;Tale Spécialité Physique Chimie | Synthèse organique;53 minutes;https://www.labolycee.org/sites/default/files/2024-04/2023-09-Metropole-J1-Exo3-Sujet-Savons-5pts.pdf;https://www.labolycee.org/sites/default/files/2024-02/2023-09-Metropole-J1-Exo3-Correction-Savons-5pts.pdf
Mouvement sur un plan incliné;https://labolycee.org/mouvement-sur-un-plan-incline;10 points;Tale Spécialité Physique Chimie | 2nde Loi Newton;30 minutes;https://www.labolycee.org/sites/default/files/2026-06/2026-Metro-J1-SI-ExoA-Sujet-MRUA-Ski.pdf;https://www.labolycee.org/sites/default/files/2026-06/2026-Metro-J1-SI-ExoA-Correction-MRUA-Ski.pdf
Lancer de marteau;https://labolycee.org/lancer-de-marteau;10 points;Tale Spécialité Physique Chimie | 2nde Loi Newton;30 minutes;https://www.labolycee.org/sites/default/files/2026-06/2026-CentresEtrangers1-SI-J2-ExoB-Sujet-LancerMarteau.pdf;https://www.labolycee.org/sites/default/files/2026-06/2026-CentresEtrangers1-SI-J2-ExoB-Correction-LancerMarteau_0.pdf
Tour Montparnasse;https://labolycee.org/tour-montparnasse;11 points;Tale Spécialité Physique Chimie | 2nde Loi Newton | Effet photoélectrique | Fluide | Python | Thermodynamique;1 heure 56 minutes;https://www.labolycee.org/sites/default/files/2025-11/2025-Amsud-J1-Exo1-Sujet-TourMontparnasse-11pts.pdf;
Viscosimètre à chute de bille;https://labolycee.org/viscosimetre-chute-de-bille;5 points;Tale Spécialité Physique Chimie | 2nde Loi Newton;53 minutes;https://www.labolycee.org/sites/default/files/2026-07/2025-Metro-J1-Exo3-Sujet-Viscosimetre-5pts.pdf;https://www.labolycee.org/sites/default/files/2025-06/2025-Metro-J1-Exo3-Correction-Viscosimetre-5pts_6.pdf
Saut de puce;https://labolycee.org/saut-de-puce;10 points;Tale Spécialité Physique Chimie | 2nde Loi Newton | Mouvement dans un champ de pesanteur uniforme;30 minutes;https://www.labolycee.org/sites/default/files/2025-10/2025-CtresEtrangers1-SI-J1-Exo1-Sujet-SautPuce-10pts-30min.pdf;https://www.labolycee.org/sites/default/files/2025-10/2025-CtresEtrangers1-SI-J1-Exo1-Correction-SautPuce-10pts-30min.pdf
La viscosité du glycérol;https://labolycee.org/la-viscosite-du-glycerol;6 points;Tale Spécialité Physique Chimie | 2nde Loi Newton | Mouvement dans un champ de pesanteur uniforme;1 heure 3 minutes;https://www.labolycee.org/sites/default/files/2026-07/2025-CtresEtrangers1-J2-Exo3-Sujet-ChuteVisqueuse-6pts.pdf;https://www.labolycee.org/sites/default/files/2025-06/2025-CtresEtrangers1-J2-Exo3-Correction-ChuteVisqueuse-6pts_1.pdf
Radar pédagogique équipé dun panneau solaire;https://labolycee.org/radar-pedagogique-equipe-dun-panneau-solaire;6 points;Tale Spécialité Physique Chimie | 2nde Loi Newton | Effet Doppler | Effet photoélectrique;1 heure 3 minutes;https://www.labolycee.org/sites/default/files/2025-06/2025-CtresEtrangers-J1-Exo2-Sujet-RadarSolaire-6pts.pdf;https://www.labolycee.org/sites/default/files/2025-06/2025-CtresEtrangers-J1-Exo2-Correction-RadarSolaire-6pts_0.pdf
Physique et raccordement routier;https://labolycee.org/physique-et-raccordement-routier;5 points;Tale Spécialité Physique Chimie | 2nde Loi Newton | Python;53 minutes;https://www.labolycee.org/sites/default/files/2025-10/2025-AmNord-J1-Exo2-Sujet-Virage-5pts.pdf;https://www.labolycee.org/sites/default/files/2025-12/2025-AmNord-J1-Exo2-Correction-Virage-5pts.pdf
Émilie du châtelet, madame pompon Newton;https://labolycee.org/emilie-du-chatelet-madame-pompon-newton;5 points;Tale Spécialité Physique Chimie | 2nde Loi Newton | Mouvement dans un champ de pesanteur uniforme;53 minutes;https://www.labolycee.org/sites/default/files/2025-06/2024-09-Polynesie-Exo3-Sujet-EmilieDuChatelet-5pts.pdf;https://www.labolycee.org/sites/default/files/2024-10/2024-09-Polynesie-Exo3-Correction-EmilieDuChatelet-5pts.pdf
Vol en montgolfière;https://labolycee.org/vol-en-montgolfiere;11 points;Tale Spécialité Physique Chimie | 2nde Loi Newton | Fluide | Mouvement dans un champ de pesanteur uniforme | Thermodynamique;1 heure 5 minutes;https://www.labolycee.org/sites/default/files/2025-09/2024-09-Metro-J2-Exo1-Sujet-Montgolfiere-11pts.pdf;https://www.labolycee.org/sites/default/files/2025-06/2024-09-Metro-J2-Exo1-Correction-Montgolfiere-11pts.pdf
Le curling;https://labolycee.org/le-curling;10 points;Tale Spécialité Physique Chimie | 2nde Loi Newton;30 minutes;https://www.labolycee.org/sites/default/files/2024-06/2024-Metro-SI-J1-Exo2-Sujet-Curling-10pts-30min.pdf;https://www.labolycee.org/sites/default/files/2024-06/2024-Metro-SI-J1-Exo2-Correction-Curling-10pts-30min_0.pdf
Accéléromètre dun mobile multifonction;https://labolycee.org/accelerometre-dun-mobile-multifonction;6 points;Tale Spécialité Physique Chimie | 2nde Loi Newton | Mouvement dans un champ de pesanteur uniforme;1 heure 3 minutes;https://www.labolycee.org/sites/default/files/2025-05/2024-Metro-J1-Exo3-Sujet-AccelerometreMobile-6pts.pdf;https://www.labolycee.org/sites/default/files/2026-04/2024-Metro-J1-Exo3-Correction-MecaMobile-6pts.pdf
Lexpérience de Millikan revisitée par des chercheurs suédois;https://labolycee.org/lexperience-de-millikan-revisitee-par-des-chercheurs-suedois;11 points;Tale Spécialité Physique Chimie | 2nde Loi Newton | Circuits RC | Mouvement dans un champ électrique uniforme;1 heure 55 minutes;https://www.labolycee.org/sites/default/files/2024-01/2023-09-Polynesie-Exo1-Sujet-RC-Millikan-11pts.pdf;https://www.labolycee.org/sites/default/files/2026-03/2023-09-Polynesie-Exo1-Correction-RC-Millikan-11pts.pdf
Comprendre les nuages;https://labolycee.org/comprendre-les-nuages;11 points;Tale Spécialité Physique Chimie | 2nde Loi Newton | intensité sonore | Satellites, Lois de Kepler;1 heure 56 minutes;https://www.labolycee.org/sites/default/files/2024-04/2023-Liban-J2-Exo1-Sujet-Nuage-11pts.pdf;https://www.labolycee.org/sites/default/files/2024-05/2023-Liban-J2-Exo1-Correction-Nuage-11pts.pdf
Etudes de manoeuvres avec un gyropode;https://labolycee.org/etudes-de-manoeuvres-avec-un-gyropode;10 points;Tale Spécialité Physique Chimie | 2nde Loi Newton;30 minutes;https://www.labolycee.org/sites/default/files/2025-06/2022-NelleCaledo-SI-J2-Exo1-Sujet-GyropodeMCU-10pts.pdf;https://www.labolycee.org/sites/default/files/2024-01/2022-NelleCaledo-SI-J2-Exo1-Correction-GyropodeMCU-10pts.pdf
Lairbag;https://labolycee.org/lairbag;10 points;Tale Spécialité Physique Chimie | 2nde Loi Newton | Circuits RC;1 heure 45 minutes;https://www.labolycee.org/sites/default/files/2023-02/2022-Amsud-J2-Exo1-Sujet-Airbag-10pts.pdf;https://www.labolycee.org/sites/default/files/2023-03/2022-AmSud-J2-Exo1-Correction-Airbag-10pts.pdf
Atterrissage du premier étage dune fusée;https://labolycee.org/atterrissage-du-premier-etage-dune-fusee;5 points;Tale Spécialité Physique Chimie | 2nde Loi Newton | Mouvement dans un champ de pesanteur uniforme;53 minutes;https://www.labolycee.org/sites/default/files/2024-04/2022-Amsud-J1-ExoC-Sujet-FuseeAtterrissage-5pts.pdf;https://www.labolycee.org/sites/default/files/2022-12/2022-Amsud-J1-ExoC-Correction-FuseeAterrissage-5pts.pdf
Télémètre à ultrasons;https://labolycee.org/telemetre-ultrasons;10 points;Tale Spécialité Physique Chimie | 2nde Loi Newton | Mouvement dans un champ de pesanteur uniforme | Python;1 heure 45 minutes;https://www.labolycee.org/sites/default/files/2024-04/2022-Asie-J2-Exo1-Sujet-Telemetre-EqHoraire-ThEc-10pts.pdf;https://www.labolycee.org/sites/default/files/2023-03/2022-Asie-J2-Exo1-Correction-Telemetre-EqHoraire-ThEc-10pts.pdf
Formule 1 : Freinage en ligne droite;https://labolycee.org/formule-1-freinage-en-ligne-droite;5 points;Tale Spécialité Physique Chimie | 2nde Loi Newton;53 minutes;https://www.labolycee.org/sites/default/files/2024-04/2022-Asie-J1-ExoA-Sujet-Formule1-5pts.pdf;https://www.labolycee.org/sites/default/files/2023-02/2022-Asie-J1-ExoA-Correction-Formule1-5pts.pdf
Ingenuity, le premier hélicoptère à voler sur Mars;https://labolycee.org/ingenuity-le-premier-helicoptere-voler-sur-mars;10 points;Tale Spécialité Physique Chimie | 2nde Loi Newton | Mouvement dans un champ de pesanteur uniforme;1 heure 45 minutes;https://www.labolycee.org/sites/default/files/2022-11/2022-NelleCaledo-J1-Exo1-Sujet-Ingenuity-10pts.pdf;https://www.labolycee.org/sites/default/files/2023-02/2022-NelleCaledo-J1-Exo1-Correction-Ingenuity-10pts.pdf
Étude dune frappe au football;https://labolycee.org/etude-dune-frappe-au-football;10 points;Tale Spécialité Physique Chimie | 2nde Loi Newton;30 minutes;https://www.labolycee.org/sites/default/files/2023-09/2022-09-SI-Metro-J1-ExoA-Sujet-FootballMeca-10pts.pdf;https://www.labolycee.org/sites/default/files/2023-10/2022-09-SI-Metro-J1-ExoA-Correction-FootballMeca-10pts.pdf
La physique de la plongée;https://labolycee.org/la-physique-de-la-plongee;10 points;Tale Spécialité Physique Chimie | 2nde Loi Newton | Thermodynamique;1 heure 45 minutes;https://www.labolycee.org/sites/default/files/2024-04/2022-09-Metro-J2-Exo1-Sujet-PhysiquePlongee-10pts.pdf;https://www.labolycee.org/sites/default/files/2023-06/2022-09-Metro-J2-Exo1-Correction-PhysiquePlongee-10pts_0.pdf
Vol droit déquilibre dun parapentiste;https://labolycee.org/vol-droit-dequilibre-dun-parapentiste;10 points;Tale Spécialité Physique Chimie | 2nde Loi Newton;30 minutes;https://www.labolycee.org/sites/default/files/2024-04/2022-Polynesie-SI-J2-Exo1-Sujet-Parapente.pdf;https://www.labolycee.org/sites/default/files/2022-06/2022-Polynesie-SI-J2-Exo1-Correction-Parapente.pdf
Mission Mars 2020 : le portrait - robot de  Persévérance;https://labolycee.org/mission-mars-2020-le-portrait-robot-de-perseverance;10 points;Tale Spécialité Physique Chimie | 2nde Loi Newton | Mouvement dans un champ de pesanteur uniforme;30 minutes;https://www.labolycee.org/sites/default/files/2024-01/2022-CtresEtrangers2-SI-J2-Exo3-Sujet-Perseverance-10pts.pdf;https://www.labolycee.org/sites/default/files/2022-06/2022-CentresEtrangers2-SI-J2-Exo3-Correction-Perseverance.pdf
Jeu dévasion;https://labolycee.org/jeu-devasion;11 points;Tale Spécialité Physique Chimie | Circuits RC | Interférences | Mouvement dans un champ de pesanteur uniforme;1 heure 56 minutes;https://www.labolycee.org/sites/default/files/2026-06/2026-Asie-J2-Exo1-Sujet-JeuEVasion-11pts.pdf;https://www.labolycee.org/sites/default/files/2026-06/2026-Asie-J2-Exo1-Correction-JeuEvasion-11pts.pdf
La wemba-mania;https://labolycee.org/la-wemba-mania;5 points;Tale Spécialité Physique Chimie | Mouvement dans un champ de pesanteur uniforme;53 minutes;https://www.labolycee.org/sites/default/files/2026-06/2026-AmNord-J1-Exo3-Sujet-WembaMania-5pts_0.pdf;https://www.labolycee.org/sites/default/files/2026-06/2026-AmNord-J1-Exo3-Correction-WembaMania-5pts_1.pdf
La physique sinvite sur un terrain de rugby;https://labolycee.org/la-physique-sinvite-sur-un-terrain-de-rugby;6 points;Tale Spécialité Physique Chimie | Mouvement dans un champ de pesanteur uniforme | Python;1 heure 3 minutes;https://www.labolycee.org/sites/default/files/2026-06/2025-11-NelleCaledonie-J2-Exo2-Sujet-Rugby-6pts.pdf;https://www.labolycee.org/sites/default/files/2026-06/2025-11-NelleCaledonie-J2-Exo2-Correction-Rugby.pdf
Jeu de billes et gravité;https://labolycee.org/jeu-de-billes-et-gravite;5 points;Tale Spécialité Physique Chimie | Mouvement dans un champ de pesanteur uniforme | Python;53 minutes;https://www.labolycee.org/sites/default/files/2025-09/2025-09-Metro-J2-Secours-Exo2-Sujet-Em-PlanIncline-5pts.pdf;
Entraînement des spationautes;https://labolycee.org/entrainement-des-spationautes;10 points;Tale Spécialité Physique Chimie | Mouvement dans un champ de pesanteur uniforme | Satellites, Lois de Kepler;30 minutes;https://www.labolycee.org/sites/default/files/2026-03/2025-Polynesie-SI-ExoB-Sujet-Spationautes-30min.pdf;https://www.labolycee.org/sites/default/files/2025-06/2025-Polynesie-SI-ExoB-Correction-Spationautes-30min_0.pdf
Le mölkky;https://labolycee.org/le-molkky;6 points;Tale Spécialité Physique Chimie | Mouvement dans un champ de pesanteur uniforme | Python;1 heure 3 minutes;https://www.labolycee.org/sites/default/files/2025-09/2025-Polynesie-J1-Exo2-Sujet-Molkky-6pts.pdf;https://www.labolycee.org/sites/default/files/2025-12/2025-Polynesie-J1-Exo2-Correction-Molky-6pts.pdf
Le jeu du palet;https://labolycee.org/le-jeu-du-palet;10 points;Tale Spécialité Physique Chimie | Mouvement dans un champ de pesanteur uniforme;30 minutes;https://www.labolycee.org/sites/default/files/2025-06/2024-09-Metro-SI-ExoA-Sujet-JeuPalet-10pts-30min.pdf;https://www.labolycee.org/sites/default/files/2025-11/2024-09-Metro-SI-ExoA-Correction-JeuPalet-10pts-30min.pdf
Slam dunk au golf;https://labolycee.org/slam-dunk-au-golf;6 points;Tale Spécialité Physique Chimie | Effet Doppler | Mouvement dans un champ de pesanteur uniforme;1 heure 3 minutes;https://www.labolycee.org/sites/default/files/2026-02/2025-Asie-J2-Exo2-Sujet-SlamDunkGolf-6pts.pdf;https://www.labolycee.org/sites/default/files/2025-06/2025-Asie-J2-Exo2-Correction-SlamDunkGolf-6pts_0.pdf
Raven Saunders, la lanceuse de poids américaine;https://labolycee.org/raven-saunders-la-lanceuse-de-poids-americaine;6 points;Tale Spécialité Physique Chimie | Mouvement dans un champ de pesanteur uniforme;1 heure 3 minutes;https://www.labolycee.org/sites/default/files/2025-05/2025-AmNord-R-Exo3-Sujet-LancerPoids-6pts.pdf;https://www.labolycee.org/sites/default/files/2025-05/2025-AmNord-R-Exo3-Correction-LancerPoids-6pts_2.pdf
Autour du basket-ball;https://labolycee.org/autour-du-basket-ball;11 points;Tale Spécialité Physique Chimie | intensité sonore | Mouvement dans un champ de pesanteur uniforme | Python;1 heure 55 minutes;https://www.labolycee.org/sites/default/files/2024-11/2024-Metro-J2-Exo1-Sujet-BasketBall-11pts.pdf;https://www.labolycee.org/sites/default/files/2024-06/2024-Metro-J2-Exo1-Correction-BasketBall-11pts_0.pdf
Détermination de la valeur du champ de pesanteur à la surface de la Lune;https://labolycee.org/determination-de-la-valeur-du-champ-de-pesanteur-la-surface-de-la-lune;6 points;Tale Spécialité Physique Chimie | Mouvement dans un champ de pesanteur uniforme;1 heure 3 minutes;https://www.labolycee.org/sites/default/files/2024-06/2024-CtresEtrangers1Bis-Exo3-Sujet-GolfLune-6ts_0.pdf;https://www.labolycee.org/sites/default/files/2024-06/2024-CtresEtrangers1Bis-Exo3-Correction-GolfLune-6ts.pdf
La tour de la terreur;https://labolycee.org/la-tour-de-la-terreur;10 points;Tale Spécialité Physique Chimie | Mouvement dans un champ de pesanteur uniforme;30 minutes;https://www.labolycee.org/sites/default/files/2025-09/2024-CtresEtrangers1-SI-J2-ExoB-Sujet-TourTerreur-10pts-30min.pdf;https://www.labolycee.org/sites/default/files/2024-08/2024-CtresEtrangers1-SI-J2-ExoB-Correction-TourTerreur-10pts-30min.pdf
Vol du drone Ingenuity sur Mars;https://labolycee.org/vol-du-drone-ingenuity-sur-mars;10 points;Tale Spécialité Physique Chimie | Mouvement dans un champ de pesanteur uniforme;30 minutes;https://www.labolycee.org/sites/default/files/2025-09/2024-CtresEtrangers1-SI-J1-ExoB-Sujet-Ingenuity-10pts-30min.pdf;https://www.labolycee.org/sites/default/files/2024-06/2024-CtresEtrangers1-SI-J1-ExoB-Correction-Ingenuity-10pts-30min.pdf
Lhomme canon;https://labolycee.org/lhomme-canon;5 points;Tale Spécialité Physique Chimie | Mouvement dans un champ de pesanteur uniforme;53 minutes;https://www.labolycee.org/sites/default/files/2024-10/2024-CtresEtrangers1-J1-Exo3-Sujet-HommeCanon-5pts.pdf;https://www.labolycee.org/sites/default/files/2024-06/2024-CtresEtrangers-J1-Exo3-Correction-HommeCanon-5pts_0.pdf
Points de règlement au tennis de table;https://labolycee.org/points-de-reglement-au-tennis-de-table;11 points;Tale Spécialité Physique Chimie | Effet Doppler | Mouvement dans un champ de pesanteur uniforme;1 heure 55 minutes;https://www.labolycee.org/sites/default/files/2025-09/2024-AmNord-J2-Exo1-Sujet-TennisdeTable-11pts.pdf;https://www.labolycee.org/sites/default/files/2025-05/2024-AmNord-J2-Exo1-Correction-TennisdeTable-11pts.pdf
Tir à larc à la perche verticale;https://labolycee.org/tir-larc-la-perche-verticale;6 points;Tale Spécialité Physique Chimie | Mouvement dans un champ de pesanteur uniforme;1 heure 3 minutes;https://www.labolycee.org/sites/default/files/2024-06/2023-NelleCaledo-J2-Exo3-Sujet-TirVerticalFleche-6pts.pdf;https://www.labolycee.org/sites/default/files/2024-10/2023-NelleCaledo-J2-Exo-Correction-TirVerticalFleche-6pts.pdf
Peser un corps céleste;https://labolycee.org/peser-un-corps-celeste;10 points;Tale Spécialité Physique Chimie | Mouvement dans un champ de pesanteur uniforme;30 minutes;https://www.labolycee.org/sites/default/files/2024-04/2023-Reunion-SI-J2-ExoA-Sujet-PenduleMt-10pts-30min.pdf;https://www.labolycee.org/sites/default/files/2023-06/2023-Reunion-SI-J2-ExoA-Correction-PenduleMt-10pts-30min.pdf
Le street - une pratique olympique;https://labolycee.org/le-street-une-pratique-olympique;11 points;Tale Spécialité Physique Chimie | Circuits RC | Mouvement dans un champ de pesanteur uniforme | Python;1 heure 35 minutes;https://www.labolycee.org/sites/default/files/2024-04/2023-AmNord-J1-Exo1-Sujet-SkateRC-11pts.pdf;https://www.labolycee.org/sites/default/files/2025-06/2023-AmNord-J1-Exo1-Correction-SkateRC-11pts.pdf
Le cyclotron Arronax;https://labolycee.org/le-cyclotron-arronax;11 points;Tale Spécialité Physique Chimie | Mouvement dans un champ électrique uniforme | Nucléaire;1 heure 56 minutes;https://www.labolycee.org/sites/default/files/2026-06/2026-CtresEtrangers1-J2-Exo1-Sujet-Cyclotron-11pts_0.pdf;https://www.labolycee.org/sites/default/files/2026-06/2026-CtresEtrangers1-J2-Exo1-Correction-Cyclotron-11pts.pdf
Banc de test dun moteur ionique à iode;https://labolycee.org/banc-de-test-dun-moteur-ionique-iode;10 points;Tale Spécialité Physique Chimie | Mouvement dans un champ électrique uniforme;30 minutes;https://www.labolycee.org/sites/default/files/2026-06/2026-CentresEtrangers1-SI-J1-ExoB-Sujet-MoteurIonique.pdf;https://www.labolycee.org/sites/default/files/2026-06/2026-CentresEtrangers1-SI-J1-ExoB-Correction-MoteurIonique.pdf
La protonthérapie sauve la vue;https://labolycee.org/la-protontherapie-sauve-la-vue;5 points;Tale Spécialité Physique Chimie | Mouvement dans un champ électrique uniforme | Satellites, Lois de Kepler;53 minutes;https://www.labolycee.org/sites/default/files/2026-02/2024-Polynesie-J1-Exo2-Sujet-Cyclotron-5pts.pdf;https://www.labolycee.org/sites/default/files/2026-02/2024-Polynesie-J1-Exo2-Correction-Cyclotron-5pts.pdf
Les accélérateurs de particules au service de la médecine;https://labolycee.org/les-accelerateurs-de-particules-au-service-de-la-medecine;10 points;Tale Spécialité Physique Chimie | Mouvement dans un champ électrique uniforme;30 minutes;https://www.labolycee.org/sites/default/files/2024-08/2024-Metro-SI-J2-ExoA-Sujet-ProtonTherapie-10pts-30min.pdf;https://www.labolycee.org/sites/default/files/2026-02/2024-Metro-SI-J2-ExoA-Correction-ProtonTherapie-10pts-30min.pdf
Imprimante à jet dencre continu;https://labolycee.org/imprimante-jet-dencre-continu;5 points;Tale Spécialité Physique Chimie | Mouvement dans un champ électrique uniforme;53 minutes;https://www.labolycee.org/sites/default/files/2023-11/2023-09-Metropole-J2-Exo3-Sujet-MvtChpE-Imprimante-5pts.pdf;https://www.labolycee.org/sites/default/files/2023-11/2023-09-Metropole-J2-Exo3-Correction-MvtChpE-Imprimante-5pts.pdf
Mouvement dune goutte dencre dans une imprimante à jet dencre;https://labolycee.org/mouvement-dune-goutte-dencre-dans-une-imprimante-jet-dencre;11 points;Tale Spécialité Physique Chimie | Circuits RC | Mouvement dans un champ électrique uniforme;1 heure 56 minutes;https://www.labolycee.org/sites/default/files/2025-09/2023-Reunion-J2-Exo1-Sujet-GoutteJetEncreChpE-11pts.pdf;https://www.labolycee.org/sites/default/files/2024-04/2023-Reunion-J2-Exo1-Correction-GoutteJetEncreChpE-11pts.pdf
Le scanner à rayons X;https://labolycee.org/le-scanner-rayons-x;10 points;Tale Spécialité Physique Chimie | Mouvement dans un champ électrique uniforme;30 minutes;https://www.labolycee.org/sites/default/files/2024-10/2023-Reunion-SI-J1-Exo2-Sujet-ScanXChpE-10pts-30min.pdf;https://www.labolycee.org/sites/default/files/2023-06/2023-Reunion-SI-J1-Exo2-Correction-ScanXChpE-10pts-30min.pdf
étude des agrégats deau;https://labolycee.org/etude-des-agregats-deau;5 points;Tale Spécialité Physique Chimie | Mouvement dans un champ électrique uniforme;1 heure;https://www.labolycee.org/sites/default/files/2024-11/2023-Asie-J2-Exo3-Sujet-ChpEGoutteEau-5-5pts.pdf;https://www.labolycee.org/sites/default/files/2023-03/2023-Asie-J2-Exo3-Correction-ChpEGoutteEau-5-5pts.pdf
Principe de laccélérateur de Van de Graaff;https://labolycee.org/principe-de-laccelerateur-de-van-de-graaff;6 points;Tale Spécialité Physique Chimie | Mouvement dans un champ électrique uniforme;1 heure 3 minutes;https://www.labolycee.org/sites/default/files/2024-11/2023-Polynesie-J2-Exo3-Sujet-AccelerateurVanDeGraaf-6pts_0.pdf;https://www.labolycee.org/sites/default/files/2023-03/2023-Polynesie-J2-Exo3-Correction-AccelerateurVanDeGraff-6pts.pdf
Impression 3D dobjets métalliques;https://labolycee.org/impression-3d-dobjets-metalliques;10 points;Tale Spécialité Physique Chimie | Mouvement dans un champ électrique uniforme;30 minutes;https://www.labolycee.org/sites/default/files/2024-11/2022-Polynesie-SI-J1-Exo2-Sujet-Impression3D-10pts-30min.pdf;https://www.labolycee.org/sites/default/files/2022-06/2022-Polynesie-SI-J1-Exo2-Correction-Impression3D-ThEc.pdf
Dorothy Crowfoot, femme de sciences;https://labolycee.org/dorothy-crowfoot-femme-de-sciences;6 points;Tale Spécialité Physique Chimie | Interférences | Mouvement dans un champ électrique uniforme;1 heure 3 minutes;https://www.labolycee.org/sites/default/files/2024-04/2023-Polynesie-J1-Exo2-Sujet-CrowFoot-Interferences-ChpE-6pts.pdf;https://www.labolycee.org/sites/default/files/2023-03/2023-Polynesie-J1-Exo2-Correction-CrowFoot-Interferences-ChpE-6pts.pdf
Quelques utilisations du condensateur;https://labolycee.org/quelques-utilisations-du-condensateur;10 points;Tale Spécialité Physique Chimie | Circuits RC | Mouvement dans un champ électrique uniforme;1 heure 45 minutes;https://www.labolycee.org/sites/default/files/2024-04/2022-CentresEtrangers2-J2-Exo1-Sujet-CondensateurAccelerateur-10pts.pdf;https://www.labolycee.org/sites/default/files/2022-06/2022-CentresEtrangers2-J2-Exo1-Correction-CondensateurAccelerateur-10pts.pdf
Accélérateur linéaire Linac2 du CERN;https://labolycee.org/accelerateur-lineaire-linac2-du-cern;5 points;Tale Spécialité Physique Chimie | 2nde Loi Newton | Mouvement dans un champ électrique uniforme;55 minutes;https://www.labolycee.org/sites/default/files/2024-04/2021-Sujet-Zero-ExoB-AccelLineaire-5pts.pdf;
Mission Juice : percer les secrets des lunes glacées de Jupiter;https://labolycee.org/mission-juice-percer-les-secrets-des-lunes-glacees-de-jupiter;10 points;Tale Spécialité Physique Chimie | Satellites, Lois de Kepler;30 minutes;https://www.labolycee.org/sites/default/files/2026-06/2026-Metro-J2-SI-ExoB-Sujet-LunesJupiter.pdf;https://www.labolycee.org/sites/default/files/2026-06/2026-Metro-J2-SI-ExoB-Correction-LunesJupiter_1.pdf
Le satellite TESS;https://labolycee.org/le-satellite-tess;6 points;Tale Spécialité Physique Chimie | Satellites, Lois de Kepler;58 minutes;https://www.labolycee.org/sites/default/files/2026-06/2026-Metro-J2-Exo3-Sujet-SatelliteTESS-5-5pts.pdf;https://www.labolycee.org/sites/default/files/2026-06/2026-Metro-J2-Exo3-Correction-SatelliteTESS-5-5pts_1.pdf
Satellites de communication;https://labolycee.org/satellites-de-communication;6 points;Tale Spécialité Physique Chimie | Satellites, Lois de Kepler;1 heure 3 minutes;https://www.labolycee.org/sites/default/files/2026-06/2026-Asie-J1-Exo2-Sujet-Satellite-6pts.pdf;https://www.labolycee.org/sites/default/files/2026-06/2026-Asie-J1-Exo2-Correction-SatellitesCommunication-6pts.pdf
Exploration du ciel profond par le télescope James WEBB;https://labolycee.org/exploration-du-ciel-profond-par-le-telescope-james-webb;11 points;Tale Spécialité Physique Chimie | Effet Doppler | Satellites, Lois de Kepler;1 heure 56 minutes;https://www.labolycee.org/sites/default/files/2026-06/2025-Polynesie-J2-Exo1-Sujet-JWST-11pts.pdf;https://www.labolycee.org/sites/default/files/2026-06/2025-Polynesie-J2-Exo1-Correction-JWST-11pts.pdf
Métis, un satellite en sursis ?;https://labolycee.org/metis-un-satellite-en-sursis;6 points;Tale Spécialité Physique Chimie | Satellites, Lois de Kepler;1 heure 3 minutes;https://www.labolycee.org/sites/default/files/2026-04/2025-11-NelleCaledonie-J1-Exo3-Sujet-SatelliteMetis-6pts.pdf;
Mouvement de la sonde TGO autour de Mars;https://labolycee.org/mouvement-de-la-sonde-tgo-autour-de-mars;10 points;Tale Spécialité Physique Chimie | Satellites, Lois de Kepler;30 minutes;https://www.labolycee.org/sites/default/files/2026-03/2025-CtresEtrangers-SI-J2-ExoA-Sujet-SatelliteTGO.pdf;https://www.labolycee.org/sites/default/files/2026-03/2025-CtresEtrangers-SI-J2-ExoA-Correction-SatelliteTGO.pdf
Les satellites artificiels : Météosat;https://labolycee.org/les-satellites-artificiels-meteosat;12 points;Tale Spécialité Physique Chimie | Satellites, Lois de Kepler;40 minutes;https://www.labolycee.org/sites/default/files/2025-09/2025-09-Metro-SI-J1-ExoB-Sujet-MeteoSat.pdf;https://www.labolycee.org/sites/default/files/2025-12/2025-09-Metro-SI-J1-ExoB-Correction-MeteoSat.pdf
Position de lISS en temps réel;https://labolycee.org/position-de-liss-en-temps-reel;10 points;Tale Spécialité Physique Chimie | Satellites, Lois de Kepler;30 minutes;https://www.labolycee.org/sites/default/files/2025-06/2025-Metro-SI-J2-ExoB-Sujet-ISS.pdf;https://www.labolycee.org/sites/default/files/2025-06/2025-Metro-SI-J2-ExoB-Correction-ISS_0.pdf
Le destin funeste de la planète Kepler-1658b;https://labolycee.org/le-destin-funeste-de-la-planete-kepler-1658b;10 points;Tale Spécialité Physique Chimie | Satellites, Lois de Kepler;30 minutes;https://www.labolycee.org/sites/default/files/2025-06/2025-Metro-SI-J1-ExoB-Sujet-Kepler.pdf;https://www.labolycee.org/sites/default/files/2025-06/2025-Metro-SI-J1-ExoB-Correction-Kepler_1.pdf
La face cachée de la Lune;https://labolycee.org/la-face-cachee-de-la-lune;5 points;Tale Spécialité Physique Chimie | Nucléaire | Satellites, Lois de Kepler;53 minutes;https://www.labolycee.org/sites/default/files/2025-06/2025-CtresEtrangers1-J1-Exo3-Sujet-FaceCacheeLune-5pts.pdf;https://www.labolycee.org/sites/default/files/2025-06/2025-CtresEtrangers1-J1-Exo3-Correction-FaceCacheeLune-5pts_2.pdf
La découverte de Neptune;https://labolycee.org/la-decouverte-de-neptune;5 points;Tale Spécialité Physique Chimie | Lunette astronomique | Satellites, Lois de Kepler;53 minutes;https://www.labolycee.org/sites/default/files/2025-09/2024-09-Metro-J1-Exo2-Sujet-Neptune-Lunette-5pts.pdf;
Mouvement du télescope James-Webb dans un champ de gravitation satellite;https://labolycee.org/mouvement-du-telescope-james-webb-dans-un-champ-de-gravitation-satellite;10 points;Tale Spécialité Physique Chimie | Satellites, Lois de Kepler;30 minutes;https://www.labolycee.org/sites/default/files/2025-09/2024-Polynesie-SI-ExoA-Sujet-JamesWebb-10pts-30min.pdf;https://www.labolycee.org/sites/default/files/2024-11/2024-Polynesie-SI-ExoA-Correction-JamesWebb-10pts-30min.pdf
La masse de la Terre;https://labolycee.org/la-masse-de-la-terre;6 points;Tale Spécialité Physique Chimie | Satellites, Lois de Kepler;1 heure 3 minutes;https://www.labolycee.org/sites/default/files/2025-03/2024-Polynesie-J2-Exo2-Sujet-MasseTerreAsterix-6pts.pdf;https://www.labolycee.org/sites/default/files/2025-02/2024-Polynesie-J2-Exo2-Correction-MasseTerreAsterix-6pts.pdf
à la découverte des lunes glacées de Jupiter;https://labolycee.org/la-decouverte-des-lunes-glacees-de-jupiter;6 points;Tale Spécialité Physique Chimie | Satellites, Lois de Kepler;1 heure 3 minutes;https://www.labolycee.org/sites/default/files/2024-11/2024-CtresEtrangers1-J2-Exo2-Sujet-Juice-Satellite-6pts.pdf;https://www.labolycee.org/sites/default/files/2025-01/2024-CtresEtrangers-J2-Exo2-Correction-Juice-Satellite-6pts.pdf
Observation dun volcan par interférométrie satellitaire radar;https://labolycee.org/observation-dun-volcan-par-interferometrie-satellitaire-radar;11 points;Tale Spécialité Physique Chimie | Interférences | Python | Satellites, Lois de Kepler;1 heure 56 minutes;https://www.labolycee.org/sites/default/files/2025-10/2024-AmNord-J1-Exo1-Sujet-Satellite-Interferences-Volcan-11pts.pdf;https://www.labolycee.org/sites/default/files/2024-05/2024-AmNord-J1-Exo1-Correction-Satellite-Interferences-Volcan-11pts_3.pdf
Mars vue sous lœil de Kepler;https://labolycee.org/mars-vue-sous-loeil-de-kepler;6 points;Tale Spécialité Physique Chimie | Lunette astronomique | Python | Satellites, Lois de Kepler;1 heure 3 minutes;https://www.labolycee.org/sites/default/files/2024-02/2023-09-Metropole-J2-Exo3-Sujet-Kepler-Lunette-6pts.pdf;https://www.labolycee.org/sites/default/files/2026-02/2023-09-Metropole-J2-Exo3-Correction-Kepler-Lunette-6pts.pdf
Autour de Saturne;https://labolycee.org/autour-de-saturne;11 points;Tale Spécialité Physique Chimie | Diffraction | Lunette astronomique | Satellites, Lois de Kepler;1 heure 45 minutes;https://www.labolycee.org/sites/default/files/2024-04/2023-Asie-J1-Exo1-Sujet-Saturne-LunetteDiffractionSatellite-11pts.pdf;https://www.labolycee.org/sites/default/files/2024-01/2023-Asie-J1-Exo1-Correction-Saturne-LunetteDiffractionSatellite-11pts.pdf
A la découverte de Saturne;https://labolycee.org/la-decouverte-de-saturne;11 points;Tale Spécialité Physique Chimie | Lunette astronomique | Satellites, Lois de Kepler;1 heure 56 minutes;https://www.labolycee.org/sites/default/files/2025-09/2023-Metro-J1-Exo1-Sujet-Saturne-11pts.pdf;https://www.labolycee.org/sites/default/files/2023-03/2023-Metro-J1-Exo1-Correction-Saturne-11pts_1.pdf
Sagittarius A*;https://labolycee.org/sagittarius;10 points;Tale Spécialité Physique Chimie | Satellites, Lois de Kepler;30 minutes;https://www.labolycee.org/sites/default/files/2024-04/2023-Metropole-SI-J2-ExoB-Sujet-SagitariusA-10pts-30min.pdf;https://www.labolycee.org/sites/default/files/2023-03/2023-Metropole-SI-J2-ExoB-Correction-Sagittaire-10pts-30min.pdf
Combien de g dans lessoreuse à salade ?;https://labolycee.org/combien-de-g-dans-lessoreuse-salade;10 points;Tale Spécialité Physique Chimie | Satellites, Lois de Kepler;30 minutes;https://www.labolycee.org/sites/default/files/2024-04/2023-CtresEtrangers1-J2-SI-ExoB-Sujet-Essoreuse-30min-10pts.pdf;https://www.labolycee.org/sites/default/files/2024-05/2023-CtresEtrangers1-J2-SI-ExoB-Correction-Essoreuse-30min-10pts.pdf
Etude dun lave-linge;https://labolycee.org/etude-dun-lave-linge;11 points;Tale Spécialité Physique Chimie | Circuits RC | Fluide | Thermodynamique;1 heure 56 minutes;https://www.labolycee.org/sites/default/files/2026-06/2026-Metro-J1-Exo1-Sujet-LaveLinge-11pts.pdf;https://www.labolycee.org/sites/default/files/2026-06/2026-Metro-J1-Exo1-CorrectionLaveLinge-11pts_6.pdf
Des écoulements sanguins;https://labolycee.org/des-ecoulements-sanguins;5 points;Tale Spécialité Physique Chimie | Fluide;53 minutes;https://www.labolycee.org/sites/default/files/2026-04/2025-11-NelleCaledonie-J1-Exo2-Sujet-FluideSang-5pts.pdf;https://www.labolycee.org/sites/default/files/2026-05/2025-11-NelleCaledonie-J1-Exo2-Correction-FluideSang-5pts_0.pdf
Cargo dirigeable;https://labolycee.org/cargo-dirigeable;5 points;Tale Spécialité Physique Chimie | Fluide;53 minutes;https://www.labolycee.org/sites/default/files/2026-04/2025-AmSud-J2-Exo3-Sujet-BallonDirigeable-5pts.pdf;https://www.labolycee.org/sites/default/files/2025-11/2025-AmSud-J2-Exo3-Correction-BallonDirigeable-5pts.pdf
La physique au service du vigneron;https://labolycee.org/la-physique-au-service-du-vigneron;11 points;Tale Spécialité Physique Chimie | Circuits RC | Fluide | Thermodynamique;1 heure 55 minutes;https://www.labolycee.org/sites/default/files/2025-12/2025-09-Metropole-J1-Exo1-Sujet-PhysiqueVigneron-11pts.pdf;https://www.labolycee.org/sites/default/files/2026-04/2025-09-Metropole-J1-Exo1-Correction-PhysiqueVigneron-11pts.pdf
Installation sanitaire;https://labolycee.org/installation-sanitaire;11 points;Tale Spécialité Physique Chimie | Fluide | Thermodynamique;1 heure 55 minutes;https://www.labolycee.org/sites/default/files/2026-01/2025-Asie-J1-Exo1-Sujet-ChauffeEau-11pts.pdf;https://www.labolycee.org/sites/default/files/2025-06/2025-Asie-J1-Exo1-Correction-ChauffeEau-11pts_0.pdf
écoulement du sang dans une artère;https://labolycee.org/ecoulement-du-sang-dans-une-artere;5 points;Tale Spécialité Physique Chimie | Effet Doppler | Fluide;53 minutes;https://www.labolycee.org/sites/default/files/2025-05/2025-AmNord-R-Exo2-Sujet-DopplerSangBernoulli-5pts.pdf;https://www.labolycee.org/sites/default/files/2025-06/2025-AmNord-R-Exo2-Correction-DopplerSangBernoulli-5pts.pdf
Mostiglass®, le vitrage moustiquaire rafraichissant;https://labolycee.org/mostiglassr-le-vitrage-moustiquaire-rafraichissant;6 points;Tale Spécialité Physique Chimie | Diffraction | Fluide;53 minutes;https://www.labolycee.org/sites/default/files/2026-07/2025-AmNord-J2-Exo3-Sujet-Mostiglass-6pts.pdf;https://www.labolycee.org/sites/default/files/2025-05/2025-AmNord-J2-Exo3-Correction-Mostiglass-6pts.pdf
Traitement des eaux dun bassin dorage;https://labolycee.org/traitement-des-eaux-dun-bassin-dorage;6 points;Tale Spécialité Physique Chimie | Fluide;1 heure 3 minutes;https://www.labolycee.org/sites/default/files/2026-07/2025-AmNord-J1-Exo3-Traitement-Eau-Bassin-6pts.pdf;https://www.labolycee.org/sites/default/files/2025-05/2025-AmNord-J1-Exo3-Correction-Traitement-Eau-Bassin-6pts_3.pdf
La vie dune bulle;https://labolycee.org/la-vie-dune-bulle;5 points;Bac S 2003-2012 | Tronc commun | Physique | Évolution temporelle des systèmes mécaniques | Chutes | Tale Spécialité Physique Chimie | Fluide;1 heure 5 minutes;https://www.labolycee.org/sites/default/files/exos/sujets/2006/2006-09-National-Exo2-Sujet-Bulle-5-5pts.pdf;https://www.labolycee.org/sites/default/files/exos/corriges/2006/2006-09-National-Exo2-Correction-Bulle.pdf
La yaourtière;https://labolycee.org/la-yaourtiere;6 points;Tale Spécialité Physique Chimie | Thermodynamique;58 minutes;https://www.labolycee.org/sites/default/files/2026-06/2026-Metro-J2-Exo2-Sujet-Yaourtiere-Thermo-5-5pts.pdf;https://www.labolycee.org/sites/default/files/2026-06/2026-Metro-J2-Exo2-Correction-Yaourtiere-Thermo-5-5pts_2.pdf
Bilan thermique dun avion en altitude de croisière;https://labolycee.org/bilan-thermique-dun-avion-en-altitude-de-croisiere;10 points;Tale Spécialité Physique Chimie | Thermodynamique;30 minutes;https://www.labolycee.org/sites/default/files/2026-06/2026-Metro-J1-SI-ExoB-Sujet-ThermoAvion.pdf;https://www.labolycee.org/sites/default/files/2026-06/2026-Metro-J1-SI-ExoB-Correction-ThermoAvion.pdf
Une histoire de briques;https://labolycee.org/une-histoire-de-briques;10 points;Tale Spécialité Physique Chimie | Thermodynamique;30 minutes;https://www.labolycee.org/sites/default/files/2026-06/2026-CentresEtrangers1-SI-J2-ExoA-Sujet-BriqueThermo.pdf;https://www.labolycee.org/sites/default/files/2026-06/2026-CentresEtrangers1-SI-J2-ExoA-Correction-BriqueThermo.pdf
Jai froid aux pieds sur le carrelage, je préfère le parquet !;https://labolycee.org/jai-froid-aux-pieds-sur-le-carrelage-je-prefere-le-parquet;11 points;Tale Spécialité Physique Chimie | Thermodynamique;1 heure 56 minutes;https://www.labolycee.org/sites/default/files/2026-05/2026-AmNord-J2-Exo1-Sujet-ThermoCarrelage-11pts.pdf;https://www.labolycee.org/sites/default/files/2026-05/2026-AmNord-J2-Exo1-Correction-ThermoCarrelage-11pts_1.pdf
Chauffe-eau thermodynamique dun chalet;https://labolycee.org/chauffe-eau-thermodynamique-dun-chalet;6 points;Tale Spécialité Physique Chimie | Thermodynamique;1 heure 3 minutes;https://www.labolycee.org/sites/default/files/2025-11/2025-AmSud-J2-Exo2-Sujet-ChauufeEau-6pts.pdf;
Un bon liquide de refroidissement;https://labolycee.org/un-bon-liquide-de-refroidissement;10 points;Tale Spécialité Physique Chimie | Thermodynamique;30 minutes;https://www.labolycee.org/sites/default/files/2026-04/2025-11-NelleCaledonie-SI-ExoB-Sujet-LiquideRefroidissement-C.pdf;https://www.labolycee.org/sites/default/files/2026-06/2025-11-NelleCaledonie-SI-ExoB-Correction-LiquideRefroidissement-C.pdf
Le réfrigérateur;https://labolycee.org/le-refrigerateur;6 points;Tale Spécialité Physique Chimie | Thermodynamique;1 heure 3 minutes;https://www.labolycee.org/sites/default/files/2026-03/2025-09-Metropole-J2-Exo3-Sujet-Refrigerateur-6pts.pdf;https://www.labolycee.org/sites/default/files/2026-04/2025-09-Metropole-J2-Exo3-Correction-Refrigerateur-6pts.pdf
Préparation dun biberon;https://labolycee.org/preparation-dun-biberon;10 points;Tale Spécialité Physique Chimie | Thermodynamique;30 minutes;https://www.labolycee.org/sites/default/files/2025-09/2025-CtresEtrangers-SI-J2-ExoB-Sujet-ThermoBiberon.pdf;
Performances des bolomètres de Planck;https://labolycee.org/performances-des-bolometres-de-planck;5 points;Tale Spécialité Physique Chimie | Thermodynamique;53 minutes;https://www.labolycee.org/sites/default/files/2025-12/2025-Polynesie-J1-Exo3-Sujet-BolometrePlanck-5pts.pdf;https://www.labolycee.org/sites/default/files/2025-12/2025-Polynesie-J1-Exo3-Correction-BolometrePlanck-5pts_0.pdf
Température au sein dun igloo;https://labolycee.org/temperature-au-sein-dun-igloo;10 points;Tale Spécialité Physique Chimie | Thermodynamique;30 minutes;https://www.labolycee.org/sites/default/files/2026-07/2025-CtresEtrangers1-SI-J1-Exo2-Sujet-Igloo-10pts-30min.pdf;https://www.labolycee.org/sites/default/files/2026-03/2025-CtresEtrangers1-SI-J1-Exo2-Correction-Igloo-10pts-30min.pdf
Étude dune bouteille isotherme;https://labolycee.org/etude-dune-bouteille-isotherme;6 points;Tale Spécialité Physique Chimie | Thermodynamique;1 heure 3 minutes;https://www.labolycee.org/sites/default/files/2025-09/2024-09-Metro-J1-Exo3-Sujet-Thermos-6pts.pdf;https://www.labolycee.org/sites/default/files/2025-04/2024-09-Metro-J1-Exo3-Correction-Thermos-6pts.pdf
Évolution de la température dans une bouteille isotherme;https://labolycee.org/evolution-de-la-temperature-dans-une-bouteille-isotherme;10 points;Tale Spécialité Physique Chimie | Thermodynamique;30 minutes;https://www.labolycee.org/sites/default/files/2025-09/2024-Polynesie-SI-ExoB-Sujet-Thermos-10pts-30min.pdf;https://www.labolycee.org/sites/default/files/2025-06/2024-Polynesie-SI-ExoB-Correction-Thermos-10pts-30min.pdf
Au bonheur des hippocampes;https://labolycee.org/au-bonheur-des-hippocampes;5 points;Tale Spécialité Physique Chimie | Thermodynamique;53 minutes;https://www.labolycee.org/sites/default/files/2025-10/2024-Asie-J1-Exo3-Sujet-HippocampesAquariumThermo-5pts.pdf;https://www.labolycee.org/sites/default/files/2025-06/2024-Asie-J1-Exo3-Correction-HippocampesAquariumThermo-5pts.pdf
Couverture de survie ou couverture en laine ?;https://labolycee.org/couverture-de-survie-ou-couverture-en-laine;5 points;Tale Spécialité Physique Chimie | Thermodynamique;53 minutes;https://www.labolycee.org/sites/default/files/2025-05/2024-CtresEtrangers1-J2-Exo3-Sujet-Couverture-5pts.pdf;https://www.labolycee.org/sites/default/files/2024-08/2024-CtresEtrangers-J2-Exo3-Correction-Couverturedesurvie-5pts.pdf
Combien de temps avant lhypothermie ?;https://labolycee.org/combien-de-temps-avant-lhypothermie;10 points;Tale Spécialité Physique Chimie | Thermodynamique;30 minutes;https://www.labolycee.org/sites/default/files/2023-09/2023-NelleCaledo-SI-J1-ExoB-Sujet-Hypothermie-30min-10pts.pdf;https://www.labolycee.org/sites/default/files/2025-04/2023-NelleCaledo-SI-J1-ExoB-Correction-Hypothermie-30min-10pts.pdf
Installation dune fenêtre de toit;https://labolycee.org/installation-dune-fenetre-de-toit;10 points;Tale Spécialité Physique Chimie | Thermodynamique;30 minutes;https://www.labolycee.org/sites/default/files/2024-12/2023-Reunion-SI-J2-ExoB-Sujet-VeluxThermo-10pts-30min2.pdf;https://www.labolycee.org/sites/default/files/2024-12/2023-Reunion-SI-J2-ExoB-Correction-VeluxThermo-10pts-30min.pdf
Bicycle Moto cross;https://labolycee.org/bicycle-moto-cross;11 points;Tale Spécialité Physique Chimie | intensité sonore | Mouvement dans un champ de pesanteur uniforme | Thermodynamique;1 heure 56 minutes;https://www.labolycee.org/sites/default/files/2024-02/2023-AmNord-J2-Exo1-Sujet-MotoCross-11pts.pdf;https://www.labolycee.org/sites/default/files/2023-12/2023-AmNord-J2-Exo1-Correction-MotoCross-11pts.pdf
évolution de la température dun vaccin;https://labolycee.org/evolution-de-la-temperature-dun-vaccin;10 points;Tale Spécialité Physique Chimie | Thermodynamique;30 minutes;https://www.labolycee.org/sites/default/files/2024-04/2023-Reunion-SI-J1-Exo1-Sujet-TemperatureVaccin-10pts-30min.pdf;https://www.labolycee.org/sites/default/files/2025-01/2023-Reunion-SI-J1-Exo1-Correction-TemperatureVaccin-10pts-30min.pdf
Etude dune harpe électrique au service des abeilles domestiques;https://labolycee.org/etude-dune-harpe-electrique-au-service-des-abeilles-domestiques;11 points;Tale Spécialité Physique Chimie | Circuits RC | Diffraction | Effet photoélectrique;1 heure 56 minutes;https://www.labolycee.org/sites/default/files/2026-06/2026-CentresEtrangers1-J1-Exo1-Sujet-HarpeAbeilles-11pts.pdf;https://www.labolycee.org/sites/default/files/2026-06/2026-CentresEtrangers1-J1-Exo1-Correction-HarpeAbeilles-11pts_0.pdf
Les ondes lumineuses;https://labolycee.org/les-ondes-lumineuses;10 points;Tale Spécialité Physique Chimie | Diffraction | Interférences;30 minutes;https://www.labolycee.org/sites/default/files/2025-06/2025-Polynesie-SI-ExoA-Sujet-QCMOndes-30min_0.pdf;https://www.labolycee.org/sites/default/files/2025-10/2025-Polynesie-SI-ExoA-Correction-QCMOndes-30min.pdf
Un brin en matière synthétique;https://labolycee.org/un-brin-en-matiere-synthetique;10 points;Tale Spécialité Physique Chimie | Diffraction;30 minutes;https://www.labolycee.org/sites/default/files/2025-06/2025-Metro-SI-J1-ExoA-Sujet-Diffraction.pdf;https://www.labolycee.org/sites/default/files/2025-06/2025-Metro-SI-J1-ExoA-Correction-Diffraction_1.pdf
Une brosse à dents;https://labolycee.org/une-brosse-dents;6 points;Tale Spécialité Physique Chimie | Diffraction | intensité sonore;1 heure 3 minutes;https://www.labolycee.org/sites/default/files/2025-10/2024-09-Polynesie-Exo2-Sujet-Diffraction-L-BrosseDents-6pts.pdf;https://www.labolycee.org/sites/default/files/2025-03/2024-09-Polynesie-Exo2-Correction-Diffraction-L-BrosseDents-6pts.pdf
étude de la caléfaction;https://labolycee.org/etude-de-la-calefaction;5 points;Tale Spécialité Physique Chimie | Diffraction;53 minutes;https://www.labolycee.org/sites/default/files/2025-11/2024-Polynesie-J2-Exo3-Sujet-Diffraction%20-Leidenfrost-5pts.pdf;https://www.labolycee.org/sites/default/files/2025-12/2024-Polynesie-J2-Exo3-Correction-Diffraction-Leidenfrost-5pts.pdf
Acoustique dune salle de spectacle;https://labolycee.org/acoustique-dune-salle-de-spectacle;10 points;Tale Spécialité Physique Chimie | Diffraction | Interférences;30 minutes;https://www.labolycee.org/sites/default/files/2025-10/2024-CtresEtrangers1-SI-J1-ExoA-Sujet-Acoustique-10pts-30min.pdf;https://www.labolycee.org/sites/default/files/2024-06/2024-CtresEtrangers1-SI-J1-ExoA-Correction-Acoustique-10pts-30min.pdf
Utilisation dun laser comme instrument de mesure;https://labolycee.org/utilisation-dun-laser-comme-instrument-de-mesure;6 points;Tale Spécialité Physique Chimie | Diffraction | Interférences;1 heure 3 minutes;https://www.labolycee.org/sites/default/files/2024-11/2024-CtresEtrangers1-J1-Exo2-Sujet-Diffraction-6pts.pdf;https://www.labolycee.org/sites/default/files/2024-09/2024-CentresEtrangers1-J1-Exo2-Correction-Diffraction-6pts_0.pdf
Étude dun analyseur dhématologie;https://labolycee.org/etude-dun-analyseur-dhematologie;10 points;Tale Spécialité Physique Chimie | Diffraction;30 minutes;https://www.labolycee.org/sites/default/files/2025-09/2023-Polynesie-SI-Exo2-Sujet-DiffractionHematologie-10pts-30min.pdf;https://www.labolycee.org/sites/default/files/2023-03/2023-Polynesie-SI-Exo2-Correction-DiffractionHematologie-10pts-30min.pdf
Contrôle de la largeur dun fil de suture;https://labolycee.org/controle-de-la-largeur-dun-fil-de-suture;5 points;Tale Spécialité Physique Chimie | Diffraction;53 minutes;https://www.labolycee.org/sites/default/files/2025-06/2022-09-Metro-J1-ExoC-Sujet-DiffractionSuture-5pts.pdf;https://www.labolycee.org/sites/default/files/2023-01/2022-09-Metro-J1-ExoC-Correction-DiffractionSuture-5pts.pdf
Mesure de la taille des mailles dun masque respiratoire;https://labolycee.org/mesure-de-la-taille-des-mailles-dun-masque-respiratoire;10 points;Tale Spécialité Physique Chimie | Diffraction | Interférences;30 minutes;https://www.labolycee.org/sites/default/files/2023-02/2022-09-SI-Metro-J2-ExoA-Sujet-DiffractionMasque-10pts.pdf;https://www.labolycee.org/sites/default/files/2023-02/2022-09-SI-Metro-J2-ExoA-Correction-DiffractionMasque-10pts_0.pdf
Photographie de létoile Albiréo au télescope 200 mm;https://labolycee.org/photographie-de-letoile-albireo-au-telescope-200-mm;10 points;Tale Spécialité Physique Chimie | Diffraction;30 minutes;https://www.labolycee.org/sites/default/files/2023-01/2022-Polynesie-SI-J2-Exo3-Sujet-DiffractionEtoile.pdf;https://www.labolycee.org/sites/default/files/2022-07/2022-Polynesie-SI-J2-Exo3-Correction-DiffractionEtoile.pdf
Granulométrie du lactose;https://labolycee.org/granulometrie-du-lactose;10 points;Tale Spécialité Physique Chimie | Diffraction;30 minutes;https://www.labolycee.org/sites/default/files/2025-06/2022-CentresEtrangers2-SI-J2-Exo1-Sujet-DiffractionLactose-10pts.pdf;https://www.labolycee.org/sites/default/files/2022-07/2022-CentresEtrangers2-SI-J2-Exo1-Correction-DiffractionLactose.pdf
Dimension dune microalgue;https://labolycee.org/dimension-dune-microalgue;10 points;Tale Spécialité Physique Chimie | Diffraction;30 minutes;https://www.labolycee.org/sites/default/files/2025-06/2022-CentresEtrangers2-SI-J1-Exo1-Sujet-DiffractionAlgue-10pts.pdf;https://www.labolycee.org/sites/default/files/2022-06/2022-CentresEtrangers2-SI-J1-Exo1-Correction-DiffractionAlgue.pdf
Acoustique dune salle;https://labolycee.org/acoustique-dune-salle;5 points;Tale Spécialité Physique Chimie | Diffraction;53 minutes;https://www.labolycee.org/sites/default/files/2022-06/2022-Polynesie-J1-ExoC-Sujet-AcoustiqueSalle-5pts.pdf;https://www.labolycee.org/sites/default/files/2022-05/2022-Polynesie-J1-ExoC-Correction-AcoustiqueSalle-5pts_1.pdf
Appareil photographique;https://labolycee.org/appareil-photographique;3 points;Tale Spécialité Physique Chimie | Diffraction;30 minutes;https://www.labolycee.org/sites/default/files/2022-01/2021-09-Metro-SI-ExoC-Sujet-Diffraction.pdf;https://www.labolycee.org/sites/default/files/2024-04/2021-09-Metro-SI-ExoC-Correction-Diffraction.pdf
Etude de leffet Doppler à laide de deux téléphones;https://labolycee.org/etude-de-leffet-doppler-laide-de-deux-telephones;10 points;Tale Spécialité Physique Chimie | Effet Doppler;30 minutes;https://www.labolycee.org/sites/default/files/2026-06/2026-CentresEtrangers1-SI-J1-ExoA-Sujet-DopplerTelephone.pdf;https://www.labolycee.org/sites/default/files/2026-06/2026-CentresEtrangers1-SI-J1-ExoA-Correction-DopplerTelephone.pdf
Installation dun panneau routier;https://labolycee.org/installation-dun-panneau-routier;5 points;Tale Spécialité Physique Chimie | Effet Doppler | Effet photoélectrique;53 minutes;https://www.labolycee.org/sites/default/files/2026-04/2025-11-NelleCaledonie-J2-Exo3-Sujet-DopplerPhotoElectrique-5pts.pdf;https://www.labolycee.org/sites/default/files/2026-06/2025-11-NelleCaledonie-J2-Exo3-Correction-DopplerPhotoElectrique-5pts.pdf
Galaxie dAndromède;https://labolycee.org/galaxie-dandromede;10 points;Tale Spécialité Physique Chimie | Effet Doppler;30 minutes;https://www.labolycee.org/sites/default/files/2024-08/2024-Metro-SI-J1-ExoA-Sujet-AndromedeDoppler-10pts-30min.pdf;https://www.labolycee.org/sites/default/files/2024-06/2024-Metro-SI-Exo1-Correction-AndromedeDoppler-10pts-30min_0.pdf
Observation dun avion en vol;https://labolycee.org/observation-dun-avion-en-vol;5 points;Tale Spécialité Physique Chimie | Effet Doppler | Lunette astronomique;53 minutes;https://www.labolycee.org/sites/default/files/2024-08/2024-Metro-J1-Exo2-Sujet-LunetteDoppler-5pts.pdf;https://www.labolycee.org/sites/default/files/2025-06/2024-Metro-J1-Exo2-Correction-LunetteDoppler-5pts.pdf
Observation distante;https://labolycee.org/observation-distante;6 points;Tale Spécialité Physique Chimie | Lunette astronomique;1 heure 3 minutes;https://www.labolycee.org/sites/default/files/2025-10/2024-Asie-J1-Exo2-Sujet-Arcaja-Lunette-6pts.pdf;https://www.labolycee.org/sites/default/files/2024-06/2024-Asie-J1-Exo2-Correction-Arcaja-Lunette-6pts_0.pdf
Une jeune astronome;https://labolycee.org/une-jeune-astronome;6 points;Tale Spécialité Physique Chimie | Lunette astronomique;1 heure 3 minutes;https://www.labolycee.org/sites/default/files/2025-10/2024-Polynesie-J1-Exo3-Sujet-Lunette-6pts.pdf;https://www.labolycee.org/sites/default/files/2025-06/2024-Polynesie-J1-Exo3-Correction-Lunette-6pts.pdf
Observation ornithologique dune oie cendrée;https://labolycee.org/observation-ornithologique-dune-oie-cendree;11 points;Tale Spécialité Physique Chimie | Interférences | Lunette astronomique;1 heure 45 minutes;https://www.labolycee.org/sites/default/files/2024-01/2023-09-Metropole-J1-Exo1-Sujet-OieLunette-DiffractionInterferences-11pts.pdf;https://www.labolycee.org/sites/default/files/2024-02/2023-09-Metropole-J1-Exo1-Correction-OieLunette-DiffractionInterferences-11pts_0.pdf
Lobservation de Saturne;https://labolycee.org/lobservation-de-saturne;5 points;Tale Spécialité Physique Chimie | Lunette astronomique;53 minutes;https://www.labolycee.org/sites/default/files/2025-09/2023-NelleCaledo-J1-Exo2-Sujet-LunetteSaturne-5pts.pdf;
Observer les anneaux de Saturne;https://labolycee.org/observer-les-anneaux-de-saturne;5 points;Tale Spécialité Physique Chimie | Lunette astronomique;53 minutes;https://www.labolycee.org/sites/default/files/2025-06/2022-09-Metro-J1-ExoA-Sujet-Lunette-Saturne-5pts.pdf;
Observation de la Lune depuis la Terre;https://labolycee.org/observation-de-la-lune-depuis-la-terre;5 points;Tale Spécialité Physique Chimie | Lunette astronomique | Satellites, Lois de Kepler;53 minutes;https://www.labolycee.org/sites/default/files/2025-07/2022-Amsud-J1-ExoA-Sujet-LunetteLuneSatellite-5pts.pdf;https://www.labolycee.org/sites/default/files/2022-12/2022-Amsud-J1-ExoA-Correction-LunetteLuneSatellite-5pts.pdf
Observations de la division de Cassini;https://labolycee.org/observations-de-la-division-de-cassini;5 points;Tale Spécialité Physique Chimie | Lunette astronomique;53 minutes;https://www.labolycee.org/sites/default/files/2025-09/2022-Asie-J1-ExoB-Sujet-Lunette-DivisionCassini-5pts.pdf;https://www.labolycee.org/sites/default/files/2024-12/2022-Asie-J1-ExoB-Correction-Lunette-DivisionCassini-5pts.pdf
Observation dun satellite;https://labolycee.org/observation-dun-satellite;5 points;Tale Spécialité Physique Chimie | Lunette astronomique | Satellites, Lois de Kepler;53 minutes;https://www.labolycee.org/sites/default/files/2024-09/2022-CentresEtrangers2-J1-ExoA-Sujet-SatelliteStarlink-Lunette-5pts.pdf;https://www.labolycee.org/sites/default/files/2022-06/2022-CentresEtrangers2-J1-ExoA-Correction-SatelliteStarlink-Lunette-5pts.pdf
Détermination du diamètre de Jupiter;https://labolycee.org/determination-du-diametre-de-jupiter;5 points;Tale Spécialité Physique Chimie | Lunette astronomique;53 minutes;https://www.labolycee.org/sites/default/files/2025-09/2022-CentresEtrangers1-J2-ExoA-Sujet-LunetteJupiter-5pts.pdf;https://www.labolycee.org/sites/default/files/2022-07/2022-CentresEtrangers1-J2-ExoA-Correction-LunetteJupiter-5pts.pdf
La pente deau de Montech;https://labolycee.org/la-pente-deau-de-montech;5 points;Tale Spécialité Physique Chimie | 2nde Loi Newton | Lunette astronomique | Mouvement dans un champ de pesanteur uniforme;53 minutes;https://www.labolycee.org/sites/default/files/2022-09/2022-AmNord-J2-ExoA-Sujet-PenteLunette-5pts.pdf;https://www.labolycee.org/sites/default/files/2024-06/2022-AmNord-J2-ExoA-Correction-PenteLunette-5pts_0.pdf
Une exoplanète : 51PEG_b;https://labolycee.org/une-exoplanete-51pegb;5 points;Tale Spécialité Physique Chimie | Lunette astronomique | Satellites, Lois de Kepler;53 minutes;https://www.labolycee.org/sites/default/files/2025-12/2022-AmNord-J1-ExoC-Sujet-ExoPlanete-5pts.pdf;https://www.labolycee.org/sites/default/files/2025-12/2022-AmNord-J1-ExoC-Correction-ExoPlanete-5pts.pdf
Observation de la planète Mars;https://labolycee.org/observation-de-la-planete-mars;10 points;Tale Spécialité Physique Chimie | Lunette astronomique | Satellites, Lois de Kepler;1 heure 45 minutes;https://www.labolycee.org/sites/default/files/2025-09/2022-Metropole-J2-Exo1-Sujet-Mars-Satellite-10pts.pdf;https://www.labolycee.org/sites/default/files/2022-05/2022-Metropole-J2-Exo1-Correction-Mars-Satellite-10pts_1.pdf
Lunette astronomique et observations de Mars;https://labolycee.org/lunette-astronomique-et-observations-de-mars;10 points;Tale Spécialité Physique Chimie | Lunette astronomique | Thermodynamique;1 heure 45 minutes;https://www.labolycee.org/sites/default/files/2025-09/2022-CentresEtrangers1-J1-Exo1-Sujet-LunetteThermo-10pts.pdf;https://www.labolycee.org/sites/default/files/2022-05/2022-CentresEtrangers1-J1-Exo1-Correction-LunetteThermo-10pts.pdf
éclipse solaire du 10 juin 2021;https://labolycee.org/eclipse-solaire-du-10-juin-2021;5 points;Tale Spécialité Physique Chimie | Lunette astronomique;53 minutes;https://www.labolycee.org/sites/default/files/2022-06/2022-Polynesie-J1-ExoB-Sujet-LunetteEclipse-5pts.pdf;https://www.labolycee.org/sites/default/files/2022-05/2022-Polynesie-J1-ExoB-Correction-LunetteEclipse-5pts_2.pdf
Une lunette damateur pour voir des étoiles doubles;https://labolycee.org/une-lunette-damateur-pour-voir-des-etoiles-doubles;5 points;Tale Spécialité Physique Chimie | Lunette astronomique;53 minutes;https://www.labolycee.org/sites/default/files/2022-04/2021-Asie-Sujet2-ExoC-Lunette-5pts.pdf;https://www.labolycee.org/sites/default/files/2022-04/2021-Asie-Sujet2-ExoC-Correction-Lunette-5pts.pdf
Puissance rayonnée par la Lune;https://labolycee.org/puissance-rayonnee-par-la-lune;5 points;Tale Spécialité Physique Chimie | Lunette astronomique | Thermodynamique;53 minutes;https://www.labolycee.org/sites/default/files/2022-04/2021-09-Metro-ExoA-Sujet-LunetteThermo-5pts.pdf;https://www.labolycee.org/sites/default/files/2022-04/2021-09-Metro-ExoA-Correction-LunetteThermo-5pts.pdf
La Grande Lunette de Meudon;https://labolycee.org/la-grande-lunette-de-meudon;5 points;Tale Spécialité Physique Chimie | Lunette astronomique;55 minutes;https://www.labolycee.org/sites/default/files/2022-11/2021-Polynesie-Sujet-ExoC-LunetteMeudon-5pts.pdf;https://www.labolycee.org/sites/default/files/2025-03/2021-Polynesie-Sujet-ExoC-Correction-LunetteMeudon-5pts.pdf
Mesures dépaisseur;https://labolycee.org/mesures-depaisseur;5 points;Tale Spécialité Physique Chimie | Circuits RC | Lunette astronomique;55 minutes;https://www.labolycee.org/sites/default/files/2022-01/2021-06-Metro-ExoB-Sujet2-Microscope-RC-5pts_0.pdf;https://www.labolycee.org/sites/default/files/2022-01/2021-06-Metro-ExoB-Sujet2-Microscope-RC-5pts-Correction.pdf
La physique au service de laérogommage;https://labolycee.org/la-physique-au-service-de-laerogommage;10 points;Tale Spécialité Physique Chimie | Interférences;30 minutes;https://www.labolycee.org/sites/default/files/2026-04/2025-11-NelleCaledonie-SI-ExoA-Sujet-Aerogommage-Interferences.pdf;https://www.labolycee.org/sites/default/files/2026-06/2025-11-NelleCaledonie-SI-ExoA-Correction-Aerogommage-Interferences.pdf
La couleur des scarabées;https://labolycee.org/la-couleur-des-scarabees;5 points;Tale Spécialité Physique Chimie | Interférences | Python;53 minutes;https://www.labolycee.org/sites/default/files/2025-12/2025-09-Metropole-J2-Exo2-Sujet-InterferencesScarabee-5pts2.pdf;https://www.labolycee.org/sites/default/files/2026-01/2025-09-Metropole-J2-Exo2-Correction-InterferencesScarabee-5pts.pdf
Mesure de lépaisseur dun film alimentaire;https://labolycee.org/mesure-de-lepaisseur-dun-film-alimentaire;11 points;Tale Spécialité Physique Chimie | Circuits RC | Interférences;1 heure 15 minutes;https://www.labolycee.org/sites/default/files/2026-07/2025-Metro-J2-Exo1-Sujet-FilmAlimentaire-11pts.pdf;https://www.labolycee.org/sites/default/files/2025-06/2025-Metro-J2-Exo1-Correction-FilmAlimentaire-11pts.pdf
Le trombone de Koenig;https://labolycee.org/le-trombone-de-koenig;5 points;Tale Spécialité Physique Chimie | Interférences | Python;53 minutes;https://www.labolycee.org/sites/default/files/2025-06/2025-CtresEtrangers1-J2-Exo2-Sujet-TrombonneKoenig-5pts.pdf;https://www.labolycee.org/sites/default/files/2025-06/2025-CtresEtrangers1-J2-Exo2-Correction-TrombonneKoenig-5pts.pdf
Micro-usinage par interférences laser;https://labolycee.org/micro-usinage-par-interferences-laser;10 points;Tale Spécialité Physique Chimie | Interférences;30 minutes;https://www.labolycee.org/sites/default/files/2025-06/2024-09-Metro-SI-ExoB-Sujet-Interferences-10pts-30min.pdf;https://www.labolycee.org/sites/default/files/2025-06/2024-09-Metro-SI-ExoB-Correction-Interferences-10pts-30min.pdf
Tissage dune voile de bateau;https://labolycee.org/tissage-dune-voile-de-bateau;11 points;Tale Spécialité Physique Chimie | Interférences;1 heure 35 minutes;https://www.labolycee.org/sites/default/files/2025-10/2024-Asie-J2-Exo1-Sujet-VoileInterferences-11pts.pdf;https://www.labolycee.org/sites/default/files/2024-06/2024-Asie-J2-Exo1-Correction-VoileInterferences-11pts_5.pdf
Résolution dun écran de smartphone;https://labolycee.org/resolution-dun-ecran-de-smartphone;10 points;Tale Spécialité Physique Chimie | Interférences;30 minutes;https://www.labolycee.org/sites/default/files/2025-09/2024-CtresEtrangers1-SI-J2-ExoA-Sujet-InterferencesSmartphone-10pts-30min.pdf;https://www.labolycee.org/sites/default/files/2024-06/2024-CtresEtrangers1-SI-J2-ExoA-Correction-InterferencesSmartphone-10pts-30min.pdf
Les ondes gravitationnelles détectées par interférométrie;https://labolycee.org/les-ondes-gravitationnelles-detectees-par-interferometrie;10 points;Tale Spécialité Physique Chimie | Interférences;30 minutes;https://www.labolycee.org/sites/default/files/2024-04/2022-NelleCaledo-SI-J1-Exo3-Sujet-InterferencesVirgo-10pts.pdf;https://www.labolycee.org/sites/default/files/2022-12/2022-NelleCaledo-SI-J1-Exo3-Correction-InterferencesVirgo-10pts.pdf
Lexpérience des trous de Young;https://labolycee.org/lexperience-des-trous-de-young;5 points;Tale Spécialité Physique Chimie | Interférences;53 minutes;https://www.labolycee.org/sites/default/files/2024-12/2022-Asie-J1-ExoC-Sujet-TrousYoung-5pts.pdf;https://www.labolycee.org/sites/default/files/2024-12/2022-Asie-J1-ExoC-Correction-TrousYoung-5pts.pdf
Qualité découte dune enceinte bluetooth;https://labolycee.org/qualite-decoute-dune-enceinte-bluetooth;10 points;Tale Spécialité Physique Chimie | Interférences;30 minutes;https://www.labolycee.org/sites/default/files/2024-04/2022-09-SI-Metro-J1-ExoC-Sujet-EnceinteInterferences-10pts.pdf;https://www.labolycee.org/sites/default/files/2023-01/2022-09-SI-Metro-J1-ExoC-Correction-EnceinteInterferences-10pts.pdf
Intervalle entre les buses dune tête dimpression;https://labolycee.org/intervalle-entre-les-buses-dune-tete-dimpression;10 points;Tale Spécialité Physique Chimie | Interférences;30 minutes;https://www.labolycee.org/sites/default/files/2024-04/2022-Metropole-SI-J2-ExoB-Sujet-InterferenceImprimante-10pts.pdf;https://www.labolycee.org/sites/default/files/2023-03/2022-Metropole-SI-J2-ExoB-Correction-InterferenceImprimante-10pts.pdf
La physique du son sur un mobile multifonction (téléphone portable);https://labolycee.org/la-physique-du-son-sur-un-mobile-multifonction-telephone-portable;10 points;Tale Spécialité Physique Chimie | Interférences;30 minutes;https://www.labolycee.org/sites/default/files/2024-03/2022-Metropole-SI-J1-ExoC-Sujet-SonMobile-5pts.pdf;https://www.labolycee.org/sites/default/files/2022-06/2022-Metropole-SI-J1-ExoC-Correction-SonMobile-5pts.pdf
Enregistrement sonore en stéréophonie;https://labolycee.org/enregistrement-sonore-en-stereophonie;3 points;Tale Spécialité Physique Chimie | Interférences;30 minutes;https://www.labolycee.org/sites/default/files/2022-01/2021-06-Metro-SI-Sujet2-ExoC-Interferences.pdf;https://www.labolycee.org/sites/default/files/2022-04/2021-06-Metro-SI-Sujet2-ExoC-Interferences-Correction.pdf
Apprentissage du saut en parachute;https://labolycee.org/apprentissage-du-saut-en-parachute;10 points;Tale Spécialité Physique Chimie | intensité sonore | Interférences | Mouvement dans un champ de pesanteur uniforme;1 heure 45 minutes;https://www.labolycee.org/sites/default/files/2026-01/2021-CentresEtrangers-Exo1-Sujet-SautParachute-10pts.pdf;
Leffet photoélectrique et ses applications;https://labolycee.org/leffet-photoelectrique-et-ses-applications;6 points;Tale Spécialité Physique Chimie | Effet photoélectrique;1 heure 3 minutes;https://www.labolycee.org/sites/default/files/2026-06/2026-AmNord-J1-Exo2-Sujet-EffetPhotoelectrique-6pts_0.pdf;https://www.labolycee.org/sites/default/files/2026-05/2026-AmNord-J1-Exo2-Correction-EffetPhotoelectrique-6pts_0.pdf
Transition énergétique;https://labolycee.org/transition-energetique;4 points;Tale Spécialité Physique Chimie | Effet photoélectrique;20 minutes;https://www.labolycee.org/sites/default/files/2026-04/2025-09-Metro-SI-J1-ExoA-Sujet-PanneauxPhotovoltaiques.pdf;https://www.labolycee.org/sites/default/files/2026-04/2025-09-Metro-SI-J1-ExoA-Correction-PanneauxPhotovoltaiques.pdf
Chargeur solaire;https://labolycee.org/chargeur-solaire;10 points;Tale Spécialité Physique Chimie | Effet photoélectrique;30 minutes;https://www.labolycee.org/sites/default/files/2024-08/2024-Metro-SI-J2-ExoB-Sujet-Chargeur-solaire-10pts-30min.pdf;https://www.labolycee.org/sites/default/files/2026-05/2024-Metro-SI-J2-ExoB-Correction-EffetPhotoelectrique-10pts-30min.pdf
Les cellules photovoltaïques multi-jonctions;https://labolycee.org/les-cellules-photovoltaiques-multi-jonctions;5 points;Bac S 2013-2020 | Spécialité | Matériaux | Tale Spécialité Physique Chimie | Effet photoélectrique;50 minutes;https://www.labolycee.org/sites/default/files/exos/sujets/2017/2017-11-NelleCaledo-Spe-Exo3-Sujet-CellulesPhotovoltaiquesMultijonctions-5pts.pdf;https://www.labolycee.org/sites/default/files/exos/corriges/2017/2017-11-NelleCaledo-Spe-Exo3-Correction-CellulesPhotovoltaiquesMultijonctions-5pts.pdf
Des alternatives aux lampes à incandescence;https://labolycee.org/des-alternatives-aux-lampes-incandescence;5 points;Bac S 2013-2020 | Spécialité | Matériaux | Tale Spécialité Physique Chimie | Effet photoélectrique;50 minutes;https://www.labolycee.org/sites/default/files/exos/sujets/2016/2016-11-NelleCaledo-Spe-Exo3-Sujet-LED-5pts.pdf;https://www.labolycee.org/sites/default/files/exos/corriges/2016/2016-11-NelleCaledo-Spe-Exo3-Correction-LED-5pts.pdf
Paiement sans contact;https://labolycee.org/paiement-sans-contact;5 points;Tale Spécialité Physique Chimie | Circuits RC;53 minutes;https://www.labolycee.org/sites/default/files/2025-06/2025-Asie-J2-Exo3-Sujet-CBRC-5pts.pdf;https://www.labolycee.org/sites/default/files/2025-06/2025-Asie-J2-Exo3-Correction-CBRC-5pts.pdf
Capteur darrosage capacitif;https://labolycee.org/capteur-darrosage-capacitif;6 points;Tale Spécialité Physique Chimie | Circuits RC | Python;1 heure 3 minutes;https://www.labolycee.org/sites/default/files/2025-09/2023-NelleCaledo-J1-Exo3-Sujet-RCHumidite-6pts.pdf;
Extraction du gaz de schiste par électro-fracturation;https://labolycee.org/extraction-du-gaz-de-schiste-par-electro-fracturation;6 points;Tale Spécialité Physique Chimie | Circuits RC;1 heure 3 minutes;https://www.labolycee.org/sites/default/files/2024-06/2023-Reunion-J1-Exo3-Sujet-ElectrofracturationRC-6pts.pdf;https://www.labolycee.org/sites/default/files/2023-06/2023-Reunion-J1-Exo3-Correction-ElectrofracturationRC-6pts.pdf
Modélisation dun détecteur capacitif dhumidité;https://labolycee.org/modelisation-dun-detecteur-capacitif-dhumidite;6 points;Tale Spécialité Physique Chimie | Circuits RC | Python;1 heure 3 minutes;https://www.labolycee.org/sites/default/files/2025-09/2023-Metropole-J2-Exo3-Sujet-DetecteurCapacitif-6pts.pdf;https://www.labolycee.org/sites/default/files/2025-09/2023-Metropole-J2-Exo3-Correction-DetecteurCapacitif-6pts.pdf
Microphone électrostatique;https://labolycee.org/microphone-electrostatique;5 points;Tale Spécialité Physique Chimie | Circuits RC | intensité sonore;53 minutes;https://www.labolycee.org/sites/default/files/2024-04/2023-Polynesie-J2-Exo2-Sujet-RC-Micro-5pts.pdf;https://www.labolycee.org/sites/default/files/2023-03/2023-Polynesie-J2-Exo2-Correction-RCMicrophone-5pts_0.pdf
Défibrillateur cardiaque implantable;https://labolycee.org/defibrillateur-cardiaque-implantable-0;5 points;Tale Spécialité Physique Chimie | Circuits RC;53 minutes;https://www.labolycee.org/sites/default/files/2024-04/2022-Amsud-J1-ExoB-Sujet-RC-Defibrillateur-5pts.pdf;https://www.labolycee.org/sites/default/files/2022-12/2022-Amsud-J1-ExoB-Correction-RC-Defibrillateur-5pts.pdf
Anatomie dun condensateur;https://labolycee.org/anatomie-dun-condensateur;5 points;Tale Spécialité Physique Chimie | Circuits RC;53 minutes;https://www.labolycee.org/sites/default/files/2025-04/2022-NelleCaledo-J2-ExoC-Sujet-RC-5pts.pdf;https://www.labolycee.org/sites/default/files/2025-04/2022-NelleCaledo-J2-ExoC-Correction-RC-5pts.pdf
Des supercondensateurs pour recharger un bus électrique;https://labolycee.org/des-supercondensateurs-pour-recharger-un-bus-electrique;5 points;Tale Spécialité Physique Chimie | Circuits RC;53 minutes;https://www.labolycee.org/sites/default/files/2024-11/2022-AmNord-J1-ExoB-Sujet-RC-SuperCBus-5pts.pdf;https://www.labolycee.org/sites/default/files/2026-04/2022-AmNord-J1-ExoB-Correction-RC-SuperCBus-5pts.pdf
Un radar de contrôle de vitesses;https://labolycee.org/un-radar-de-controle-de-vitesses;5 points;Tale Spécialité Physique Chimie | Circuits RC;53 minutes;https://www.labolycee.org/sites/default/files/2025-05/2022-AmNord-J2-ExoB-Sujet-RC-Flash-5pts.pdf;https://www.labolycee.org/sites/default/files/2026-06/2022-AmNord-J2-ExoB-Correction-RC-Flash-5pts.pdf
Un capteur capacitif;https://labolycee.org/un-capteur-capacitif;5 points;Tale Spécialité Physique Chimie | Circuits RC;53 minutes;https://www.labolycee.org/sites/default/files/2022-06/2022-Polynesie-J2-ExoA-Sujet-Capteur%20capacitif-5pts.pdf;https://www.labolycee.org/sites/default/files/2022-05/2022-Polynesie-J2-ExoA-Correction-Capteur%20capacitif-5pts.pdf
Défibrillateur cardiaque;https://labolycee.org/defibrillateur-cardiaque-0;5 points;Tale Spécialité Physique Chimie | Circuits RC;53 minutes;https://www.labolycee.org/sites/default/files/2024-06/2022-Metropole-J1-ExoC-Sujet-DefibrillateurCardiaqueRC-5pts.pdf;https://www.labolycee.org/sites/default/files/2022-05/2022-Metropole-J1-ExoC-Correction-DefibrillateurCardiaqueRC-5pts.pdf
Les supercondensateurs;https://labolycee.org/les-supercondensateurs;5 points;Tale Spécialité Physique Chimie | Circuits RC;55 minutes;https://www.labolycee.org/sites/default/files/2022-03/2021-Liban-Sujet1-ExoA-Sujet-Supercondensateur-5pts.pdf;https://www.labolycee.org/sites/default/files/2022-03/2021-Liban-Sujet1-ExoA-Correction-Supercondensateur-5pts.pdf
Sécurité acoustique;https://labolycee.org/securite-acoustique-0;5 points;Tale Spécialité Physique Chimie | intensité sonore;53 minutes;https://www.labolycee.org/sites/default/files/2026-06/2026-Asie-J1-Exo3-Sujet-SecuriteAcoustique-5pts.pdf;https://www.labolycee.org/sites/default/files/2026-06/2026-Asie-J1-Exo3-Correction-SecuriteAcoustique-5pts_0.pdf
Niveau sonore dans une salle de classe;https://labolycee.org/niveau-sonore-dans-une-salle-de-classe;10 points;Tale Spécialité Physique Chimie | intensité sonore;30 minutes;https://www.labolycee.org/sites/default/files/2026-06/2026-Metro-J2-SI-ExoA-Sujet-Salledeclasse.pdf;https://www.labolycee.org/sites/default/files/2026-06/2026-Metro-J2-SI-ExoA-Correction-Salledeclasse.pdf
Ariane 6 : un déluge deau pour se protéger du bruit;https://labolycee.org/ariane-6-un-deluge-deau-pour-se-proteger-du-bruit;10 points;Tale Spécialité Physique Chimie | intensité sonore;30 minutes;https://www.labolycee.org/sites/default/files/2025-06/2025-Metro-SI-J2-ExoA-Sujet-Ariane.pdf;https://www.labolycee.org/sites/default/files/2025-06/2025-Metro-SI-J2-ExoA-Correction-Ariane_0.pdf
Sécurité acoustique;https://labolycee.org/securite-acoustique;5 points;Tale Spécialité Physique Chimie | intensité sonore;53 minutes;https://www.labolycee.org/sites/default/files/2024-06/2024-CtresEtrangers1Bis-Exo2-Sujet-SecuriteAcoustique-5ts_0.pdf;https://www.labolycee.org/sites/default/files/2024-06/2024-CtresEtrangers1bis-Exo2-Correction-SecuriteAcoustique-5pts.pdf
Comment sentendre le jour de la fête de la musique ?;https://labolycee.org/comment-sentendre-le-jour-de-la-fete-de-la-musique;10 points;Tale Spécialité Physique Chimie | intensité sonore;30 minutes;https://www.labolycee.org/sites/default/files/2024-02/2023-NelleCaledo-SI-J1-ExoA-Sujet-SonFeteMusique-30min-10pts.pdf;https://www.labolycee.org/sites/default/files/2024-11/2023-NelleCaledo-SI-J1-ExoA-Correction-SonFeteMusique-30min-10pts_0.pdf
Fête de la musique;https://labolycee.org/fete-de-la-musique;5 points;Tale Spécialité Physique Chimie | intensité sonore;53 minutes;https://www.labolycee.org/sites/default/files/2024-02/2023-NelleCaledo-J2-Exo2-Sujet-DJSon-5pts.pdf;
Un jet de 7 mètres au hand-ball;https://labolycee.org/un-jet-de-7-metres-au-hand-ball;11 points;Tale Spécialité Physique Chimie | intensité sonore | Mouvement dans un champ de pesanteur uniforme;1 heure 56 minutes;https://www.labolycee.org/sites/default/files/2024-08/2023-Liban-J1-Exo1-Sujet-Handball-11pts.pdf;https://www.labolycee.org/sites/default/files/2025-06/2023-Liban-J1-Exo1-Correction-Handball-11pts.pdf
La méduse : radar anti-bruit;https://labolycee.org/la-meduse-radar-anti-bruit;10 points;Tale Spécialité Physique Chimie | intensité sonore;30 minutes;https://www.labolycee.org/sites/default/files/2024-04/2023-Metropole-SI-J2-ExoA-Sujet-RadarAntibruit-10pts-30min.pdf;https://www.labolycee.org/sites/default/files/2023-03/2023-Metropole-SI-J2-ExoA-Correction-AntiBruit-10pts-30min.pdf
Pompe à chaleur et habitation;https://labolycee.org/pompe-chaleur-et-habitation;5 points;Tale Spécialité Physique Chimie | intensité sonore | Thermodynamique;53 minutes;https://www.labolycee.org/sites/default/files/2024-04/2023-Polynesie-J1-Exo3-Sujet-PAC-L-5pts.pdf;https://www.labolycee.org/sites/default/files/2024-04/2023-Polynesie-J1-Exo3-Correction-PAC-L-5pts.pdf
Utilisation dun avertisseur sonore;https://labolycee.org/utilisation-dun-avertisseur-sonore;10 points;Tale Spécialité Physique Chimie | intensité sonore;30 minutes;https://www.labolycee.org/sites/default/files/2025-08/2022-NelleCaledo-SI-J2-Exo2-Sujet-GyropodeKlaxxon-10pts.pdf;https://www.labolycee.org/sites/default/files/2022-12/2022-NelleCaledo-SI-J2-Exo2-Correction-GyropodeKlaxxon-10pts.pdf
Nos oreilles on y tient !;https://labolycee.org/nos-oreilles-y-tient;5 points;Tale Spécialité Physique Chimie | intensité sonore;53 minutes;https://www.labolycee.org/sites/default/files/2024-04/2022-Polynesie-J2-ExoC-Sujet-ProtectionAudition-5pts.pdf;https://www.labolycee.org/sites/default/files/2022-05/2022-Polynesie-J2-ExoC-Correction-ProtectionAudition-5pts.pdf
Cave à vin;https://labolycee.org/cave-vin;5 points;Tale Spécialité Physique Chimie | intensité sonore | Thermodynamique;53 minutes;https://www.labolycee.org/sites/default/files/2022-04/2021-Asie-Sujet2-ExoA-CaveVin-Thermo-Att%C3%A9nuation-5pts.pdf;https://www.labolycee.org/sites/default/files/2022-04/2021-Asie-Sujet2-ExoA-Correction-CaveVin-Thermo-Att%C3%A9nuation-5pts.pdf
Nuisances sonores dun aéroport;https://labolycee.org/nuisances-sonores-dun-aeroport;5 points;Tale Spécialité Physique Chimie | intensité sonore;55 minutes;https://www.labolycee.org/sites/default/files/2022-11/2021-Polynesie-Sujet-ExoA-NuisancesSonoresAeroport-5pts.pdf;https://www.labolycee.org/sites/default/files/2024-01/2021-Polynesie-Correction-ExoA-NuisancesSonoresAeroport-5pts.pdf
De la musique dans le calme;https://labolycee.org/de-la-musique-dans-le-calme;3 points;Tale Spécialité Physique Chimie | intensité sonore | Interférences;30 minutes;https://www.labolycee.org/sites/default/files/2022-01/2021-06-Metro-SI-Sujet1-ExoC-MusiqueDsCalme.pdf;https://www.labolycee.org/sites/default/files/2022-01/2021-06-Metro-SI-Sujet1-ExoC-MusiqueDsCalme-Correction.pdf
Nuisances sonores dun drone;https://labolycee.org/nuisances-sonores-dun-drone;3 points;Tale Spécialité Physique Chimie | intensité sonore;30 minutes;https://www.labolycee.org/sites/default/files/2021-06/2021-03-Metro-SI-Sujet2-ExoC-NuisancesSonores.pdf;https://www.labolycee.org/sites/default/files/2021-06/2021-03-Metro-SI-Sujet2-ExoC-NuisancesSonores-Correction.pdf
Niveaux dintensité sonore;https://labolycee.org/niveaux-dintensite-sonore;3 points;Tale Spécialité Physique Chimie | intensité sonore;30 minutes;https://www.labolycee.org/sites/default/files/2021-06/2021-03-Metro-SI-Sujet1-ExoC-AttenuationSonore.pdf;https://www.labolycee.org/sites/default/files/2021-06/2021-03-Metro-SI-Sujet1-ExoC-AttenuationSonore-Correction.pdf
Un sport traditionnel : le lancer de gerbe de paille;https://labolycee.org/un-sport-traditionnel-le-lancer-de-gerbe-de-paille;10 points;Tale Spécialité Physique Chimie | Circuits RC | intensité sonore | Mouvement dans un champ de pesanteur uniforme;1 heure 15 minutes;https://www.labolycee.org/sites/default/files/2022-03/2021-AmNord-Sujet1-Exo1-LancerGerbe10pts.pdf;https://www.labolycee.org/sites/default/files/2022-03/2021-AmNord-Sujet1-Exo1-LancerGerbe-10pts-Correction.pdf
datation;https://labolycee.org/datation-0;4 points;Tale Spécialité Physique Chimie | Nucléaire;42 minutes;https://www.labolycee.org/sites/default/files/2026-06/2026-Asie-J2-Exo2-Sujet-DatationLune-4pts.pdf;https://www.labolycee.org/sites/default/files/2026-06/2026-Asie-J2-Exo2-Correction-DatationLune-4pts.pdf
Pollution acoustique dans une web radio;https://labolycee.org/pollution-acoustique-dans-une-web-radio;3 points;Tale Spécialité Physique Chimie | intensité sonore;30 minutes;https://www.labolycee.org/sites/default/files/2024-04/2021-Sujet-Zero-SI-ExoC-Sujet-PollutionAcoustique-30minutes.pdf;https://www.labolycee.org/sites/default/files/2021-06/2021-Sujet-Zero-SI-ExoC-CorrectionOfficielle-PollutionAcoustique-30minutes.pdf
Utilisation médicale du technétium;https://labolycee.org/utilisation-medicale-du-technetium;6 points;Tale Spécialité Physique Chimie | Nucléaire;1 heure 3 minutes;https://www.labolycee.org/sites/default/files/2025-09/2025-09-Metro-J2-Secours-Exo3-Sujet-Scintigraphie-6pts.pdf;https://www.labolycee.org/sites/default/files/2026-04/2025-09-Metro-J2-Secours-Exo3-Correction-Scintigraphie-6pts_0.pdf
Combustible MOX pour limiter les déchets radioactifs;https://labolycee.org/combustible-mox-pour-limiter-les-dechets-radioactifs;5 points;Tale Spécialité Physique Chimie | Nucléaire;53 minutes;https://www.labolycee.org/sites/default/files/2025-05/2025-AmNord-J2-Exo2-Sujet-MOX-5pts.pdf;https://www.labolycee.org/sites/default/files/2025-06/2025-AmNord-J2-Exo2-MOX-5pts-Correction.pdf
Plongeon de haut vol;https://labolycee.org/plongeon-de-haut-vol;9 points;Tale Spécialité Physique Chimie | Mouvement dans un champ de pesanteur uniforme | Python;1 heure 35 minutes;https://www.labolycee.org/sites/default/files/2024-09/2023-CtresEtrangers1-J2-Exo1-Sujet-Plongeon-11pts.pdf;https://www.labolycee.org/sites/default/files/2023-03/2023-CtresEtrangers1-J2-Exo1-Correction-Plongeon-11pts_4.pdf
Une table de tennis de table connectée;https://labolycee.org/une-table-de-tennis-de-table-connectee;5 points;Tale Spécialité Physique Chimie | Mouvement dans un champ de pesanteur uniforme | Python;53 minutes;https://www.labolycee.org/sites/default/files/2024-11/2022-CentresEtrangers2-J1-ExoB-Sujet-PingPong-5pts.pdf;https://www.labolycee.org/sites/default/files/2024-09/2022-CentresEtrangers2-J1-ExoB-Correction-PingPong-5pts.pdf
Lépaisseur du matelas du saut à la perche;https://labolycee.org/lepaisseur-du-matelas-du-saut-la-perche;5 points;Tale Spécialité Physique Chimie | Mouvement dans un champ de pesanteur uniforme | Python;53 minutes;https://www.labolycee.org/sites/default/files/2025-11/2022-AmNord-J1-ExoA-Sujet-Perche-5pts.pdf;https://www.labolycee.org/sites/default/files/2026-01/2022-AmNord-J1-ExoA-Correction-Perche-5pts.pdf
Datation dune roche;https://labolycee.org/datation-dune-roche;6 points;Tale Spécialité Physique Chimie | Nucléaire;1 heure 3 minutes;https://www.labolycee.org/sites/default/files/2025-06/2025-Metro-J1-Exo2-Sujet-Datation-6pts.pdf;https://www.labolycee.org/sites/default/files/2025-06/2025-Metro-J1-Exo2-Correction-Datation-6pts_2.pdf
Dégradation dun produit de contraste;https://labolycee.org/degradation-dun-produit-de-contraste;5 points;Tale Spécialité Physique Chimie | Acide-Base | Cinétique | Python;53 minutes;https://www.labolycee.org/sites/default/files/2024-01/2022-CentresEtrangers1-J1-ExoC-Sujet-CinetiqueAcBase-5pts.pdf;https://www.labolycee.org/sites/default/files/2022-06/2022-CentresEtrangers1-J1-ExoC-Correction-Cinetique-AcBase-5pts.pdf
Le sel doseille;https://labolycee.org/le-sel-doseille;10 points;Tale Spécialité Physique Chimie | Acide-Base | Python | Titrage pH-métrique;1 heure 45 minutes;https://www.labolycee.org/sites/default/files/2024-01/2022-Polynesie-J2-Exo1-Sujet-SelOseille-10pts.pdf;https://www.labolycee.org/sites/default/files/2023-01/2022-Polynesie-J2-Exo1-Correction-SelOseille-10pts.pdf
Du soleil en bouteille;https://labolycee.org/du-soleil-en-bouteille;5 points;Bac S 2013-2020 | Spécialité | L'eau;55 minutes;https://www.labolycee.org/sites/default/files/2020-12/2020-NelleCaledonie-Spe-Exo3-Sujet-ElectrolyseEauSolaire.pdf;
Saut en parachute;https://labolycee.org/saut-en-parachute;11 points;Bac S 2013-2020 | Physique | Temps, cinématique, dynamique newtonienne | Mouvement dans un champ de pesanteur uniforme;2 heures;https://www.labolycee.org/sites/default/files/2021-11/2020-NelleCaledonie-Exo2-Sujet-SautParachute-11pts_0.pdf;
Le bicarbonate de sodium;https://labolycee.org/le-bicarbonate-de-sodium;5 points;Bac S 2013-2020 | Chimie;55 minutes;https://www.labolycee.org/sites/default/files/2025-05/2020-NelleCaledonie-Exo3-Sujet-Bicarbonate-5pts.pdf;https://www.labolycee.org/sites/default/files/2025-05/2020-NelleCaledonie-Exo3-Correction-Bicarbonate-5pts.pdf
Une hydrolienne à Ouessant;https://labolycee.org/une-hydrolienne-ouessant;5 points;Bac S 2013-2020 | Spécialité | L'eau;55 minutes;https://www.labolycee.org/sites/default/files/2020-10/2020-Polynesie-Sujet-Exo3-Spe-Hydrolienne-5pts.pdf;
Odeurs;https://labolycee.org/odeurs;4 points;Bac S 2013-2020 | Chimie;45 minutes;https://www.labolycee.org/sites/default/files/2021-11/2020-NelleCaledonie-Exo1-Sujet-Odeurs-4pts_1.pdf;
Détection dexoplanètes;https://labolycee.org/detection-dexoplanetes-0;5 points;Bac S 2013-2020 | Physique | Ondes et matière | Effet Doppler;55 minutes;https://www.labolycee.org/sites/default/files/2026-05/2020-Polynesie-Sujet-Exo3-Exoplanetes-5pts.pdf;https://www.labolycee.org/sites/default/files/2026-05/2020-Polynesie-Correction-Exo3-Exoplanetes-5pts.pdf
Boissons énergétiques ou énergisantes;https://labolycee.org/boissons-energetiques-ou-energisantes;9 points;Bac S 2013-2020 | Chimie;1 heure 35 minutes;https://www.labolycee.org/sites/default/files/2025-10/2020-Polynesie-Exo1-Sujet-Boisson-9pts.pdf;
Lampes à carbure de calcium;https://labolycee.org/lampes-carbure-de-calcium;5 points;Bac S 2013-2020 | Spécialité | L'eau;55 minutes;https://www.labolycee.org/sites/default/files/2020-09/2020-Metropole-Exo3-Spe-Sujet-LampesCarbureCa-5pts.pdf;https://www.labolycee.org/sites/default/files/2022-04/2020-Metropole-Exo3-Spe-Correction-LampesCarbureCa-5pts.pdf
Dosage de lammoniac dans un produit ménager;https://labolycee.org/dosage-de-lammoniac-dans-un-produit-menager;5 points;Bac S 2013-2020 | Chimie;55 minutes;https://www.labolycee.org/sites/default/files/2020-11/2020-Metropole-Exo3-Sujet-ConductiNH3-5pts.pdf;https://www.labolycee.org/sites/default/files/2020-11/2020-Metropole-Exo3-Correction-ConductiNH3-5pts.pdf
Les accélérateurs montent en puissance;https://labolycee.org/les-accelerateurs-montent-en-puissance;6 points;Bac S 2013-2020 | Physique | Temps, cinématique, dynamique newtonienne | Mouvement dans un champ électrique uniforme;1 heure 5 minutes;https://www.labolycee.org/sites/default/files/2026-04/2020-Polynesie-Exo2-Sujet-Accelerateur-6pts_0.pdf;https://www.labolycee.org/sites/default/files/2026-04/2020-Polynesie-Exo2-Correction-Accelerateur-6pts.pdf
Mesurer la profondeur de leau;https://labolycee.org/mesurer-la-profondeur-de-leau;11 points;Bac S 2013-2020 | Physique | Ondes et matière | Temps, cinématique, dynamique newtonienne;2 heures;https://www.labolycee.org/sites/default/files/2020-09/2020-Metropole-Exo2-Sujet-ProfondeurEau-11pts_0.pdf;
Une tour énergétique;https://labolycee.org/une-tour-energetique;7 points;Bac S 2013-2020 | Chimie | Physique | Transferts thermiques;1 heure 20 minutes;https://www.labolycee.org/sites/default/files/2022-03/2020-CtresEtrangers-Exo2-Sujet-TourEnergetique7-5pts.pdf;https://www.labolycee.org/sites/default/files/2022-04/2020-CtresEtrangers-Exo2-Correction-TourEnergetique7-5pts.pdf
La physique au service de la médecine;https://labolycee.org/la-physique-au-service-de-la-medecine;11 points;Bac S 2013-2020 | Physique | Mécanique quantique, dualité onde-particule | Ondes et matière | Transmettre et stocker l’information;2 heures;https://www.labolycee.org/sites/default/files/2025-12/2020-Antilles-Exo2-Sujet-PhysiqueMedecine-11pts.pdf;https://www.labolycee.org/sites/default/files/2025-12/2020-Antilles-Exo2-Correction-PhysiqueMedecine-11pts.pdf
Un nanosatellite;https://labolycee.org/un-nanosatellite;5 points;Bac S 2013-2020 | Physique | Temps, cinématique, dynamique newtonienne | Satellites, Lois de Kepler;53 minutes;https://www.labolycee.org/sites/default/files/2022-03/2020-CtresEtrangers-Exo3-Sujet-Nanosatellite-5pts.pdf;https://www.labolycee.org/sites/default/files/2022-04/2020-CtresEtrangers-Exo3-Correction-Nanosatellite-5pts_0.pdf
Positionnement par satellite;https://labolycee.org/positionnement-par-satellite;11 points;Bac S 2013-2020 | Physique | Ondes et matière | Effet Doppler | Temps, cinématique, dynamique newtonienne | Satellites, Lois de Kepler;1 heure 50 minutes;https://www.labolycee.org/sites/default/files/2019-12/2019-11-NelleCaledo-Exo2-Sujet-Argos-11pts.pdf;
Le canon de Paris;https://labolycee.org/le-canon-de-paris;5 points;Bac S 2013-2020 | Physique | Temps, cinématique, dynamique newtonienne | Mouvement dans un champ de pesanteur uniforme;50 minutes;https://www.labolycee.org/sites/default/files/2019-11/2019-11-AmSud-Exo3-Sujet-CanonParis-5pts.pdf;https://www.labolycee.org/sites/default/files/2020-06/2019-11-AmSud-Exo3-Correction-CanonParis-5pts.pdf
Une céramique comme réservoir dénergie;https://labolycee.org/une-ceramique-comme-reservoir-denergie;6 points;Bac S 2013-2020 | Physique | Mécanique quantique, dualité onde-particule | Transferts thermiques;1 heure;https://www.labolycee.org/sites/default/files/2019-11/2019-11-AmSud-Exo1-Sujet-CeramiqueE-6pts.pdf;https://www.labolycee.org/sites/default/files/2020-05/2019-11-AmSud-Exo1-Correction-CeramiqueE-6pts.pdf
Lexploration de lastéroïde Ryugu;https://labolycee.org/lexploration-de-lasteroide-ryugu;7 points;Bac S 2013-2020 | Physique | Transmettre et stocker l’information | Temps, cinématique, dynamique newtonienne | Mouvement dans un champ de pesanteur uniforme | Mouvement dans un champ électrique uniforme;1 heure 10 minutes;https://www.labolycee.org/sites/default/files/2019-10/2019-09-Polynesie-Exo2-Sujet-Ryugu-7pts.pdf;
Appareil photographique en mode rafale;https://labolycee.org/appareil-photographique-en-mode-rafale;11 points;Bac S 2013-2020 | Physique | Ondes et matière | Transmettre et stocker l’information | Temps, cinématique, dynamique newtonienne | Mouvement dans un champ de pesanteur uniforme;1 heure 50 minutes;https://www.labolycee.org/sites/default/files/2019-10/2019-09-Antilles-Exo1-Sujet-PhotoRafale-11pts.pdf;https://www.labolycee.org/sites/default/files/2021-10/2019-09-Antilles-Exo1-Correction-PhotoRafale-11pts.pdf
Mission Rosetta;https://labolycee.org/mission-rosetta;10 points;Bac S 2013-2020 | Physique | Temps, cinématique, dynamique newtonienne | Mouvement dans un champ de pesanteur uniforme | Satellites, Lois de Kepler;1 heure 30 minutes;https://www.labolycee.org/sites/default/files/2023-01/2019-Polynesie-Exo1-Sujet-Rosetta-10pts.pdf;https://www.labolycee.org/sites/default/files/2020-03/2019-Polynesie-Exo1-Correction-Rosetta-10pts.pdf
Ballon de chauffage sanitaire;https://labolycee.org/ballon-de-chauffage-sanitaire;5 points;Bac S 2013-2020 | Physique | Transferts thermiques;50 minutes;https://www.labolycee.org/sites/default/files/2020-06/2019-Antilles-Exo3-Sujet-BallonEauChaude-5pts.pdf;https://www.labolycee.org/sites/default/files/2021-04/2019-Antilles-Exo3-Correction-Chauffe-eau-5pts.pdf
Saut à la perche;https://labolycee.org/saut-la-perche;6 points;Bac S 2013-2020 | Physique | Temps, cinématique, dynamique newtonienne | Mouvement dans un champ de pesanteur uniforme;1 heure;https://www.labolycee.org/sites/default/files/2019-12/2019-Antilles-Exo2-Sujet-SautPerche-6pts.pdf;https://www.labolycee.org/sites/default/files/2025-11/2019-Antilles-Exo2-Correction-SautPerche-6pts_1.pdf
Saut à ski aux jeux olympiques dhiver 2018;https://labolycee.org/saut-ski-aux-jeux-olympiques-dhiver-2018;5 points;Bac S 2013-2020 | Physique | Temps, cinématique, dynamique newtonienne | Mouvement dans un champ de pesanteur uniforme;50 minutes;https://www.labolycee.org/sites/default/files/exos/sujets/2019/2019-Liban-Exo2-Sujet-SautSki-5pts.pdf;https://www.labolycee.org/sites/default/files/2022-12/2019-Liban-Exo2-Correction-SautSki-5pts.pdf
Newton car;https://labolycee.org/newton-car;11 points;Bac S 2013-2020 | Physique | Ondes et matière | Effet Doppler | Temps, cinématique, dynamique newtonienne | Mouvement dans un champ de pesanteur uniforme;1 heure 50 minutes;https://www.labolycee.org/sites/default/files/exos/sujets/2019/2019-AmNord-Exo1-Sujet-NewtonCar-11pts.pdf;https://www.labolycee.org/sites/default/files/exos/corriges/2019/2019-AmNord-Exo1-Correction-NewtonCar-11pts.pdf
Saut sans parachute;https://labolycee.org/saut-sans-parachute;6 points;Bac S 2013-2020 | Physique | Temps, cinématique, dynamique newtonienne | Mouvement dans un champ de pesanteur uniforme;1 heure;https://www.labolycee.org/sites/default/files/exos/sujets/2019/2019-CtresEtrangers-Exo2-Sujet-SautSansParachute-6pts.pdf;https://www.labolycee.org/sites/default/files/exos/corriges/2019/2019-CtresEtrangers-Exo2-Correction-SautSansParachute-6pts.pdf
Le byssus de la moule;https://labolycee.org/le-byssus-de-la-moule;9 points;Bac S 2013-2020 | Chimie | Physique | Ondes et matière | Temps, cinématique, dynamique newtonienne;1 heure 30 minutes;https://www.labolycee.org/sites/default/files/exos/sujets/2019/2019-Asie-Exo2-Sujet-ByssusDeLaMoule-9pts.pdf;https://www.labolycee.org/sites/default/files/exos/corriges/2019/2019-Asie-Exo2-Correction-ByssusDeLaMoule-9pts.pdf
Les océans sous haute surveillance;https://labolycee.org/les-oceans-sous-haute-surveillance;6 points;Bac S 2013-2020 | Physique | Ondes et matière | Effet Doppler | Temps, cinématique, dynamique newtonienne | Satellites, Lois de Kepler;1 heure;https://www.labolycee.org/sites/default/files/2019-10/2019-Asie-Exo1-Sujet-Oceans-6pts.pdf;https://www.labolycee.org/sites/default/files/exos/corriges/2019/2019-Asie-Exo1-Correction-OceansSousSurveillance-6pts.pdf
A propos des éclipses solaires;https://labolycee.org/propos-des-eclipses-solaires;11 points;Bac S 2013-2020 | Physique | Temps, cinématique, dynamique newtonienne | Satellites, Lois de Kepler;1 heure 50 minutes;https://www.labolycee.org/sites/default/files/exos/sujets/2018/2018-Pondichery-Exo2-Sujet-EclipseSolaire-11pts.pdf;https://www.labolycee.org/sites/default/files/exos/corriges/2018/2018-Pondichery-Exo2-Correction-Eclipses-11pts.pdf
Modélisation dun parachute au laboratoire;https://labolycee.org/modelisation-dun-parachute-au-laboratoire;6 points;Bac S 2013-2020 | Physique | Mesure du temps et oscillateur | Temps, cinématique, dynamique newtonienne;1 heure;https://www.labolycee.org/sites/default/files/exos/sujets/2018/2018-AmNord-Exo2-Sujet-ModelisationParachute-6pts.pdf;https://www.labolycee.org/sites/default/files/exos/corriges/2018/2018-AmNord-Exo2-Correction-ModelisationParachute-6pts.pdf
La mission Proxima;https://labolycee.org/la-mission-proxima;11 points;Bac S 2013-2020 | Physique | Ondes et matière | Temps, cinématique, dynamique newtonienne | Satellites, Lois de Kepler;1 heure 50 minutes;https://www.labolycee.org/sites/default/files/exos/sujets/2018/2018-Liban-Exo1-Sujet-MissionProxima-11pts.pdf;https://www.labolycee.org/sites/default/files/exos/corriges/2018/2018-Liban-Exo1-Correction-MissionProxima-11pts.pdf
Le badminton, un sport dans le vent;https://labolycee.org/le-badminton-un-sport-dans-le-vent;8 points;Bac S 2013-2020 | Physique | Temps, cinématique, dynamique newtonienne;1 heure 20 minutes;https://www.labolycee.org/sites/default/files/exos/sujets/2018/2018-CtresEtrangers-Exo2-Sujet-Badminton-8pts.pdf;https://www.labolycee.org/sites/default/files/exos/corriges/2018/2018-CtresEtrangers-Exo2-Correction-Badminton-8pts.pdf
Décollage de la fusée Ariane 5;https://labolycee.org/decollage-de-la-fusee-ariane-5;6 points;Bac S 2013-2020 | Physique | Temps, cinématique, dynamique newtonienne;1 heure;https://www.labolycee.org/sites/default/files/exos/sujets/2019/2019-Metro-Exo2-Sujet-Fusee-6pts.pdf;https://www.labolycee.org/sites/default/files/exos/corriges/2019/2019-Metro-Exo2-Correction-Fusee-6pts.pdf
étude du vol dune balle de golf;https://labolycee.org/etude-du-vol-dune-balle-de-golf;6 points;Bac S 2013-2020 | Physique | Temps, cinématique, dynamique newtonienne | Mouvement dans un champ de pesanteur uniforme;1 heure;https://www.labolycee.org/sites/default/files/exos/sujets/2018/2018-Asie-Exo2-Sujet-Golf-6pts.pdf;https://www.labolycee.org/sites/default/files/2021-11/2018-Asie-Exo2-Correction-Golf-6pts_0.pdf
Ondes et électrons;https://labolycee.org/ondes-et-electrons;6 points;Bac S 2013-2020 | Physique | Mécanique quantique, dualité onde-particule | Temps, cinématique, dynamique newtonienne | Mouvement dans un champ électrique uniforme;1 heure;https://www.labolycee.org/sites/default/files/exos/sujets/2016/2016-CtresEtrangers-Exo1-Sujet-OndesMatiere-6pts.pdf;https://www.labolycee.org/sites/default/files/exos/corriges/2016/2016-CtresEtrangers-Exo1-Correction-OndesMatiere-6pts.pdf
Détecteur de fumées;https://labolycee.org/detecteur-de-fumees;11 points;Bac S 2013-2020 | Physique | Ondes et matière | Temps, cinématique, dynamique newtonienne | Mouvement dans un champ électrique uniforme;1 heure 50 minutes;https://www.labolycee.org/sites/default/files/exos/sujets/2018/2018-NelleCaledo-Exo2-Sujet-Fumees-11pts.pdf;https://www.labolycee.org/sites/default/files/2021-05/2018-NelleCaledo-Exo2-Correction-Fumees-11pts_0.pdf
Les rayons X, outil dinvestigation;https://labolycee.org/les-rayons-x-outil-dinvestigation;6 points;Bac S 2013-2020 | Physique | Mécanique quantique, dualité onde-particule | Ondes et matière | Interférences | Temps et relativité restreinte | Temps, cinématique, dynamique newtonienne | Mouvement dans un champ électrique uniforme;1 heure;https://www.labolycee.org/sites/default/files/exos/sujets/2016/2016-Antilles-Exo1-Sujet-RayonsX-6pts.pdf;https://www.labolycee.org/sites/default/files/exos/corriges/2016/2016-Antilles-Exo1-Correction-RayonsX-6pts.pdf
Le spectromètre de masse;https://labolycee.org/le-spectrometre-de-masse;9 points;Bac S 2013-2020 | Physique | Temps, cinématique, dynamique newtonienne | Mouvement dans un champ électrique uniforme;1 heure 30 minutes;https://www.labolycee.org/sites/default/files/exos/sujets/2014/2014-Polynesie-Exo2-Sujet-SpectroMasse-9-5pts.pdf;https://www.labolycee.org/sites/default/files/exos/corriges/2014/2014-Polynesie-Exo2-Correction-SpectroMasse-9-5pts.pdf
Les débuts de lélectron en physique;https://labolycee.org/les-debuts-de-lelectron-en-physique;9 points;Bac S 2013-2020 | Physique | Temps, cinématique, dynamique newtonienne | Mouvement dans un champ électrique uniforme;1 heure 30 minutes;https://www.labolycee.org/sites/default/files/exos/sujets/2014/2014-Liban-Exo2-Sujet-MvtElectron-9pts.pdf;https://www.labolycee.org/sites/default/files/2025-03/2014-Liban-Exo2-Correction-MvtElectron-9pts.pdf
Détermination du rapport e/m pour lélectron;https://labolycee.org/determination-du-rapport-em-pour-lelectron;5 points;Bac S 2013-2020 | Physique | Temps, cinématique, dynamique newtonienne | Mouvement dans un champ électrique uniforme;50 minutes;https://www.labolycee.org/sites/default/files/exos/sujets/2013/2013-Antilles-Exo3-Sujet-e-m-electron-5pts.pdf;https://www.labolycee.org/sites/default/files/2022-04/2013-Antilles-Exo3-Correction-e-m-electron-5pts.pdf
Service et réception au volley-ball;https://labolycee.org/service-et-reception-au-volley-ball;11 points;Bac S 2013-2020 | Physique | Ondes et matière | Effet Doppler | Temps, cinématique, dynamique newtonienne | Mouvement dans un champ de pesanteur uniforme;1 heure 50 minutes;https://www.labolycee.org/sites/default/files/exos/sujets/2018/2018-Metro-Exo2-Sujet-VolleyBall-11pts.pdf;https://www.labolycee.org/sites/default/files/exos/corriges/2018/2018-Metro-Exo2-Correction-VolleyBall-11pts.pdf
Autour du papillon;https://labolycee.org/autour-du-papillon;11 points;Bac S 2013-2020 | Physique | Ondes et matière | Effet Doppler | Interférences | Temps, cinématique, dynamique newtonienne | Mouvement dans un champ de pesanteur uniforme;1 heure 50 minutes;https://www.labolycee.org/sites/default/files/exos/sujets/2018/2018-Antilles-Exo1-Sujet-papillon-11pts.pdf;https://www.labolycee.org/sites/default/files/exos/corriges/2018/2018-Antilles-Exo1-Correction-papillon-11pts.pdf
Interférences avec des atomes froids;https://labolycee.org/interferences-avec-des-atomes-froids;5 points;Bac S 2013-2020 | Physique | Mécanique quantique, dualité onde-particule | Ondes et matière | Interférences | Temps, cinématique, dynamique newtonienne | Mouvement dans un champ de pesanteur uniforme;50 minutes;https://www.labolycee.org/sites/default/files/exos/sujets/2017/2017-Liban-Exo3-Sujet-Atomes%20froids-5pts.pdf;https://www.labolycee.org/sites/default/files/exos/corriges/2017/2017-Liban-Exo3-Correction-Atomes%20froids-5pts.pdf
La mécanique au service de la pétanque;https://labolycee.org/la-mecanique-au-service-de-la-petanque;5 points;Bac S 2013-2020 | Physique | Temps, cinématique, dynamique newtonienne | Mouvement dans un champ de pesanteur uniforme;50 minutes;https://www.labolycee.org/sites/default/files/2020-01/2017-Liban-Exo1-Sujet-Petanque-5pts.pdf;https://www.labolycee.org/sites/default/files/2020-01/2017-Liban-Exo1-Correction-Petanque-5pts.pdf
Son et lumière;https://labolycee.org/son-et-lumiere;11 points;Bac S 2013-2020 | Physique | Temps, cinématique, dynamique newtonienne | Mouvement dans un champ de pesanteur uniforme;1 heure 50 minutes;https://www.labolycee.org/sites/default/files/exos/sujets/2017/2017-Metropole-Exo2-Sujet-SonEtLumiere-11pts.pdf;https://www.labolycee.org/sites/default/files/exos/corriges/2017/2017-Metropole-Exo2-Correction-SonEtLumiere-11pts.pdf
Randonnée en montagne;https://labolycee.org/randonnee-en-montagne;5 points;Bac S 2013-2020 | Physique | Transferts thermiques | Temps, cinématique, dynamique newtonienne | Mouvement dans un champ de pesanteur uniforme;50 minutes;https://www.labolycee.org/sites/default/files/exos/sujets/2017/2017-Polynesie-Exo3-Sujet-Randonnee-5pts.pdf;https://www.labolycee.org/sites/default/files/exos/corriges/2017/2017-Polynesie-Exo3-Correction-Randonnee-5pts.pdf
Interférences de molécules;https://labolycee.org/interferences-de-molecules;11 points;Bac S 2013-2020 | Physique | Mécanique quantique, dualité onde-particule | Ondes et matière | Interférences | Temps, cinématique, dynamique newtonienne | Mouvement dans un champ de pesanteur uniforme;1 heure 50 minutes;https://www.labolycee.org/sites/default/files/exos/sujets/2017/2017-09-Metro-Exo2-Sujet-InterferencesMolecules-11pts.pdf;https://www.labolycee.org/sites/default/files/exos/corriges/2017/2017-09-Metro-Exo2-Correction-InterferencesMolecules-11pts.pdf
Water Jump;https://labolycee.org/water-jump;5 points;Bac S 2013-2020 | Physique | Mesure du temps et oscillateur | Temps, cinématique, dynamique newtonienne | Mouvement dans un champ de pesanteur uniforme;50 minutes;https://www.labolycee.org/sites/default/files/exos/sujets/2017/2017-AmSud-Exo1-Sujet-WaterJump-6pts.pdf;https://www.labolycee.org/sites/default/files/exos/corriges/2017/2017-AmSud-Exo1-Correction-WaterJump-6pts.pdf
Vol Zéro-G;https://labolycee.org/vol-zero-g;6 points;Bac S 2013-2020 | Physique | Temps, cinématique, dynamique newtonienne | Mouvement dans un champ de pesanteur uniforme;1 heure;https://www.labolycee.org/sites/default/files/exos/sujets/2016/2016-Liban-Exo1-Sujet-AirbusZeroG-6pts.pdf;https://www.labolycee.org/sites/default/files/exos/corriges/2016/2016-Liban-Exo1-Correction-AirbusZeroG-6pts.pdf
Les drones grand public;https://labolycee.org/les-drones-grand-public;11 points;Bac S 2013-2020 | Physique | Ondes et matière | Effet Doppler | Transmettre et stocker l’information | Temps, cinématique, dynamique newtonienne | Mouvement dans un champ de pesanteur uniforme;1 heure 50 minutes;https://www.labolycee.org/sites/default/files/exos/sujets/2016/2016-Pondichery-Exo2-Sujet-Drone-11pts.pdf;https://www.labolycee.org/sites/default/files/exos/corriges/2016/2016-Pondichery-Exo2-Correction-Drone-11pts.pdf
Super héros en danger ...;https://labolycee.org/super-heros-en-danger;6 points;Bac S 2013-2020 | Physique | Temps, cinématique, dynamique newtonienne | Mouvement dans un champ de pesanteur uniforme;1 heure;https://www.labolycee.org/sites/default/files/exos/sujets/2015/2015-AmNord-Exo1-Sujet-SuperHeros-6pts.pdf;https://www.labolycee.org/sites/default/files/exos/corriges/2015/2015-AmNord-Exo1-Correction-SuperHeros-6pts.pdf
Performance dune athlète;https://labolycee.org/performance-dune-athlete;10 points;Bac S 2013-2020 | Chimie | Physique | Temps, cinématique, dynamique newtonienne | Mouvement dans un champ de pesanteur uniforme;1 heure 40 minutes;https://www.labolycee.org/sites/default/files/exos/sujets/2015/2015-Polynesie-Exo1-Sujet-Marteau-10pts.pdf;https://www.labolycee.org/sites/default/files/exos/corriges/2015/2015-Polynesie-Exo1-Correction-Marteau-10pts.pdf
Voyage dans la ceinture dastéroïdes;https://labolycee.org/voyage-dans-la-ceinture-dasteroides;11 points;Bac S 2013-2020 | Physique | Temps, cinématique, dynamique newtonienne | Satellites, Lois de Kepler;1 heure 50 minutes;https://www.labolycee.org/sites/default/files/exos/sujets/2018/2018-09-Metropole-Exo2-Sujet-MoteurIonique-11pts.pdf;https://www.labolycee.org/sites/default/files/exos/corriges/2018/2018-09-Metropole-Exo2-Correction-MoteurIonique-11pts.pdf
Les ondes gravitationnelles;https://labolycee.org/les-ondes-gravitationnelles;6 points;Bac S 2013-2020 | Physique | Ondes et matière | Temps, cinématique, dynamique newtonienne | Satellites, Lois de Kepler;1 heure;https://www.labolycee.org/sites/default/files/exos/sujets/2017/2017-Asie-Exo2-Sujet-OndesGravitationnelles-6pts.pdf;https://www.labolycee.org/sites/default/files/exos/corriges/2017/2017-Asie-Exo2-Correction-OndesGravitationnnelles-6pts.pdf
Détection et habitabilité dune exoplanète;https://labolycee.org/detection-et-habitabilite-dune-exoplanete;5 points;Bac S 2013-2020 | Physique | Temps, cinématique, dynamique newtonienne | Satellites, Lois de Kepler;50 minutes;https://www.labolycee.org/sites/default/files/2025-05/2016-AmNord-Exo2-Sujet-Exoplanetes-5pts.pdf;https://www.labolycee.org/sites/default/files/exos/corriges/2016/2016-AmNord-Exo2-Correction-Exoplanetes-5pts.pdf
Coucher de soleils sur Tatooine;https://labolycee.org/coucher-de-soleils-sur-tatooine;5 points;Bac S 2013-2020 | Physique | Temps, cinématique, dynamique newtonienne | Satellites, Lois de Kepler;50 minutes;https://www.labolycee.org/sites/default/files/exos/sujets/2016/2016-Metropole-Exo3-Sujet-Tatooine-5pts.pdf;https://www.labolycee.org/sites/default/files/exos/corriges/2016/2016-Metropole-Exo3-Correction-Tatooine-5pts.pdf
Galiléo, système de navigation par satellite;https://labolycee.org/galileo-systeme-de-navigation-par-satellite;6 points;Bac S 2013-2020 | Physique | Ondes et matière | Temps, cinématique, dynamique newtonienne | Satellites, Lois de Kepler;1 heure;https://www.labolycee.org/sites/default/files/exos/sujets/2015/2015-Asie-Exo1-Sujet-Galileo-6pts.pdf;https://www.labolycee.org/sites/default/files/exos/corriges/2015/2015-Asie-Exo1-Correction-Galileo-6pts.pdf
Suivi du niveau de la mer par le satellite Saral;https://labolycee.org/suivi-du-niveau-de-la-mer-par-le-satellite-saral;5 points;Bac S 2013-2020 | Physique | Temps, cinématique, dynamique newtonienne | Satellites, Lois de Kepler;50 minutes;https://www.labolycee.org/sites/default/files/exos/sujets/2015/2015-Amsud-Exo3-Sujet-NiveauMerSatellite-5pts.pdf;https://www.labolycee.org/sites/default/files/exos/corriges/2015/2015-Amsud-Exo3-Correction-NiveauMerSatellite-5pts.pdf
Satellites de teledetection passive;https://labolycee.org/satellites-de-teledetection-passive;10 points;Bac S 2013-2020 | Physique | Temps, cinématique, dynamique newtonienne | Satellites, Lois de Kepler;1 heure 40 minutes;https://www.labolycee.org/sites/default/files/exos/sujets/2014/2014-Pondichery-Exo1-Sujet-Teledection-10pts.pdf;https://www.labolycee.org/sites/default/files/exos/corriges/2014/2014-Pondichery-Exo1-Correction-Teledection-10pts.pdf
Un trou noir au centre de la Galaxie;https://labolycee.org/un-trou-noir-au-centre-de-la-galaxie;5 points;Bac S 2013-2020 | Physique | Temps, cinématique, dynamique newtonienne | Satellites, Lois de Kepler;50 minutes;https://www.labolycee.org/sites/default/files/exos/sujets/2014/2014-Antilles-Exo1-Sujet-TrouNoir-5pts.pdf;https://www.labolycee.org/sites/default/files/exos/corriges/2014/2014-Antilles-Exo1-Correction-TrouNoir-5pts.pdf
Station spatiale internationale;https://labolycee.org/station-spatiale-internationale;6 points;Bac S 2013-2020 | Physique | Temps, cinématique, dynamique newtonienne | Satellites, Lois de Kepler;1 heure;https://www.labolycee.org/sites/default/files/exos/sujets/2013/2013-AmNord-Exo2-Sujet-ISS-6-5pts.pdf;https://www.labolycee.org/sites/default/files/exos/corriges/2013/2013-AmNord-Exo2-Correction-ISS-6-5pts.pdf
Principe de fonctionnement dun GPS;https://labolycee.org/principe-de-fonctionnement-dun-gps;10 points;Bac S 2013-2020 | Physique | Transmettre et stocker l’information | Temps, cinématique, dynamique newtonienne | Satellites, Lois de Kepler;1 heure 40 minutes;https://www.labolycee.org/sites/default/files/exos/sujets/2013/2013-Metro-Exo2-Sujet-GPS-10pts.pdf;https://www.labolycee.org/sites/default/files/exos/corriges/2013/2013-Metro-Exo2-Correction-GPS-10pts.pdf
Le monde selon Hubble;https://labolycee.org/le-monde-selon-hubble;7 points;Bac S 2013-2020 | Physique | Temps, cinématique, dynamique newtonienne | Satellites, Lois de Kepler;1 heure 10 minutes;https://www.labolycee.org/sites/default/files/exos/sujets/2014/2014-Asie-Exo1-Sujet-Hubble-7pts.pdf;https://www.labolycee.org/sites/default/files/2019-10/2014-Asie-Exo1-Correction-Hubble-7pts.pdf
Lascenseur spatial;https://labolycee.org/lascenseur-spatial;5 points;Bac S 2013-2020 | Physique | Temps, cinématique, dynamique newtonienne | Satellites, Lois de Kepler;50 minutes;https://www.labolycee.org/sites/default/files/exos/sujets/2013/2013-09-Metro-Exo1-Sujet-AscenseurSpatial-5pts.pdf;https://www.labolycee.org/sites/default/files/exos/corriges/2013/2013-09-Metro-Exo1-Correction-AscenseurSpatial-5pts.pdf
De Hubble à James Webb;https://labolycee.org/de-hubble-james-webb;5 points;Bac S 2013-2020 | Physique | Temps, cinématique, dynamique newtonienne | Satellites, Lois de Kepler;50 minutes;https://www.labolycee.org/sites/default/files/exos/sujets/2013/2013-09-Antilles-Exo3-Sujet-HubbleWebb-5pts.pdf;https://www.labolycee.org/sites/default/files/exos/corriges/2013/2013-09-Antilles-Exo3-Correction-HubbleWebb-5pts.pdf
Lacidification des océans;https://labolycee.org/lacidification-des-oceans;9 points;Bac S 2013-2020 | Chimie | Physique | Temps, cinématique, dynamique newtonienne | Mouvement dans un champ de pesanteur uniforme | Satellites, Lois de Kepler;1 heure 30 minutes;https://www.labolycee.org/sites/default/files/exos/sujets/2013/2013-11-NelleCaledo-Exo2-Sujet-AcidificationOcean-9pts.pdf;https://www.labolycee.org/sites/default/files/exos/corriges/2013/2013-11-NelleCaledo-Exo2-Correction-AcidificationOcean-9pts.pdf
Un radar de surveillance maritime;https://labolycee.org/un-radar-de-surveillance-maritime;5 points;Bac S 2013-2020 | Physique | Ondes et matière | Effet Doppler | Transmettre et stocker l’information;50 minutes;https://www.labolycee.org/sites/default/files/exos/sujets/2019/2019-Liban-Exo3-Sujet-RadarMaritime-5pts.pdf;https://www.labolycee.org/sites/default/files/exos/corriges/2019/2019-Liban-Exo3-Correction-RadarMaritime-5pts.pdf
Domotique;https://labolycee.org/domotique;5 points;Bac S 2013-2020 | Physique | Ondes et matière | Effet Doppler | Transmettre et stocker l’information;50 minutes;https://www.labolycee.org/sites/default/files/exos/sujets/2019/2019-CtresEtrangers-Exo3-Sujet-Domotique-5pts.pdf;https://www.labolycee.org/sites/default/files/exos/corriges/2019/2019-CtresEtrangers-Exo3-Correction-Domotique-5pts.pdf
On vous donne le la;https://labolycee.org/vous-donne-le-la;5 points;Bac S 2013-2020 | Physique | Ondes et matière | Transmettre et stocker l’information;50 minutes;https://www.labolycee.org/sites/default/files/exos/sujets/2019/2019-Metro-Exo3-Sujet-Diapason-5pts.pdf;https://www.labolycee.org/sites/default/files/exos/corriges/2019/2019-Metro-Exo3-Correction-Diapason-5pts.pdf
Communication sous-marine;https://labolycee.org/communication-sous-marine;5 points;Bac S 2013-2020 | Physique | Ondes et matière;50 minutes;https://www.labolycee.org/sites/default/files/exos/sujets/2018/2018-Asie-Exo3-Sujet-CommunicationSous-marine-5pts.pdf;https://www.labolycee.org/sites/default/files/exos/corriges/2018/2018-Asie-Exo3-Correction-CommunicationSous-marine-5pts.pdf
Nuisances sonores sous-marines;https://labolycee.org/nuisances-sonores-sous-marines;8 points;Bac S 2013-2020 | Physique | Ondes et matière;1 heure 20 minutes;https://www.labolycee.org/sites/default/files/exos/sujets/2018/2018-Polynesie-Exo1-Sujet-SonSSmarin-8pts.pdf;
Observer le Soleil en H alpha;https://labolycee.org/observer-le-soleil-en-h-alpha;5 points;Bac S 2013-2020 | Physique | Ondes et matière | Interférences;50 minutes;https://www.labolycee.org/sites/default/files/exos/sujets/2018/2018-AmSud-Exo3-Sujet-SoleilInterferences-5pts.pdf;https://www.labolycee.org/sites/default/files/exos/corriges/2018/2018-AmSud-Exo3-Correction-SoleilInterferences-5pts.pdf
Etude dun écran de smartphone;https://labolycee.org/etude-dun-ecran-de-smartphone;5 points;Bac S 2013-2020 | Physique | Ondes et matière | Interférences;50 minutes;https://www.labolycee.org/sites/default/files/exos/sujets/2018/2018-09-Antilles-Exo3-Sujet-EcranSmartphone-5pts.pdf;https://www.labolycee.org/sites/default/files/2019-12/2018-09-Antilles-Exo3-Correction-EcranSmartphone-5pts.pdf
Diffraction par une poudre de cacao;https://labolycee.org/diffraction-par-une-poudre-de-cacao;5 points;Bac S 2013-2020 | Physique | Ondes et matière;50 minutes;https://www.labolycee.org/sites/default/files/2025-12/2017-AmNord-Exo1-Sujet-DiffractionCacao-5pts.pdf;https://www.labolycee.org/sites/default/files/2025-12/2017-AmNord-Exo1-Correction-DiffractionCacao-5pts.pdf
Lunivers du térahertz;https://labolycee.org/lunivers-du-terahertz;6 points;Bac S 2013-2020 | Physique | Ondes et matière;1 heure;https://www.labolycee.org/sites/default/files/exos/sujets/2017/2017-Polynesie-Exo1-Sujet-RayonsTerahertz-6pts.pdf;https://www.labolycee.org/sites/default/files/exos/corriges/2017/2017-Polynesie-Exo1-Correction-RayonsTerahertz-6pts.pdf
Le très grand télescope;https://labolycee.org/le-tres-grand-telescope;9 points;Bac S 2013-2020 | Physique | Ondes et matière;1 heure 30 minutes;https://www.labolycee.org/sites/default/files/exos/sujets/2017/2017-Antilles-Exo1-Sujet-VLT-9pts.pdf;https://www.labolycee.org/sites/default/files/exos/corriges/2017/2017-Antilles-Exo1-Correction-VLT-9pts.pdf
Observation dune exoplanète;https://labolycee.org/observation-dune-exoplanete;5 points;Bac S 2013-2020 | Physique | Ondes et matière | Interférences;50 minutes;https://www.labolycee.org/sites/default/files/exos/sujets/2017/2017-09-Antilles-Exo3-Sujet-ExoplaneteDiffraction-5pts.pdf;https://www.labolycee.org/sites/default/files/exos/corriges/2017/2017-09-Antilles-Exo3-Correction-ExoplaneteDiffraction-5pts.pdf
Ondes et particules;https://labolycee.org/ondes-et-particules;6 points;Bac S 2013-2020 | Physique | Mécanique quantique, dualité onde-particule | Ondes et matière | Interférences;1 heure;https://www.labolycee.org/sites/default/files/exos/sujets/2014/2014-AmNord-Exo1-Sujet-DualiteOndeParticule-6pts.pdf;https://www.labolycee.org/sites/default/files/exos/corriges/2014/2014-AmNord-Exo1-Correction-DualiteOndeParticule-6pts.pdf
CD et autres supports de linformation;https://labolycee.org/cd-et-autres-supports-de-linformation;5 points;Bac S 2013-2020 | Physique | Ondes et matière | Interférences | Transmettre et stocker l’information;50 minutes;https://www.labolycee.org/sites/default/files/exos/sujets/2014/2014-Antilles-Exo3-Sujet-CD-5pts.pdf;https://www.labolycee.org/sites/default/files/exos/corriges/2014/2014-Antilles-Exo3-Correction-CD-5pts.pdf
Casque audio à réduction de bruit;https://labolycee.org/casque-audio-reduction-de-bruit;10 points;Bac S 2013-2020 | Physique | Ondes et matière | Interférences | Transmettre et stocker l’information;1 heure 40 minutes;https://www.labolycee.org/sites/default/files/exos/sujets/2014/2014-09-Metropole-Exo2-Sujet-CasqueReductionBruit-10pts.pdf;https://www.labolycee.org/sites/default/files/exos/corriges/2014/2014-09-Metropole-Exo2-Correction-CasqueReductionBruit-10pts.pdf
Un nouveau stockage optique : le blu-ray;https://labolycee.org/un-nouveau-stockage-optique-le-blu-ray;7 points;Bac S 2013-2020 | Physique | Ondes et matière | Interférences | Transmettre et stocker l’information;1 heure 10 minutes;https://www.labolycee.org/sites/default/files/exos/sujets/2013/2013-Asie-Exo1-Sujet-BluRay-7-5pts.pdf;https://www.labolycee.org/sites/default/files/exos/corriges/2013/2013-Asie-Exo1-Correction-BluRay-7-5pts.pdf
Le son: de sa numérisation à la lecture dun CD;https://labolycee.org/le-son-de-sa-numerisation-la-lecture-dun-cd;5 points;Bac S 2013-2020 | Physique | Ondes et matière | Interférences | Transmettre et stocker l’information;50 minutes;https://www.labolycee.org/sites/default/files/exos/sujets/2013/2013-AmSud-Exo3-Sujet-CAN-CD-Interferences-5pts.pdf;https://www.labolycee.org/sites/default/files/exos/corriges/2013/2013-AmSud-Exo3-Correction-CAN-CD-Interferences-5pts.pdf
Laser et stockage optique;https://labolycee.org/laser-et-stockage-optique;10 points;Bac S 2013-2020 | Physique | Ondes et matière | Interférences | Transmettre et stocker l’information;1 heure 40 minutes;https://www.labolycee.org/sites/default/files/exos/sujets/2013/2014-03-NelleCaledo-Exo2-Sujet-StockageOptique-10pts.pdf;https://www.labolycee.org/sites/default/files/exos/corriges/2013/2014-03-NelleCaledo-Exo2-Correction-StockageOptique-10pts.pdf
De leffet Doppler à ses applications;https://labolycee.org/de-leffet-doppler-ses-applications;6 points;Bac S 2013-2020 | Physique | Ondes et matière | Effet Doppler;1 heure;https://www.labolycee.org/sites/default/files/exos/sujets/2016/2016-Metropole-Exo1-Sujet-Doppler-6pts.pdf;https://www.labolycee.org/sites/default/files/2026-01/2016-Metropole-Exo1-Correction-Doppler-6pts.pdf
Les LIDAR;https://labolycee.org/les-lidar;10 points;Bac S 2013-2020 | Physique | Mécanique quantique, dualité onde-particule | Ondes et matière | Effet Doppler;1 heure 40 minutes;https://www.labolycee.org/sites/default/files/exos/sujets/2016/2016-Asie-Exo2-Sujet-LiDAR-10pts.pdf;https://www.labolycee.org/sites/default/files/exos/corriges/2016/2016-Asie-Exo2-Correction-LIDAR-10pts.pdf
Observer lespace avec le téléscope Hubble;https://labolycee.org/observer-lespace-avec-le-telescope-hubble;5 points;Bac S 2013-2020 | Physique | Ondes et matière | Effet Doppler;50 minutes;https://www.labolycee.org/sites/default/files/exos/sujets/2016/2016-09-Antilles-Exo3-Sujet-Hubble.pdf;https://www.labolycee.org/sites/default/files/exos/corriges/2016/2016-09-Antilles-Exo3-Correction-Hubble-5pts.pdf
Radar Doppler météorologique et aviation;https://labolycee.org/radar-doppler-meteorologique-et-aviation;5 points;Bac S 2013-2020 | Physique | Ondes et matière | Effet Doppler;50 minutes;https://www.labolycee.org/sites/default/files/exos/sujets/2016/2016-11-NelleCaledo-Exo3-Sujet-RadarDoppler-5pts.pdf;https://www.labolycee.org/sites/default/files/exos/corriges/2016/2016-11-NelleCaledo-Exo3-Correction-RadarDoppler-5pts.pdf
Leffet Doppler peut-il perturber un danseur ?;https://labolycee.org/leffet-doppler-peut-il-perturber-un-danseur;5 points;Bac S 2013-2020 | Physique | Ondes et matière | Effet Doppler;50 minutes;https://www.labolycee.org/sites/default/files/exos/sujets/2016/2016-AmSud-Exo3-Sujet-DanseDoppler-5pts.pdf;https://www.labolycee.org/sites/default/files/exos/corriges/2016/2016-AmSud-Exo3-Correction-DanseDoppler-5pts.pdf
étude dun sondeur;https://labolycee.org/etude-dun-sondeur;5 points;Bac S 2013-2020 | Physique | Ondes et matière | Effet Doppler;50 minutes;https://www.labolycee.org/sites/default/files/exos/sujets/2015/2015-Polynesie-Exo2-Sujet-Sonar-5pts.pdf;https://www.labolycee.org/sites/default/files/exos/corriges/2015/2015-Polynesie-Exo2-Correction-Sonar-5pts.pdf
Système daide à la navigation aérienne;https://labolycee.org/systeme-daide-la-navigation-aerienne;10 points;Bac S 2013-2020 | Physique | Ondes et matière | Effet Doppler;1 heure 40 minutes;https://www.labolycee.org/sites/default/files/exos/sujets/2015/2015-CtresEtrangers-Exo2-Sujet-NavigationAerienne-10pts.pdf;https://www.labolycee.org/sites/default/files/exos/corriges/2015/2015-CtresEtrangers-Exo2-Correction-NavigationAerienne-10pts.pdf
Des cinémomètres;https://labolycee.org/des-cinemometres;5 points;Bac S 2013-2020 | Physique | Ondes et matière | Effet Doppler;50 minutes;https://www.labolycee.org/sites/default/files/exos/sujets/2015/2015-Antilles-Exo3-Sujet-Cinemometre-5pts.pdf;https://www.labolycee.org/sites/default/files/exos/corriges/2015/2015-Antilles-Exo3-Correction-Cinemometre-5pts.pdf
Effet Doppler et astrophysique;https://labolycee.org/effet-doppler-et-astrophysique;6 points;Bac S 2013-2020 | Physique | Ondes et matière | Effet Doppler;1 heure;https://www.labolycee.org/sites/default/files/exos/sujets/2013/2013-Polynesie-Exo2-Sujet-Astro-Doppler-6pts.pdf;https://www.labolycee.org/sites/default/files/exos/corriges/2013/2013-Polynesie-Exo2-Correction-Astro-Doppler-6pts.pdf
Mesure de vitesse à laide dun cinémomètre;https://labolycee.org/mesure-de-vitesse-laide-dun-cinemometre;4 points;Bac S 2003-2012 | Tronc commun | Physique | Propagation d'une onde - ondes progressives | Bac S 2013-2020 | Ondes et matière | Effet Doppler;52 minutes;https://www.labolycee.org/sites/default/files/2020-03/2012-Polynesie-Exo3-Sujet-Doppler-4pts.pdf;https://www.labolycee.org/sites/default/files/2020-03/2012-Polynesie-Exo3-Correction-Doppler-4pts.pdf
Des aurores polaires et des électrons.;https://labolycee.org/des-aurores-polaires-et-des-electrons;5 points;Bac S 2013-2020 | Physique | Temps et relativité restreinte;50 minutes;https://www.labolycee.org/sites/default/files/exos/sujets/2016/2016-CtresEtrangers-Exo3-Sujet-RelativiteTompkins-5pts.pdf;https://www.labolycee.org/sites/default/files/2020-04/2016-CtresEtrangers-Exo3-CorrectionRelativiteTompkins-5pts.pdf
Détection de rayons cosmiques;https://labolycee.org/detection-de-rayons-cosmiques;5 points;Bac S 2013-2020 | Physique | Temps et relativité restreinte;50 minutes;https://www.labolycee.org/sites/default/files/exos/sujets/2018/2018-AmNord-Exo3-Sujet-Muons-5pts.pdf;https://www.labolycee.org/sites/default/files/exos/corriges/2018/2018-AmNord-Exo3-Correction-Muons-5pts.pdf
Le muon, explorateur de volcan;https://labolycee.org/le-muon-explorateur-de-volcan;6 points;Bac S 2013-2020 | Physique | Temps et relativité restreinte;1 heure;https://www.labolycee.org/sites/default/files/exos/sujets/2015/2015-09-Polynesie-Exo1-Sujet-MuonsVolcan-6pts.pdf;https://www.labolycee.org/sites/default/files/exos/corriges/2015/2015-09-Polynesie-Exo1-Correction-MuonsVolcan-6pts.pdf
Collisions au LHC;https://labolycee.org/collisions-au-lhc;6 points;Bac S 2013-2020 | Physique | Temps et relativité restreinte;1 heure;https://www.labolycee.org/sites/default/files/exos/sujets/2014/2014-Metro-Exo1-Sujet-BosonLHC-6pts.pdf;https://www.labolycee.org/sites/default/files/exos/corriges/2014/2014-Metro-Exo1-Correction-BosonLHC-6pts.pdf
Protons énergétiques;https://labolycee.org/protons-energetiques;5 points;Bac S 2013-2020 | Physique | Mécanique quantique, dualité onde-particule | Temps et relativité restreinte;50 minutes;https://www.labolycee.org/sites/default/files/exos/sujets/2013/2013-Pondichery-Exo1-Sujet-Protons-5-5pts.pdf;https://www.labolycee.org/sites/default/files/exos/corriges/2013/2013-Pondichery-Exo1-Correction-Protons-5-5pts.pdf
Chimie organique relativiste;https://labolycee.org/chimie-organique-relativiste;7 points;Bac S 2013-2020 | Chimie | Physique | Temps et relativité restreinte;1 heure 10 minutes;https://www.labolycee.org/sites/default/files/exos/sujets/2013/2013-Asie-Exo2-Sujet-ChimieRelativiste-7-5pts.pdf;https://www.labolycee.org/sites/default/files/exos/corriges/2013/2013-Asie-Exo2-Correction-ChimieRelativiste-7-5pts.pdf
Le kiiking, sport extrême en Estonie;https://labolycee.org/le-kiiking-sport-extreme-en-estonie;7 points;Bac S 2013-2020 | Physique | Mesure du temps et oscillateur;1 heure 10 minutes;https://www.labolycee.org/sites/default/files/2020-06/2018-Polynesie-Exo2-Sujet-Le%20kiiking-7pts.pdf;https://www.labolycee.org/sites/default/files/2020-06/2018-Polynesie-Exo2-Correction-Kiiking-7pts.pdf
Etude du lanceur dun flipper;https://labolycee.org/etude-du-lanceur-dun-flipper;6 points;Bac S 2013-2020 | Physique | Mesure du temps et oscillateur;1 heure;https://www.labolycee.org/sites/default/files/exos/sujets/2018/2018-09-Antilles-Exo2-Sujet-Flipper-6pts.pdf;https://www.labolycee.org/sites/default/files/exos/corriges/2018/2018-09-Antilles-Exo2-Correction-Flipper-6pts.pdf
Saut spectaculaire au-dessus du canal de Corinthe;https://labolycee.org/saut-spectaculaire-au-dessus-du-canal-de-corinthe;6 points;Bac S 2013-2020 | Physique | Mesure du temps et oscillateur | Temps, cinématique, dynamique newtonienne;1 heure;https://www.labolycee.org/sites/default/files/exos/sujets/2017/2017-Pondichery-Exo1-Sujet-SautRobbie-6pts.pdf;https://www.labolycee.org/sites/default/files/exos/corriges/2017/2017-Pondichery-Exo1-Correction-SautRobbie-6pts.pdf
Les sciences au service de la performance sportive;https://labolycee.org/les-sciences-au-service-de-la-performance-sportive;10 points;Bac S 2013-2020 | Chimie | Physique | Mesure du temps et oscillateur;1 heure 40 minutes;https://www.labolycee.org/sites/default/files/exos/sujets/2017/2017-AmNord-Exo2-Sujet-SciencesSport-10pts.pdf;https://www.labolycee.org/sites/default/files/exos/corriges/2017/2017-AmNord-Exo2-Correction-SciencesSport-10pts.pdf
Mécanique avec le professeur Walter H.G.Lewin;https://labolycee.org/mecanique-avec-le-professeur-walter-hglewin;6 points;Bac S 2013-2020 | Physique | Mesure du temps et oscillateur;1 heure;https://www.labolycee.org/sites/default/files/exos/sujets/2017/2017-Antilles-Exo2-Sujet-Lewin-6pts.pdf;https://www.labolycee.org/sites/default/files/exos/corriges/2017/2017-Antilles-Exo2-Correction-Lewin-6pts.pdf
Mesure de vitesses : du K.L. au laboratoire de physique;https://labolycee.org/mesure-de-vitesses-du-kl-au-laboratoire-de-physique;6 points;Bac S 2013-2020 | Physique | Mesure du temps et oscillateur;1 heure;https://www.labolycee.org/sites/default/files/exos/sujets/2017/2017-11-NelleCaledo-Exo2-Sujet-duKLauLabo-6pts.pdf;https://www.labolycee.org/sites/default/files/exos/corriges/2017/2017-11-NelleCaledo-Exo2-Correction-duKLauLabo-6pts.pdf
Quand Newton vient en aide aux skateurs;https://labolycee.org/quand-newton-vient-en-aide-aux-skateurs;5 points;Bac S 2013-2020 | Physique | Mesure du temps et oscillateur;50 minutes;https://www.labolycee.org/sites/default/files/exos/sujets/2017/2017-09-Antilles-Exo2-Sujet-Skate-5pts.pdf;https://www.labolycee.org/sites/default/files/exos/corriges/2017/2017-09-Antilles-Exo2-Correction-Skate-5pts.pdf
Lalanine en infrarouge;https://labolycee.org/lalanine-en-infrarouge;7 points;Bac S 2013-2020 | Chimie | Physique | Mesure du temps et oscillateur;1 heure 10 minutes;https://www.labolycee.org/sites/default/files/exos/sujets/2016/2016-Polynesie-Exo1-Sujet-AlanineIR-7pts.pdf;https://www.labolycee.org/sites/default/files/exos/corriges/2016/2016-Polynesie-Exo1-Correction-AlanineIR-7pts.pdf
Un accélérateur au service de lart;https://labolycee.org/un-accelerateur-au-service-de-lart;6 points;Bac S 2013-2020 | Physique | Mesure du temps et oscillateur;1 heure;https://www.labolycee.org/sites/default/files/exos/sujets/2016/2016-11-NelleCaledo-Exo2-Sujet-AccelerateurArt-6pts.pdf;https://www.labolycee.org/sites/default/files/exos/corriges/2016/2016-11-NelleCaledo-Exo2-Correction-AccelerateurArt-6pts.pdf
Quelques aspects de la physique du vol avec lA380;https://labolycee.org/quelques-aspects-de-la-physique-du-vol-avec-la380;5 points;Bac S 2013-2020 | Physique | Mesure du temps et oscillateur;50 minutes;https://www.labolycee.org/sites/default/files/exos/sujets/2015/2015-11-NelleCaledo-Exo3-Sujet-A380-5pts.pdf;https://www.labolycee.org/sites/default/files/exos/corriges/2015/2015-11-NelleCaledo-Exo3-Correction-A380-5pts.pdf
Pendule simple;https://labolycee.org/pendule-simple;5 points;Bac S 2013-2020 | Chimie | Physique | Mesure du temps et oscillateur;50 minutes;https://www.labolycee.org/sites/default/files/exos/sujets/2013/2013-Pondichery-Exo3-Sujet-Pendule-5pts.pdf;https://www.labolycee.org/sites/default/files/exos/corriges/2013/2013-Pondichery-Exo3-Correction-Pendule-5pts.pdf
Le génie des physiciens et des chimistes au service de la mesure du temps;https://labolycee.org/le-genie-des-physiciens-et-des-chimistes-au-service-de-la-mesure-du-temps;5 points;Bac S 2013-2020 | Chimie | Physique | Mesure du temps et oscillateur;50 minutes;https://www.labolycee.org/sites/default/files/exos/sujets/2013/2013-CtresEtrangers-Exo3-Sujet-Pendule-Ammoniac-5pts.pdf;https://www.labolycee.org/sites/default/files/exos/corriges/2013/2013-CtresEtrangers-Exo3-Correction-Pendule-Ammoniac-5pts.pdf
La mesure du temps;https://labolycee.org/la-mesure-du-temps;5 points;Bac S 2013-2020 | Physique | Mesure du temps et oscillateur | Temps, cinématique, dynamique newtonienne;50 minutes;https://www.labolycee.org/sites/default/files/exos/sujets/2013/2013-Antilles-Exo1-Sujet-MesureTemps-5pts.pdf;https://www.labolycee.org/sites/default/files/exos/corriges/2013/2013-Antilles-Exo1-Correction-MesureTemps-5pts.pdf
De la liaison covalente à la spectroscopie infrarouge;https://labolycee.org/de-la-liaison-covalente-la-spectroscopie-infrarouge;4 points;Bac S 2013-2020 | Physique | Mesure du temps et oscillateur;40 minutes;https://www.labolycee.org/sites/default/files/exos/sujets/2013/2013-09-Antilles-Exo1-Sujet-OscillateurIR-4pts.pdf;https://www.labolycee.org/sites/default/files/exos/corriges/2013/2013-09-Antilles-Exo1-Correction-OscillateurIR-4pts.pdf
Valorisation des déchets dun méthaniseur;https://labolycee.org/valorisation-des-dechets-dun-methaniseur;7 points;Bac S 2013-2020 | Chimie | Physique | Transferts thermiques;1 heure 10 minutes;https://www.labolycee.org/sites/default/files/exos/sujets/2018/2018-CtresEtrangers-Exo1-Sujet-Methaniseur-7pts.pdf;https://www.labolycee.org/sites/default/files/exos/corriges/2018/2018-CtresEtrangers-Exo1-Correction-Methaniseur-7pts.pdf
Diagnostic dune maison;https://labolycee.org/diagnostic-dune-maison;5 points;Bac S 2013-2020 | Physique | Transferts thermiques;50 minutes;https://www.labolycee.org/sites/default/files/exos/sujets/2017/2017-11-NelleCaledo-Exo3-Sujet-DiagnosticMaison-5pts.pdf;https://www.labolycee.org/sites/default/files/2023-02/2017-11-NelleCaledo-Exo3-Correction-DiagnosticMaison-5pts.pdf
Performance des matériaux de construction;https://labolycee.org/performance-des-materiaux-de-construction;7 points;Bac S 2013-2020 | Physique | Transferts thermiques;1 heure 10 minutes;https://www.labolycee.org/sites/default/files/exos/sujets/2017/2017-09-Polynesie-Exo1-Sujet-Thermique-7pts.pdf;https://www.labolycee.org/sites/default/files/exos/corriges/2017/2017-09-Polynesie-Exo1-Correction-Thermique-7pts.pdf
Le grand four solaire dOdeillo;https://labolycee.org/le-grand-four-solaire-dodeillo;9 points;Bac S 2013-2020 | Physique | Transferts thermiques;1 heure 30 minutes;https://www.labolycee.org/sites/default/files/exos/sujets/2017/2017-AmSud-Exo2-Sujet-FourSolaire-9pts.pdf;https://www.labolycee.org/sites/default/files/exos/corriges/2017/2017-AmSud-Exo2-Correction-FourSolaire-9pts.pdf
Se chauffer avec le numérique;https://labolycee.org/se-chauffer-avec-le-numerique;8 points;Bac S 2013-2020 | Physique | Transferts thermiques;1 heure 20 minutes;https://www.labolycee.org/sites/default/files/exos/sujets/2016/2016-Polynesie-Exo2-SujetThermiqueCenter-8pts.pdf;https://www.labolycee.org/sites/default/files/exos/corriges/2016/2016-Polynesie-Exo2-CorrectionThermiqueCenter-8pts.pdf
Transfert thermique lors du chauffage dune piscine;https://labolycee.org/transfert-thermique-lors-du-chauffage-dune-piscine;6 points;Bac S 2013-2020 | Physique | Transferts thermiques;1 heure;https://www.labolycee.org/sites/default/files/exos/sujets/2015/2015-Pondichery-Exo2-Sujet-TransfertThermique-6pts.pdf;https://www.labolycee.org/sites/default/files/2023-02/2015-Pondichery-Exo2-Correction-TransfertThermique-6pts.pdf
Une piscine naturelle chauffée;https://labolycee.org/une-piscine-naturelle-chauffee;8 points;Bac S 2013-2020 | Chimie | Physique | Transferts thermiques;1 heure 20 minutes;https://www.labolycee.org/sites/default/files/exos/sujets/2015/2015-Liban-Exo2-Sujet-Piscine-8pts.pdf;https://www.labolycee.org/sites/default/files/exos/corriges/2015/2015-Liban-Exo2-Correction-Piscine-8pts.pdf
Construction dune maison passive;https://labolycee.org/construction-dune-maison-passive;7 points;Bac S 2013-2020 | Physique | Transferts thermiques;1 heure 10 minutes;https://www.labolycee.org/sites/default/files/exos/sujets/2015/2015-Liban-Exo1-Sujet-MaisonPassive-7pts.pdf;https://www.labolycee.org/sites/default/files/exos/corriges/2015/2015-Liban-Exo1-Correction-MaisonPassive-7pts.pdf
étude dune installation thermique;https://labolycee.org/etude-dune-installation-thermique;5 points;Bac S 2013-2020 | Physique | Transferts thermiques;50 minutes;https://www.labolycee.org/sites/default/files/exos/sujets/2015/2015-AmNord-Exo3-Sujet-Thermique-5pts.pdf;https://www.labolycee.org/sites/default/files/2021-05/2015-AmNord-Exo3-Correction-Thermique-5pts.pdf
Le refuge du goûter, un projet H.Q.E.;https://labolycee.org/le-refuge-du-gouter-un-projet-hqe;5 points;Bac S 2013-2020 | Physique | Transferts thermiques;50 minutes;https://www.labolycee.org/sites/default/files/exos/sujets/2015/2015-Asie-Exo3-Sujet-ThermiqueRefuge-5pts.pdf;https://www.labolycee.org/sites/default/files/exos/corriges/2015/2015-Asie-Exo3-Correction-ThermiqueRefuge-5pts.pdf
Des bulles sur leau;https://labolycee.org/des-bulles-sur-leau;9 points;Bac S 2013-2020 | Physique | Transferts thermiques;1 heure 30 minutes;https://www.labolycee.org/sites/default/files/exos/sujets/2015/2016-03-NelleCaledo-Exo1-Sujet-Piscine-9pts.pdf;https://www.labolycee.org/sites/default/files/exos/corriges/2015/2016-03-NelleCaledo-Exo1-Correction-Piscine-9pts.pdf
Cogénération en exploitation agricole;https://labolycee.org/cogeneration-en-exploitation-agricole;5 points;Bac S 2013-2020 | Physique | Transferts thermiques;50 minutes;https://www.labolycee.org/sites/default/files/exos/sujets/2014/2014-AmNord-Exo3-Sujet-Cogeneration-5pts.pdf;https://www.labolycee.org/sites/default/files/exos/corriges/2014/2014-AmNord-Exo3-Correction-Cogeneration-5pts.pdf
A propos de lacide citrique;https://labolycee.org/propos-de-lacide-citrique;5 points;Bac S 2013-2020 | Chimie | Physique | Transferts thermiques;50 minutes;https://www.labolycee.org/sites/default/files/exos/sujets/2014/2014-Polynesie-Exo1-Sujet-AcideCitrique-5-5pts.pdf;https://www.labolycee.org/sites/default/files/exos/corriges/2014/2014-Polynesie-Exo1-Correction-AcideCitrique-5-5pts.pdf
Détermination expérimentale dune résistance thermique;https://labolycee.org/determination-experimentale-dune-resistance-thermique;5 points;Bac S 2013-2020 | Physique | Transferts thermiques;50 minutes;https://www.labolycee.org/sites/default/files/exos/sujets/2014/2014-CtresEtrangers-Exo3-Sujet-RThermique-5pts.pdf;https://www.labolycee.org/sites/default/files/exos/corriges/2014/2014-CtresEtrangers-Exo3-Correction-RThermique-5pts.pdf
Batiment à énergie positive;https://labolycee.org/batiment-energie-positive;10 points;Bac S 2013-2020 | Physique | Transferts thermiques;1 heure 40 minutes;https://www.labolycee.org/sites/default/files/exos/sujets/2014/2014-09-Antilles-Exo2-Sujet-Thermique-10pts.pdf;https://www.labolycee.org/sites/default/files/exos/corriges/2014/2014-09-Antilles-Exo2-Correction-Thermique-10pts.pdf
Le sauna;https://labolycee.org/le-sauna;5 points;Bac S 2013-2020 | Physique | Transferts thermiques;50 minutes;https://www.labolycee.org/sites/default/files/exos/sujets/2013/2013-09-Metro-Exo3-Sujet-Sauna-5pts.pdf;https://www.labolycee.org/sites/default/files/exos/corriges/2013/2013-09-Metro-Exo3-Correction-Sauna-5pts.pdf
Transferts dénergie;https://labolycee.org/transferts-denergie;7 points;Bac S 2013-2020 | Physique | Transferts thermiques;1 heure 10 minutes;https://www.labolycee.org/sites/default/files/exos/sujets/2013/2013-AmSud-Exo1-Sujet-TransfertsThermiques-7-5pts.pdf;https://www.labolycee.org/sites/default/files/exos/corriges/2013/2013-AmSud-Exo1-Correction-TransfertsThermiques-7-5pts.pdf
Micro-texturation de surface par un laser femtoseconde;https://labolycee.org/micro-texturation-de-surface-par-un-laser-femtoseconde;5 points;Bac S 2013-2020 | Physique | Mécanique quantique, dualité onde-particule;50 minutes;https://www.labolycee.org/sites/default/files/exos/sujets/2015/2015-Metropole-Exo3-Sujet-LaserFemto-5pts.pdf;https://www.labolycee.org/sites/default/files/exos/corriges/2015/2015-Metropole-Exo3-Correction-LaserFemto-5pts.pdf
Des électrons pour voir le monde;https://labolycee.org/des-electrons-pour-voir-le-monde;5 points;Bac S 2013-2020 | Physique | Mécanique quantique, dualité onde-particule;50 minutes;https://www.labolycee.org/sites/default/files/exos/sujets/2017/2017-03-NelleCaledo-Exo1-Sujet-MicroscopeElectronique-5pts.pdf;https://www.labolycee.org/sites/default/files/exos/corriges/2017/2017-03-NelleCaledo-Exo1-Correction-MicroscopeElectronique-5pts.pdf
ChemCam;https://labolycee.org/chemcam;5 points;Bac S 2013-2020 | Physique | Mécanique quantique, dualité onde-particule;50 minutes;https://www.labolycee.org/sites/default/files/exos/sujets/2014/2014-11-NelleCaledo-Exo1-Sujet-ChemCam-5pts.pdf;https://www.labolycee.org/sites/default/files/exos/corriges/2014/2014-11-NelleCaledo-Exo1-Correction-ChemCam-5pts.pdf
Du chlore dans le réseau deau potable;https://labolycee.org/du-chlore-dans-le-reseau-deau-potable;5 points;Bac S 2013-2020 | Spécialité | L'eau;50 minutes;https://www.labolycee.org/sites/default/files/2020-09/2020-Antilles-Exo3-Spe-Sujet-ChloreEau-5pts.pdf;
Dioxyde de carbone dans latmosphère;https://labolycee.org/dioxyde-de-carbone-dans-latmosphere;5 points;Bac S 2013-2020 | Spécialité | L'eau;50 minutes;https://www.labolycee.org/sites/default/files/2019-12/2019-11-NelleCaledo-Exo3-Spe-Sujet-CO2-5pts.pdf;https://www.labolycee.org/sites/default/files/2020-06/2019-11-NelleCaledo-Exo3-Spe-Correction-CO2-5pts.pdf
Installation dun home cinéma;https://labolycee.org/installation-dun-home-cinema-0;5 points;Bac S 2013-2020 | Spécialité | Son et musique;50 minutes;https://www.labolycee.org/sites/default/files/2019-11/2016-AmNord-Spe-Exo3-Sujet-AcoustiqueHomeCinema-5pts.pdf;https://www.labolycee.org/sites/default/files/2019-11/2016-AmNord-Spe-Exo3-Correction-AcoustiqueHomeCinema-5pts.pdf
Peindre le titane au laser;https://labolycee.org/peindre-le-titane-au-laser;5 points;Bac S 2013-2020 | Spécialité | Matériaux;50 minutes;https://www.labolycee.org/sites/default/files/2019-11/2019-11-AmSud-Exo3-Spe-Sujet-PeintureTitane-5pts.pdf;https://www.labolycee.org/sites/default/files/2020-05/2019-11-AmSud-Exo3-Spe-Correction-PeintureTitane-5pts_1.pdf
Un microphone sur la planète Mars;https://labolycee.org/un-microphone-sur-la-planete-mars;5 points;Bac S 2013-2020 | Spécialité | Son et musique;50 minutes;https://www.labolycee.org/sites/default/files/2019-10/2019-09-Polynesie-Spe-Exo3-Sujet-MicrophoneMars_0.pdf;https://www.labolycee.org/sites/default/files/2019-11/2019-09-Polynesie-Spe-Exo3-Correction-MicrophoneMars.pdf
La qualité de leau du robinet, un enjeu de santé publique !;https://labolycee.org/la-qualite-de-leau-du-robinet-un-enjeu-de-sante-publique;5 points;Bac S 2013-2020 | Spécialité | L'eau;50 minutes;https://www.labolycee.org/sites/default/files/2019-12/2019-09-Antilles-Exo3-Spe-Sujet-EauRobinet-5pts.pdf;https://www.labolycee.org/sites/default/files/2020-03/2019-09-Antilles-Exo3-Spe-Correction-EauRobinet-5pts.pdf
Energie thermique des mers;https://labolycee.org/energie-thermique-des-mers;5 points;Bac S 2013-2020 | Spécialité | L'eau;50 minutes;https://www.labolycee.org/sites/default/files/2020-06/2019-Polynesie-Exo3-Spe-Sujet-EnergieThermiqueMer-5pts.pdf;https://www.labolycee.org/sites/default/files/2020-06/2019-Polynesie-Exo3-Spe-Correction-EnergieThermiqueMer-5pts_0.pdf
Race for water;https://labolycee.org/race-water;5 points;Bac S 2013-2020 | Spécialité | L'eau | Matériaux;50 minutes;https://www.labolycee.org/sites/default/files/2019-10/2019-Antilles-Exo3-Spe-Sujet-RaceForWaters-5pts.pdf;
Algues et alimentation;https://labolycee.org/algues-et-alimentation;5 points;Bac S 2013-2020 | Spécialité | L'eau;50 minutes;https://www.labolycee.org/sites/default/files/exos/sujets/2019/2019-AmNord-Exo3-Spe-Algues-Alimentation-5pts.pdf;https://www.labolycee.org/sites/default/files/exos/corriges/2019/2019-AmNord-Exo3-Spe-Correction-Algues-Alimentation-5pts.pdf
De leau fraîche avec mon botijo;https://labolycee.org/de-leau-fraiche-avec-mon-botijo;5 points;Bac S 2013-2020 | Spécialité | Matériaux;50 minutes;https://www.labolycee.org/sites/default/files/exos/sujets/2019/2019-Liban-Exo3-Spe-Sujet-EauFraicheBojito-5pts.pdf;https://www.labolycee.org/sites/default/files/exos/corriges/2019/2019-Liban-Exo3-Spe-Correction-EauFraicheBojito-5pts.pdf
Au concert;https://labolycee.org/au-concert-0;5 points;Bac S 2013-2020 | Spécialité | Son et musique;50 minutes;https://www.labolycee.org/sites/default/files/exos/sujets/2019/2019-CtresEtrangers-Exo3-Spe-Sujet-AuConcert-5pts.pdf;https://www.labolycee.org/sites/default/files/exos/corriges/2019/2019-CtresEtrangers-Exo3-Spe-Correction-AuConcert-5pts.pdf
Traitement de leau dun puits;https://labolycee.org/traitement-de-leau-dun-puits;5 points;Bac S 2013-2020 | Spécialité | L'eau;50 minutes;https://www.labolycee.org/sites/default/files/exos/sujets/2019/2019-Asie-Exo3-Spe-Sujet-EauMn-5pts.pdf;
Accorder un diapason;https://labolycee.org/accorder-un-diapason;5 points;Bac S 2013-2020 | Spécialité | Matériaux;50 minutes;https://www.labolycee.org/sites/default/files/exos/sujets/2019/2019-Metro-Exo3-Spe-Sujet-AccordDiapason-5pts.pdf;https://www.labolycee.org/sites/default/files/exos/corriges/2019/2019-Metro-Exo3-Spe-Correction-AccordDiapason-5pts.pdf
Du carburant à partir de leau de mer;https://labolycee.org/du-carburant-partir-de-leau-de-mer;5 points;Bac S 2013-2020 | Spécialité | L'eau;50 minutes;https://www.labolycee.org/sites/default/files/exos/sujets/2018/2018-Pondichery-Spe-Exo3-Sujet-CarburantEauMer-5pts.pdf;https://www.labolycee.org/sites/default/files/exos/corriges/2018/2018-Pondichery-Spe-Exo3-Correction-CarburantEauMer-5pts.pdf
Choix dun adoucisseur deau;https://labolycee.org/choix-dun-adoucisseur-deau;5 points;Bac S 2013-2020 | Spécialité | L'eau;50 minutes;https://www.labolycee.org/sites/default/files/exos/sujets/2018/2018-Liban-Spe-Exo3-Sujet-Adoucisseur-5pts.pdf;https://www.labolycee.org/sites/default/files/exos/corriges/2018/2018-Liban-Spe-Exo3-Correction-Adoucisseur-5pts.pdf
Un instrument à percussion;https://labolycee.org/un-instrument-percussion;5 points;Bac S 2003-2012 | Specialite | Physique | Produire des sons, écouter | Instrument | Bac S 2013-2020 | Spécialité | Son et musique;50 minutes;https://www.labolycee.org/sites/default/files/exos/sujets/2018/2018-AmNord-Spe-Exo3-Sujet-Glockenspiel-5pts.pdf;https://www.labolycee.org/sites/default/files/exos/corriges/2018/2018-AmNord-Spe-Exo3-Correction-Glockenspiel-5pts.pdf
Un bateau innovant;https://labolycee.org/un-bateau-innovant;5 points;Bac S 2013-2020 | Spécialité | L'eau;50 minutes;https://www.labolycee.org/sites/default/files/exos/sujets/2018/2018-CtresEtrangers-Spe-Exo3-Sujet-EnergyObserver-5pts.pdf;https://www.labolycee.org/sites/default/files/exos/corriges/2018/2018-CtresEtrangers-Spe-Exo3-Correction-EnergyObserver-5pts.pdf
Hydratation lors dun marathon;https://labolycee.org/hydratation-lors-dun-marathon;5 points;Bac S 2003-2012 | Tronc commun | Chimie | La transformation d'un système chimique est-elle toujours rapide ? | Spectrophotométrie | Bac S 2013-2020 | Spécialité | L'eau;50 minutes;https://www.labolycee.org/sites/default/files/exos/sujets/2018/2018-Metro-Exo3-Spe-Sujet-Marathon-5pts.pdf;https://www.labolycee.org/sites/default/files/exos/corriges/2018/2018-Metro-Exo3-Spe-Correction-Marathon-5pts.pdf
Vitrage électrochrome;https://labolycee.org/vitrage-electrochrome;5 points;Bac S 2013-2020 | Spécialité | Matériaux;50 minutes;https://www.labolycee.org/sites/default/files/exos/sujets/2018/2018-Asie-Exo3-Spe-Sujet-vitrage.pdf;https://www.labolycee.org/sites/default/files/2020-06/2018-Asie-Exo3-Spe-Correction-vitrage_0.pdf
Les pluies acides;https://labolycee.org/les-pluies-acides;5 points;Bac S 2013-2020 | Spécialité | L'eau;50 minutes;https://www.labolycee.org/sites/default/files/exos/sujets/2018/2018-Antilles-Exo3-Spe-Sujet-PluiesAcides-5pts.pdf;https://www.labolycee.org/sites/default/files/exos/corriges/2018/2018-Antilles-Exo3-Spe-Correction-PluiesAcides-5pts.pdf
Tuyau dorgue;https://labolycee.org/tuyau-dorgue;5 points;Bac S 2013-2020 | Spécialité | Son et musique;50 minutes;https://www.labolycee.org/sites/default/files/exos/sujets/2018/2018-09-Antilles-Spe-Exo3-Sujet-TuyauOrgue-5pts.pdf;https://www.labolycee.org/sites/default/files/exos/corriges/2018/2018-09-Antilles-Spe-Exo3-Correction-TuyauOrgue-5pts.pdf
Formation dune cavité souterraine du gouffre de Padirac;https://labolycee.org/formation-dune-cavite-souterraine-du-gouffre-de-padirac;5 points;Bac S 2013-2020 | Spécialité | L'eau;50 minutes;https://www.labolycee.org/sites/default/files/exos/sujets/2018/2018-09-Metropole-Exo3-Spe-Sujet-GouffrePadirac-5pts.pdf;https://www.labolycee.org/sites/default/files/exos/corriges/2018/2018-09-Metropole-Exo3-Spe-Correction-GouffrePadirac-5pts.pdf
Un smartphone en TP de physique-chimie;https://labolycee.org/un-smartphone-en-tp-de-physique-chimie;9 points;Bac S 2013-2020 | Chimie | Physique | Transmettre et stocker l’information;1 heure 30 minutes;https://www.labolycee.org/sites/default/files/exos/sujets/2017/2017-Pondichery-Exo2-Sujet-Smartphone-9pts.pdf;https://www.labolycee.org/sites/default/files/exos/corriges/2017/2017-Pondichery-Exo2-Correction-Smartphone-9pts.pdf
Chaîne de transmission de linformation;https://labolycee.org/chaine-de-transmission-de-linformation;5 points;Bac S 2013-2020 | Physique | Transmettre et stocker l’information;50 minutes;https://www.labolycee.org/sites/default/files/exos/sujets/2017/2017-Asie-Exo3-Sujet-ChaineInfo-5pts.pdf;https://www.labolycee.org/sites/default/files/2020-03/2017-Asie-Exo3-Correction-ChaineInfo-5pts.pdf
La télévision numérique : émission, transmission et réception.;https://labolycee.org/la-television-numerique-emission-transmission-et-reception;5 points;Bac S 2013-2020 | Physique | Ondes et matière | Transmettre et stocker l’information;50 minutes;https://www.labolycee.org/sites/default/files/exos/sujets/2016/2016-AmNord-Exo3-Sujet-TVNumerique-5pts.pdf;https://www.labolycee.org/sites/default/files/exos/corriges/2016/2016-AmNord-Exo3-Correction-TVNumerique-5pts.pdf
Les caractéristiques dun home cinéma;https://labolycee.org/les-caracteristiques-dun-home-cinema;5 points;Bac S 2013-2020 | Physique | Ondes et matière | Transmettre et stocker l’information;50 minutes;https://www.labolycee.org/sites/default/files/exos/sujets/2016/2016-Antilles-Exo3-Sujet-HomeCinema-5pts.pdf;https://www.labolycee.org/sites/default/files/exos/corriges/2016/2016-Antilles-Exo3-Correction-HomeCinema-5pts.pdf
Les acteurs de la mission rosetta;https://labolycee.org/les-acteurs-de-la-mission-rosetta;6 points;Bac S 2013-2020 | Physique | Transmettre et stocker l’information | Temps, cinématique, dynamique newtonienne;1 heure;https://www.labolycee.org/sites/default/files/exos/sujets/2016/2016-09-Antilles-Exo1-Sujet-Rosetta-6pts.pdf;https://www.labolycee.org/sites/default/files/exos/corriges/2016/2016-09-Antilles-Exo1-Correction-Rosetta-6pts.pdf
Thermographie infrarouge;https://labolycee.org/thermographie-infrarouge;5 points;Bac S 2013-2020 | Physique | Transmettre et stocker l’information;50 minutes;https://www.labolycee.org/sites/default/files/exos/sujets/2015/2015-Liban-Exo3-Sujet-Thermographie-5pts.pdf;https://www.labolycee.org/sites/default/files/exos/corriges/2015/2015-Liban-Exo3-Correction-Thermographie-5pts.pdf
Le smartphone, loutil multimédia;https://labolycee.org/le-smartphone-loutil-multimedia;6 points;Bac S 2013-2020 | Physique | Transmettre et stocker l’information;1 heure;https://www.labolycee.org/sites/default/files/exos/sujets/2015/2015-11-NelleCaledo-Exo1-Sujet-Smartphone-6pts.pdf;https://www.labolycee.org/sites/default/files/exos/corriges/2015/2015-11-NelleCaledo-Exo1-Correction-Smartphone-6pts.pdf
Transmission de linformation;https://labolycee.org/transmission-de-linformation;10 points;Bac S 2013-2020 | Physique | Transmettre et stocker l’information;1 heure 40 minutes;https://www.labolycee.org/sites/default/files/exos/sujets/2015/2015-09-Antilles-Exo1-Sujet-TransmissionInfo-10pts.pdf;https://www.labolycee.org/sites/default/files/exos/corriges/2015/2015-09-Antilles-Exo1-Correction-Transmission%20de%20linformation-10pts.pdf
Des images venues de Mars;https://labolycee.org/des-images-venues-de-mars;5 points;Bac S 2013-2020 | Physique | Transmettre et stocker l’information;50 minutes;https://www.labolycee.org/sites/default/files/exos/sujets/2014/2014-Asie-Exo3-Sujet-ImagesMars-5pts.pdf;https://www.labolycee.org/sites/default/files/exos/corriges/2014/2014-Asie-Exo3-Correction-ImagesMars-5pts.pdf
Le très haut débit pour tous;https://labolycee.org/le-tres-haut-debit-pour-tous;5 points;Bac S 2013-2020 | Physique | Transmettre et stocker l’information;50 minutes;https://www.labolycee.org/sites/default/files/exos/sujets/2013/2013-Liban-Exo3-Sujet-FibreOptique-5pts.pdf;https://www.labolycee.org/sites/default/files/exos/corriges/2013/2013-Liban-Exo3-Correction-FibreOptique-5pts.pdf
Transmission dinformation par fibre optique;https://labolycee.org/transmission-dinformation-par-fibre-optique;5 points;Bac S 2013-2020 | Physique | Transmettre et stocker l’information;50 minutes;https://www.labolycee.org/sites/default/files/exos/sujets/2013/2013-Polynesie-Exo3-Sujet-Fibre-5pts.pdf;https://www.labolycee.org/sites/default/files/exos/corriges/2013/2013-Polynesie-Exo3-Correction-FibreOptique-5pts.pdf
RMN et IRM;https://labolycee.org/rmn-et-irm;6 points;Bac S 2013-2020 | Chimie | Physique | Transmettre et stocker l’information;1 heure;https://www.labolycee.org/sites/default/files/exos/sujets/2013/2013-11-NelleCaledo-Exo1-Sujet-RMN-IRM-6pts.pdf;https://www.labolycee.org/sites/default/files/exos/corriges/2013/2013-11-NelleCaledo-Exo1-Correction-RMN-IRM-6pts.pdf
étude dun instrument à vent;https://labolycee.org/etude-dun-instrument-vent;5 points;Bac S 2013-2020 | Spécialité | Son et musique;50 minutes;https://www.labolycee.org/sites/default/files/exos/sujets/2017/2017-Liban-Exo3-Spe-Sujet-Hautbois-5pts.pdf;https://www.labolycee.org/sites/default/files/exos/corriges/2017/2017-Liban-Exo3-Spe-Correction-Hautbois-5pts.pdf
Sonorisation dune salle de concert;https://labolycee.org/sonorisation-dune-salle-de-concert;5 points;Bac S 2013-2020 | Spécialité | Son et musique;50 minutes;https://www.labolycee.org/sites/default/files/exos/sujets/2017/2017-Polynesie-Spe-Exo3-Sujet-HP-5pts.pdf;https://www.labolycee.org/sites/default/files/exos/corriges/2017/2017-Polynesie-Spe-Exo3-Correction-HP-5pts.pdf
La trompette en ut;https://labolycee.org/la-trompette-en-ut;5 points;Bac S 2013-2020 | Spécialité | Son et musique;50 minutes;https://www.labolycee.org/sites/default/files/exos/sujets/2017/2017-09-Antilles-Spe-Exo3-Sujet-Trompette-5pts.pdf;https://www.labolycee.org/sites/default/files/exos/corriges/2017/2017-09-Antilles-Spe-Exo3-Correction-Trompette-5pts.pdf
Instruments à vent : des tuyaux sonores de toutes les longueurs;https://labolycee.org/instruments-vent-des-tuyaux-sonores-de-toutes-les-longueurs;5 points;Bac S 2013-2020 | Spécialité | Son et musique;50 minutes;https://www.labolycee.org/sites/default/files/exos/sujets/2017/2017-09-Polynesie-Spe-Exo3-Sujet-TuyauxSonores.pdf;https://www.labolycee.org/sites/default/files/exos/corriges/2017/2017-09-Polynesie-Spe-Exo3-Correction-TuyauxSonores.pdf
Rénovation dun amphithéâtre;https://labolycee.org/renovation-dun-amphitheatre;5 points;Bac S 2013-2020 | Spécialité | Son et musique;50 minutes;https://www.labolycee.org/sites/default/files/exos/sujets/2016/2016-CtresEtrangers-Spe-Exo3-Sujet-Amphi-5pts.pdf;https://www.labolycee.org/sites/default/files/exos/corriges/2016/2016-CtresEtrangers-Spe-Exo3-Correction-Amphi-5pts.pdf
Lorgue marin de Blackpool;https://labolycee.org/lorgue-marin-de-blackpool;5 points;Bac S 2013-2020 | Spécialité | Son et musique;50 minutes;https://www.labolycee.org/sites/default/files/exos/sujets/2016/2016-AmSud-Spe-Exo3-Sujet-OrgueMarin-5pts.pdf;https://www.labolycee.org/sites/default/files/exos/corriges/2016/2016-AmSud-Spe-Exo3-Correction-OrgueMarin-5pts.pdf
Le capodastre;https://labolycee.org/le-capodastre;5 points;Bac S 2013-2020 | Spécialité | Son et musique;50 minutes;https://www.labolycee.org/sites/default/files/exos/sujets/2015/2015-Antilles-Spe-Exo3-Sujet-Guitare.pdf;https://www.labolycee.org/sites/default/files/exos/corriges/2015/2015-Antilles-Spe-Exo3-Correction-Guitare.pdf
Rénovation dune salle de classe;https://labolycee.org/renovation-dune-salle-de-classe;5 points;Bac S 2013-2020 | Spécialité | Son et musique;50 minutes;https://www.labolycee.org/sites/default/files/exos/sujets/2015/2015-Asie-Spe-Exo3-Sujet-SonArchitecture.pdf;https://www.labolycee.org/sites/default/files/exos/corriges/2015/2015-Asie-Spe-Exo3-Correction-SonArchitecture.pdf
Comment éliminer leffet larsen ?;https://labolycee.org/comment-eliminer-leffet-larsen;5 points;Bac S 2013-2020 | Spécialité | Son et musique;50 minutes;https://www.labolycee.org/sites/default/files/exos/sujets/2014/2014-AmNord-Spe-Exo3-Sujet-Larsen-5pts.pdf;https://www.labolycee.org/sites/default/files/exos/corriges/2014/2014-AmNord-Spe-Exo3-Correction-Larsen-5pts.pdf
Acoustique dune salle de répétition de lopéra de Lyon;https://labolycee.org/acoustique-dune-salle-de-repetition-de-lopera-de-lyon;5 points;Bac S 2013-2020 | Spécialité | Son et musique;50 minutes;https://www.labolycee.org/sites/default/files/exos/sujets/2015/2015-11-NelleCaledo-Spe-Exo3-%20SujetAcoustique-5pts.pdf;https://www.labolycee.org/sites/default/files/exos/corriges/2015/2015-11-NelleCaledo-Spe-Exo3-%20Correction-Acoustique-5pts.pdf
Réhabilitation dune salle;https://labolycee.org/rehabilitation-dune-salle;5 points;Bac S 2013-2020 | Spécialité | Son et musique;50 minutes;https://www.labolycee.org/sites/default/files/exos/sujets/2015/2015-AmsSud-Spe-Exo3-Sujet-SonArchitecture-5pts.pdf;https://www.labolycee.org/sites/default/files/exos/corriges/2015/2015-AmsSud-Spe-Exo3-Correction-SonArchitecture-5pts.pdf
Effet piézoélectrique;https://labolycee.org/effet-piezoelectrique;5 points;Bac S 2013-2020 | Spécialité | Matériaux | Son et musique;50 minutes;https://www.labolycee.org/sites/default/files/exos/sujets/2014/2014-CtresEtrangers-Spe-Exo3-Sujet-PiezoElec-5pts.pdf;https://www.labolycee.org/sites/default/files/exos/corriges/2014/2014-CtresEtrangers-Spe-Exo3-Correction-PiezoElec-5pts.pdf
Le cor des alpes;https://labolycee.org/le-cor-des-alpes;5 points;Bac S 2013-2020 | Spécialité | Son et musique;50 minutes;https://www.labolycee.org/sites/default/files/exos/sujets/2014/2014-Metro-Spe-Exo3-Sujet-Cor-5pts.pdf;https://www.labolycee.org/sites/default/files/2026-01/2014-Metro-Spe-Exo3-Correction-Cor-5pts.pdf
Le chant des dunes;https://labolycee.org/le-chant-des-dunes;5 points;Bac S 2013-2020 | Spécialité | Son et musique;50 minutes;https://www.labolycee.org/sites/default/files/exos/sujets/2014/2014-11-NelleCaledo-Exo3-Spe-Sujet-ChantDunes-5pts.pdf;https://www.labolycee.org/sites/default/files/exos/corriges/2014/2014-11-NelleCaledo-Exo3-Spe-Correction-ChantDunes-5pts.pdf
Isolation acoustique dun réfectoire;https://labolycee.org/isolation-acoustique-dun-refectoire;5 points;Bac S 2013-2020 | Spécialité | Son et musique;50 minutes;https://www.labolycee.org/sites/default/files/exos/sujets/2014/2014-Antilles-Spe-Exo3-Sujet-AcoustiqueCantine-5pts.pdf;https://www.labolycee.org/sites/default/files/exos/corriges/2014/2014-Antilles-Spe-Exo3-Correction-AcoustiqueCantine-5pts.pdf
Limplant cochléaire;https://labolycee.org/limplant-cochleaire;5 points;Bac S 2013-2020 | Spécialité | Son et musique;50 minutes;https://www.labolycee.org/sites/default/files/exos/sujets/2013/2013-Liban-Exo3-Spe-Sujet-Oreille-5pts.pdf;https://www.labolycee.org/sites/default/files/exos/corriges/2013/2013-Liban-Exo3-Spe-Correction-Oreille-5pts.pdf
Clarinettiste voyageur;https://labolycee.org/clarinettiste-voyageur;5 points;Bac S 2013-2020 | Spécialité | Son et musique;50 minutes;https://www.labolycee.org/sites/default/files/exos/sujets/2013/2013-Pondichery-Spe-Exo3-Sujet-Clarinette-5pts.pdf;https://www.labolycee.org/sites/default/files/exos/corriges/2013/2013-Pondichery-Spe-Exo3-Correction-Clarinette-5pts.pdf
A propos de la protection contre le bruit;https://labolycee.org/propos-de-la-protection-contre-le-bruit;5 points;Bac S 2013-2020 | Spécialité | Son et musique;50 minutes;https://www.labolycee.org/sites/default/files/exos/sujets/2013/2013-Polynesie-Spe-Exo3-Sujet-CasqueAntiBruit-5pts.pdf;https://www.labolycee.org/sites/default/files/exos/corriges/2013/2013-Polynesie-Spe-Exo3-Correction-CasqueAntiBruit-5pts.pdf
La quête du GRAVE;https://labolycee.org/la-quete-du-grave;5 points;Bac S 2013-2020 | Spécialité | Son et musique;50 minutes;https://www.labolycee.org/sites/default/files/exos/sujets/2013/2013-09-Metro-Spe-Exo3-Sujet-Octobasse-5pts.pdf;https://www.labolycee.org/sites/default/files/exos/corriges/2013/2013-09-Metro-Spe-Exo3-Correction-Octobasse-5pts.pdf
Economiser de lénergie en recyclant des canettes en aluminium;https://labolycee.org/economiser-de-lenergie-en-recyclant-des-canettes-en-aluminium;5 points;Bac S 2013-2020 | Spécialité | Matériaux;50 minutes;https://www.labolycee.org/sites/default/files/exos/sujets/2018/2018-NelleCaledo-Spe-Exo3-Sujet-CanetteAlu-5pts.pdf;https://www.labolycee.org/sites/default/files/exos/corriges/2018/2018-NelleCaledo-Spe-Exo3-Correction-CanetteAlu-5pts.pdf
Les fresques de Bamiyan;https://labolycee.org/les-fresques-de-bamiyan;5 points;Bac S 2013-2020 | Spécialité | Matériaux;50 minutes;https://www.labolycee.org/sites/default/files/exos/sujets/2018/2018-Polynesie-Exo3-Spe-Sujet-FrequeBamiyan-5pts.pdf;https://www.labolycee.org/sites/default/files/exos/corriges/2018/2018-Polynesie-Exo3-Spe-Correction-FrequeBamiyan-5pts.pdf
Impression sur plastique avec de lencre à leau;https://labolycee.org/impression-sur-plastique-avec-de-lencre-leau;5 points;Bac S 2013-2020 | Spécialité | Matériaux;50 minutes;https://www.labolycee.org/sites/default/files/exos/sujets/2018/2018-AmSud-Exo3-Spe-Sujet-Encre-TensionSuperficielle.pdf;https://www.labolycee.org/sites/default/files/exos/corriges/2018/2018-AmSud-Exo3-Spe-Correction-Encre-TensionSuperficielle.pdf
Leffet larsen;https://labolycee.org/leffet-larsen;5 points;Bac S 2013-2020 | Spécialité | Son et musique;50 minutes;https://www.labolycee.org/sites/default/files/exos/sujets/2013/2013-Antilles-Spe-Exo3-Sujet-Larsen-5pts.pdf;https://www.labolycee.org/sites/default/files/exos/corriges/2013/2013-Antilles-Spe-Exo3-Correction-Larsen-5pts.pdf
Les éponges à hydrogène, une révolution;https://labolycee.org/les-eponges-hydrogene-une-revolution;5 points;Bac S 2013-2020 | Spécialité | Matériaux;50 minutes;https://www.labolycee.org/sites/default/files/exos/sujets/2017/2017-Pondichery-Spe-Exo3-Sujet-EpongesH2-5pts.pdf;https://www.labolycee.org/sites/default/files/exos/corriges/2017/2017-Pondichery-Spe-Exo3-Correction-EpongesH2-5pts.pdf
Des routes qui génèrent de lélectricité;https://labolycee.org/des-routes-qui-generent-de-lelectricite;5 points;Bac S 2013-2020 | Spécialité | Matériaux;50 minutes;https://www.labolycee.org/sites/default/files/exos/sujets/2017/2017-Asie-Spe-Exo3-Sujet-RouteSolaire-5pts.pdf;https://www.labolycee.org/sites/default/files/exos/corriges/2017/2017-Asie-Spe-Exo3-Correction-RouteSolaire-5pts.pdf
Les dômes de lopéra Garnier;https://labolycee.org/les-domes-de-lopera-garnier;5 points;Bac S 2013-2020 | Spécialité | Matériaux;50 minutes;https://www.labolycee.org/sites/default/files/exos/sujets/2017/2017-AmSud-Spe-Exo3-Sujet-OperaCorrosion.pdf;https://www.labolycee.org/sites/default/files/exos/corriges/2017/2017-AmSud-Spe-Exo3-Correction-OperaCorrosion.pdf
Réparation des bétons armés carbonatés;https://labolycee.org/reparation-des-betons-armes-carbonates;5 points;Bac S 2013-2020 | Spécialité | Matériaux;50 minutes;https://www.labolycee.org/sites/default/files/exos/sujets/2016/2016-Pondichery-Spe-Exo3-Sujet-Beton-5pts.pdf;https://www.labolycee.org/sites/default/files/exos/corriges/2016/2016-Pondichery-Spe-Exo3-Correction-Beton-5pts.pdf
Extraction de la bauxite;https://labolycee.org/extraction-de-la-bauxite;5 points;Bac S 2013-2020 | Spécialité | Matériaux;50 minutes;https://www.labolycee.org/sites/default/files/exos/sujets/2016/2016-Liban-Exo3-Spe-Sujet-Bauxite-5pts.pdf;https://www.labolycee.org/sites/default/files/exos/corriges/2016/2016-Liban-Exo3-Spe-Correction-Bauxite-5pts.pdf
Eraole, lavion du futur;https://labolycee.org/eraole-lavion-du-futur;5 points;Bac S 2013-2020 | Spécialité | Matériaux;50 minutes;https://www.labolycee.org/sites/default/files/exos/sujets/2016/2016-Antilles-Spe-Exo3-Sujet-EraoleAvionFutur-5pts.pdf;https://www.labolycee.org/sites/default/files/exos/corriges/2016/2016-Antilles-Spe-Exo3-Correction-EraoleAvionFutur-5pts.pdf
Pompage solaire dans le désert du Sahel;https://labolycee.org/pompage-solaire-dans-le-desert-du-sahel;5 points;Bac S 2013-2020 | Spécialité | Matériaux;50 minutes;https://www.labolycee.org/sites/default/files/exos/sujets/2016/2016-Metropole-Spe-Exo3-Sujet-PompageSolaire-5pts.pdf;https://www.labolycee.org/sites/default/files/exos/corriges/2016/2016-Metropole-Spe-Exo3-Correction-PompageSolaire-5pts.pdf
Des cellules photovoltaïques pour un tour du monde en avion;https://labolycee.org/des-cellules-photovoltaiques-pour-un-tour-du-monde-en-avion;5 points;Bac S 2013-2020 | Spécialité | Matériaux;50 minutes;https://www.labolycee.org/sites/default/files/exos/sujets/2015/2015-Pondichery-Exo3-Spe-Sujet-SolarImpluse-5pts.pdf;https://www.labolycee.org/sites/default/files/exos/corriges/2015/2015-Pondichery-Exo3-Spe-Correction-SolarImpluse-5pts.pdf
Autonomie électrique dune maison passive;https://labolycee.org/autonomie-electrique-dune-maison-passive;5 points;Bac S 2013-2020 | Spécialité | Matériaux;50 minutes;https://www.labolycee.org/sites/default/files/exos/sujets/2015/2015-Liban-Exo3-Sujet-Spe-Solaire-5pts.pdf;https://www.labolycee.org/sites/default/files/exos/corriges/2015/2015-Liban-Exo3-Correction-Spe-Solaire-5pts.pdf
Le projet AmpaCity;https://labolycee.org/le-projet-ampacity;5 points;Bac S 2013-2020 | Spécialité | Matériaux;50 minutes;https://www.labolycee.org/sites/default/files/exos/sujets/2015/2015-AmNord-Spe-Exo3-Sujet-Supra.pdf;https://www.labolycee.org/sites/default/files/exos/corriges/2015/2015-AmNord-Spe-Exo3-Correction-Supra.pdf
Chimie et modélisme;https://labolycee.org/chimie-et-modelisme;5 points;Bac S 2013-2020 | Spécialité | Matériaux;50 minutes;https://www.labolycee.org/sites/default/files/exos/sujets/2015/2015-09-Antilles-Spe-Exo3-Sujet-ElectrolyseDrone-5pts.pdf;https://www.labolycee.org/sites/default/files/exos/corriges/2015/2015-09-Antilles-Spe-Exo3-Correction-ElectrolyseDrone-5pts.pdf
De la couleur des nanoparticules dor;https://labolycee.org/de-la-couleur-des-nanoparticules-dor;5 points;Bac S 2013-2020 | Spécialité | Matériaux;50 minutes;https://www.labolycee.org/sites/default/files/exos/sujets/2015/2015-09-Metro-Spe-Exo3-Sujet-NanoOr-5pts.pdf;https://www.labolycee.org/sites/default/files/exos/corriges/2015/2015-09-Metro-Spe-Exo3-Correction-NanoOr-5pts.pdf
Tensioactifs;https://labolycee.org/tensioactifs;5 points;Bac S 2013-2020 | Spécialité | L'eau | Matériaux;50 minutes;https://www.labolycee.org/sites/default/files/exos/sujets/2014/2014-Liban-Spe-Exo3-Sujet-Tensioactifs.pdf;https://www.labolycee.org/sites/default/files/exos/corriges/2014/2014-Liban-Spe-Exo3-Correction-Tensioactifs.pdf
Photocatalyse et nanoparticules de dioxyde de titane;https://labolycee.org/photocatalyse-et-nanoparticules-de-dioxyde-de-titane;5 points;Bac S 2013-2020 | Spécialité | Matériaux;50 minutes;https://www.labolycee.org/sites/default/files/exos/sujets/2014/2014-09-Metropole-Exo3-Spe-Sujet-Photocatalyse-5pts.pdf;https://www.labolycee.org/sites/default/files/exos/corriges/2014/2014-09-Metropole-Exo3-Spe-Correction-Photocatalyse-5pts.pdf
La pollution par les nitrates;https://labolycee.org/la-pollution-par-les-nitrates;5 points;Bac S 2013-2020 | Spécialité | L'eau;50 minutes;https://www.labolycee.org/sites/default/files/exos/sujets/2017/2017-AmNord-Exo3-Spe-Sujet-PollutionNitrate-5pts.pdf;https://www.labolycee.org/sites/default/files/exos/corriges/2017/2017-AmNord-Exo3-Spe-Correction-PollutionNitrate-5pts.pdf
Traitement de leau dun bassin dornement;https://labolycee.org/traitement-de-leau-dun-bassin-dornement;5 points;Bac S 2003-2012 | Tronc commun | Chimie | La transformation d'un système chimique est-elle toujours rapide ? | Spectrophotométrie | Bac S 2013-2020 | Spécialité | L'eau;50 minutes;https://www.labolycee.org/sites/default/files/exos/sujets/2017/2017-Metropole-Exo3-Spe-Sujet-5pts.pdf;https://www.labolycee.org/sites/default/files/exos/corriges/2017/2017-Metropole-Exo3-Spe-Correction-5pts.pdf
Un élevage de corail;https://labolycee.org/un-elevage-de-corail;5 points;Bac S 2013-2020 | Spécialité | L'eau;50 minutes;https://www.labolycee.org/sites/default/files/exos/sujets/2017/2017-CtresEtrangers-Exo3-Spe-Sujet-CorauxCa-5pts.pdf;https://www.labolycee.org/sites/default/files/exos/corriges/2017/2017-CtresEtrangers-Exo3-Spe-Correction-CorauxCa-5pts.pdf
Entretien dune piscine;https://labolycee.org/entretien-dune-piscine;5 points;Bac S 2013-2020 | Spécialité | L'eau;50 minutes;https://www.labolycee.org/sites/default/files/exos/sujets/2017/2017-Antilles-Spe-Exo3-Sujet-Piscine-5pts.pdf;https://www.labolycee.org/sites/default/files/exos/corriges/2017/2017-Antilles-Spe-Exo3-Correction-Piscine-5pts.pdf
Piégeage du dioxyde de carbone;https://labolycee.org/piegeage-du-dioxyde-de-carbone;5 points;Bac S 2013-2020 | Spécialité | L'eau;50 minutes;https://www.labolycee.org/sites/default/files/exos/sujets/2017/2017-09-Metro-Spe-Exo3-Sujet-PiegeageCO2-5pts.pdf;https://www.labolycee.org/sites/default/files/exos/corriges/2017/2017-09-Metro-Spe-Exo3-Correction-PiegeageCO2-5pts.pdf
Dessalement de leau de mer;https://labolycee.org/dessalement-de-leau-de-mer;5 points;Bac S 2013-2020 | Spécialité | L'eau;50 minutes;https://www.labolycee.org/sites/default/files/exos/sujets/2016/2016-Polynesie-Spe-Exo3-Sujet-DessalementEauMer-5pts.pdf;https://www.labolycee.org/sites/default/files/exos/corriges/2016/2016-Polynesie-Spe-Exo3-Correction-DessalementEauMer-5pts.pdf
Une micropile à combustible;https://labolycee.org/une-micropile-combustible;5 points;Bac S 2013-2020 | Spécialité | L'eau;50 minutes;https://www.labolycee.org/sites/default/files/exos/sujets/2016/2016-Asie-Spe-Exo3-Sujet-MicropileCombustible-5pts.pdf;https://www.labolycee.org/sites/default/files/exos/corriges/2016/2016-Asie-Spe-Exo3-Correction-MicropileCombustible-5pts.pdf
Des récifs coralliens artificiels;https://labolycee.org/des-recifs-coralliens-artificiels;5 points;Bac S 2013-2020 | Spécialité | L'eau;50 minutes;https://www.labolycee.org/sites/default/files/exos/sujets/2016/2016-09-Metro-Exo3-Spe-Sujet-Recifs-5pts.pdf;https://www.labolycee.org/sites/default/files/exos/corriges/2016/2016-09-Metro-Exo3-Spe-Correction-Recifs-5pts.pdf
Un trésor dans nos égouts;https://labolycee.org/un-tresor-dans-nos-egouts;5 points;Bac S 2013-2020 | Spécialité | L'eau;50 minutes;https://www.labolycee.org/sites/default/files/exos/sujets/2017/2017-03-NelleCaledo-Spe-Exo3-Sujet-AffinageElectrolytique-5pts.pdf;https://www.labolycee.org/sites/default/files/exos/corriges/2017/2017-03-NelleCaledo-Spe-Exo3-Correction-AffinageElectrolytique-5pts.pdf
De la citronnelle des indes à lépoxycitral;https://labolycee.org/de-la-citronnelle-des-indes-lepoxycitral;4 points;Bac S 2013-2020 | Chimie;50 minutes;https://www.labolycee.org/sites/default/files/2020-09/2020-Metropole-Exo1-Sujet-Citronnelle-4pts_1.pdf;
La gomme arabique;https://labolycee.org/la-gomme-arabique;7 points;Bac S 2013-2020 | Chimie;1 heure 20 minutes;https://www.labolycee.org/sites/default/files/2020-09/2020-CtresEtrangers-Exo1-Sujet-GommeArabique-7-5pts_0.pdf;
Sauvons la vigne !;https://labolycee.org/sauvons-la-vigne;5 points;Bac S 2013-2020 | Chimie;55 minutes;https://www.labolycee.org/sites/default/files/2020-09/2020-Antilles-Exo3-Sujet-TitrageVigne.pdf;
Un ester utilisé en parfumerie;https://labolycee.org/un-ester-utilise-en-parfumerie;5 points;Bac S 2013-2020 | Chimie;50 minutes;https://www.labolycee.org/sites/default/files/2020-09/2020-Antilles-Exo1-Sujet-Ester-5pts.pdf.pdf;
Autour du nitrate dammonium;https://labolycee.org/autour-du-nitrate-dammonium;5 points;Bac S 2013-2020 | Chimie;50 minutes;https://www.labolycee.org/sites/default/files/2020-10/2019-11-NelleCaledo-Exo3-Sujet-NH4NO3-Conducti-5pts.pdf;https://www.labolycee.org/sites/default/files/2020-06/2019-11-NelleCaledo-Exo3-Correction-NH4NO3-Conducti-5pts.pdf
Le kétoprofène;https://labolycee.org/le-ketoprofene;4 points;Bac S 2013-2020 | Chimie;40 minutes;https://www.labolycee.org/sites/default/files/2020-01/2019-11-NelleCaledo-Exo1-Sujet-Ketoprofene-4pts.pdf;https://www.labolycee.org/sites/default/files/2020-04/2019-11-NelleCaledo-Exo1-Correction-Ketoprofene-4pts.pdf
Lacide pantothénique;https://labolycee.org/lacide-pantothenique;9 points;Bac S 2013-2020 | Chimie;1 heure 30 minutes;https://www.labolycee.org/sites/default/files/2019-11/2019-11-AmSud-Exo2-Sujet-AcidePantothenique-9pts.pdf;
Le casse-tête des sportifs pour soigner un rhume;https://labolycee.org/le-casse-tete-des-sportifs-pour-soigner-un-rhume;4 points;Bac S 2013-2020 | Chimie;40 minutes;https://www.labolycee.org/sites/default/files/2019-10/2019-09-Antilles-Exo2-Sujet-SportRhume-4pts.pdf;https://www.labolycee.org/sites/default/files/2020-06/2019-09-Antilles-Exo2-Correction-SportRhume-4pts.pdf
Du sucre dans une comète artificielle;https://labolycee.org/du-sucre-dans-une-comete-artificielle;8 points;Bac S 2013-2020 | Chimie;1 heure 20 minutes;https://www.labolycee.org/sites/default/files/2019-10/2019-09-Polynesie-Exo1-Sujet-SucreComete-8pts.pdf;https://www.labolycee.org/sites/default/files/2020-05/2019-09-Polynesie-Exo1-Correction-SucreComete-8pts.pdf
Boissons énergisantes ou énergétiques;https://labolycee.org/boissons-energisantes-ou-energetiques;5 points;Bac S 2013-2020 | Chimie;50 minutes;https://www.labolycee.org/sites/default/files/2019-10/2019-09-Antilles-Exo3-Sujet-BoissonE-5pts.pdf;https://www.labolycee.org/sites/default/files/2020-06/2019-09-Antilles-Exo3-Correction-BoissonE-5pts.pdf
Lisoprène;https://labolycee.org/lisoprene;5 points;Bac S 2013-2020 | Chimie;50 minutes;https://www.labolycee.org/sites/default/files/2019-10/2019-Polynesie-Exo2-Sujet-Isoprene-5pts.pdf;https://www.labolycee.org/sites/default/files/2021-10/2019-Polynesie-Exo2-Correction-Isoprene-5pts.pdf
Composition dun bonbon;https://labolycee.org/composition-dun-bonbon;5 points;Bac S 2013-2020 | Chimie;50 minutes;https://www.labolycee.org/sites/default/files/2019-10/2019-Polynesie-Exo3-Sujet-CompositionBonbon-5pts.pdf;https://www.labolycee.org/sites/default/files/2021-10/2019-Polynesie-Exo3-Correction-CompositionBonbon-5pts.pdf
La cerise;https://labolycee.org/la-cerise;9 points;Bac S 2013-2020 | Chimie;1 heure 30 minutes;https://www.labolycee.org/sites/default/files/2019-10/2019-Antilles-Exo1-Sujet-Cerise-9pts.pdf;
Un arôme alimentaire;https://labolycee.org/un-arome-alimentaire;4 points;Bac S 2003-2012 | Specialite | Chimie | Créer et reproduire des espèces chimiques;52 minutes;https://www.labolycee.org/sites/default/files/2019-09/2012-09-Metropole-Exo3-Spe-Sujet-AromeAlimentaire-4pts.pdf;
Larome artificiel dananas;https://labolycee.org/larome-artificiel-dananas;4 points;Bac S 2003-2012 | Tronc commun | Chimie | Comment le chimiste contrôle-t-il les transformations de la matière ? | Ester | La transformation d'un système chimique est-elle toujours rapide ? | pH;52 minutes;https://www.labolycee.org/sites/default/files/2019-09/2012-09-Metropole-Exo3-Sujet-AromeAnanas-4pts.pdf;
Tubes fluorescents;https://labolycee.org/tubes-fluorescents;6 points;Bac S 2003-2012 | Tronc commun | Physique | Évolution temporelle des systèmes électriques | Circuits RC;1 heure 12 minutes;https://www.labolycee.org/sites/default/files/2021-02/2012-09-Metropole-Exo2-Sujet-TubeFluo-5-5pts.pdf;https://www.labolycee.org/sites/default/files/2021-02/2012-09-Metropole-Exo2-Correction-TubeFluo-5-5pts.pdf
La communication chez les animaux et les végétaux;https://labolycee.org/la-communication-chez-les-animaux-et-les-vegetaux;7 points;Bac S 2003-2012 | Tronc commun | Chimie | Comment le chimiste contrôle-t-il les transformations de la matière ? | Ester | Physique | Évolution temporelle des systèmes mécaniques | Mecanique quantique | Propagation d'une onde - ondes progressives;1 heure 25 minutes;https://www.labolycee.org/sites/default/files/2019-09/2012-09-Metropole-Exo1-Sujet-CommunicationAnimaux-6-5pts_0.pdf;
Gélule de guarana;https://labolycee.org/gelule-de-guarana;4 points;Bac S 2003-2012 | Tronc commun | Chimie | La transformation d'un système chimique est-elle toujours rapide ? | Spectrophotométrie | Bac S 2013-2020;40 minutes;https://www.labolycee.org/sites/default/files/2019-10/2019-AmNord-Exo2-Sujet-Guarana-4pts.pdf;https://www.labolycee.org/sites/default/files/2019-10/2019-AmNord-Exo2-Correction-Guarana-4pts.pdf
Surveillance de la glycémie;https://labolycee.org/surveillance-de-la-glycemie;9 points;Bac S 2003-2012 | Tronc commun | Chimie | La transformation d'un système chimique est-elle toujours rapide ? | Spectrophotométrie | Bac S 2013-2020;1 heure 30 minutes;https://www.labolycee.org/sites/default/files/exos/sujets/2019/2019-CtresEtrangers-Exo1-Sujet-Glycemie-9pts.pdf;https://www.labolycee.org/sites/default/files/exos/corriges/2019/2019-CtresEtrangers-Exo1-Correction-Glycemie-9pts.pdf
Le formaldéhyde : un polluant domestique;https://labolycee.org/le-formaldehyde-un-polluant-domestique;5 points;Bac S 2003-2012 | Tronc commun | Chimie | La transformation d'un système chimique est-elle toujours rapide ? | Spectrophotométrie | Bac S 2013-2020;50 minutes;https://www.labolycee.org/sites/default/files/2025-10/2019-Asie-Exo3-Sujet-Formaldehyde-5pts.pdf;https://www.labolycee.org/sites/default/files/2025-10/2019-Asie-Exo3-Correction-Formaldehyde-5pts.pdf
La rifamycine;https://labolycee.org/la-rifamycine;4 points;Bac S 2003-2012 | Tronc commun | Chimie | La transformation d'un système chimique est-elle toujours rapide ? | Spectrophotométrie | Bac S 2013-2020;40 minutes;https://www.labolycee.org/sites/default/files/exos/sujets/2018/2018-Pondichery-Exo1-Sujet-BeerRifamycine-4pts.pdf;https://www.labolycee.org/sites/default/files/exos/corriges/2018/2018-Pondichery-Exo1-Correction-BeerRifamycine-4pts.pdf
Les caractéristiques dun sol truffier;https://labolycee.org/les-caracteristiques-dun-sol-truffier;5 points;Bac S 2003-2012 | Tronc commun | Chimie | La transformation d'un système chimique est-elle toujours rapide ? | Spectrophotométrie | Bac S 2013-2020;50 minutes;https://www.labolycee.org/sites/default/files/exos/sujets/2018/2018-Liban-Exo3-Sujet-SolTruffier-5pts.pdf;https://www.labolycee.org/sites/default/files/exos/corriges/2018/2018-Liban-Exo3-Correction-SolTruffier-5pts.pdf
La caféine dans le thé;https://labolycee.org/la-cafeine-dans-le;4 points;Bac S 2003-2012 | Tronc commun | Chimie | La transformation d'un système chimique est-elle toujours rapide ? | Spectrophotométrie | Bac S 2013-2020;40 minutes;https://www.labolycee.org/sites/default/files/exos/sujets/2018/2018-09-Metropole-Exo1-Sujet-CafeineThe-4pts.pdf;https://www.labolycee.org/sites/default/files/2021-05/2018-09-Metropole-Exo1-Correction-Cafeine-4pts.pdf
Les ondes au service de la voiture du futur;https://labolycee.org/les-ondes-au-service-de-la-voiture-du-futur;5 points;Bac S 2003-2012 | Tronc commun | Physique | Propagation d'une onde - ondes progressives;50 minutes;https://www.labolycee.org/sites/default/files/exos/sujets/2015/2015-Pondichery-Exo3-Sujet-Ondes-5pts.pdf;https://www.labolycee.org/sites/default/files/exos/corriges/2015/2015-Pondichery-Exo3-Correction-Ondes-5pts.pdf
Contrôle dun vin;https://labolycee.org/controle-dun-vin;5 points;Bac S 2003-2012 | Tronc commun | Chimie | La transformation d'un système chimique est-elle toujours rapide ? | Spectrophotométrie | Bac S 2013-2020;50 minutes;https://www.labolycee.org/sites/default/files/exos/sujets/2015/2015-CtresEtrangers-Exo3-Sujet-Vin-5pts.pdf;https://www.labolycee.org/sites/default/files/exos/corriges/2015/2015-CtresEtrangers-Exo3-Correction-Vin-5pts.pdf
Synthese de lacetate dethyle;https://labolycee.org/synthese-de-lacetate-dethyle;5 points;Bac S 2003-2012 | Tronc commun | Chimie | Comment le chimiste contrôle-t-il les transformations de la matière ? | Ester;50 minutes;https://www.labolycee.org/sites/default/files/exos/sujets/2014/2014-Pondichery-Exo2-Sujet-SyntheseAcetateEthyle-5pts.pdf;https://www.labolycee.org/sites/default/files/exos/corriges/2014/2014-Pondichery-Exo2-Correction-SyntheseAcetateEthyle-5pts.pdf
Eau potable ou non ?;https://labolycee.org/eau-potable-ou-non;5 points;Bac S 2003-2012 | Tronc commun | Chimie | La transformation d'un système chimique est-elle toujours rapide ? | Spectrophotométrie | Bac S 2013-2020 | Spécialité;50 minutes;https://www.labolycee.org/sites/default/files/exos/sujets/2014/2014-Pondichery-Exo3-Spe-Sujet-EauPotable-5pts.pdf;https://www.labolycee.org/sites/default/files/exos/corriges/2014/2014-Pondichery-Exo3-Spe-Correction-EauPotable-5pts.pdf
Quelle teneur en cuivre dans une pièce de 5 centimes deuro ?;https://labolycee.org/quelle-teneur-en-cuivre-dans-une-piece-de-5-centimes-deuro;5 points;Bac S 2003-2012 | Tronc commun | Chimie | La transformation d'un système chimique est-elle toujours rapide ? | Spectrophotométrie | Bac S 2013-2020;50 minutes;https://www.labolycee.org/sites/default/files/exos/sujets/2014/2014-09-Antilles-Exo1-Sujet-DosageSpectroCuEuro-5pts.pdf;https://www.labolycee.org/sites/default/files/exos/corriges/2014/2014-09-Antilles-Exo1-Correction-DosageSpectroCuEuro-5pts.pdf
Surfer sur la vague;https://labolycee.org/surfer-sur-la-vague;5 points;Bac S 2003-2012 | Tronc commun | Physique | Propagation d'une onde - ondes progressives;50 minutes;https://www.labolycee.org/sites/default/files/exos/sujets/2013/2013-AmNord-Exo3-Sujet-Surf-5pts.pdf;https://www.labolycee.org/sites/default/files/exos/corriges/2013/2013-AmNord-Exo3-Correction-Surf-5pts.pdf
Spectrophotométrie;https://labolycee.org/spectrophotometrie;5 points;Bac S 2003-2012 | Tronc commun | Chimie | La transformation d'un système chimique est-elle toujours rapide ? | Spectrophotométrie | Physique | Propagation d'une onde - ondes progressives;1 heure 5 minutes;https://www.labolycee.org/sites/default/files/exos/sujets/2012/2012-Pondichery-Exo2-Sujet-Spectrophotometrie-5-5pts.pdf;https://www.labolycee.org/sites/default/files/exos/corriges/2012/2012-Pondichery-Exo2-Correction-Spectrophotometrie-5-5pts.pdf
Célérité des ultrasons;https://labolycee.org/celerite-des-ultrasons;4 points;Bac S 2003-2012 | Tronc commun | Physique | Propagation d'une onde - ondes progressives | Son;52 minutes;https://www.labolycee.org/sites/default/files/exos/sujets/2012/2012-Antilles-Exo3-Sujet-Ultrasons-4pts.pdf;https://www.labolycee.org/sites/default/files/exos/corriges/2012/2012-Antilles-Exo3-Correction-Ultrasons-4pts.pdf
Lumière et analyse;https://labolycee.org/lumiere-et-analyse;6 points;Bac S 2003-2012 | Tronc commun | Physique | Propagation d'une onde - ondes progressives;1 heure 18 minutes;https://www.labolycee.org/sites/default/files/exos/sujets/2012/2012-Asie-Exo1-Sujet-LumiereAnalyse-6-5pts.pdf;
Du bang dun avion au claquement dun coup de fouet;https://labolycee.org/du-bang-dun-avion-au-claquement-dun-coup-de-fouet;6 points;Bac S 2003-2012 | Tronc commun | Chimie | Comment le chimiste contrôle-t-il les transformations de la matière ? | Physique | Propagation d'une onde - ondes progressives;1 heure 18 minutes;https://www.labolycee.org/sites/default/files/exos/sujets/2012/2012-Metropole-Exo1-Sujet-BangAvion-6-5pts.pdf;https://www.labolycee.org/sites/default/files/exos/corriges/2012/2012-Metropole-Exo1-Correction-BangAvion-6-5pts.pdf
Quand le jeu vidéo devient réalité;https://labolycee.org/quand-le-jeu-video-devient-realite;5 points;Bac S 2003-2012 | Tronc commun | Physique | Évolution temporelle des systèmes électriques | Circuits RC | Propagation d'une onde - ondes progressives;1 heure 5 minutes;https://www.labolycee.org/sites/default/files/exos/sujets/2012/2012-Metropole-Exo2-Sujet-JeuVideo-5-5pts.pdf;https://www.labolycee.org/sites/default/files/exos/corriges/2012/2012-Metropole-Exo2-Correction-JeuVideo-5-5pts.pdf
Suivi cinétique dune transformation par spectrophotométrie;https://labolycee.org/suivi-cinetique-dune-transformation-par-spectrophotometrie;6 points;Bac S 2003-2012 | Tronc commun | Physique | Propagation d'une onde - ondes progressives | Chimie | La transformation d'un système chimique est-elle toujours rapide ? | Spectrophotométrie;1 heure 18 minutes;https://www.labolycee.org/sites/default/files/exos/sujets/2011/2011-Liban-Exo2-Sujet-Diffraction-Prisme-Cinetique-6pts.pdf;https://www.labolycee.org/sites/default/files/exos/corriges/2011/2011-Liban-Exo2-Correction-Diffraction-Prisme-Cinetique-6pts.pdf
Les ondes;https://labolycee.org/les-ondes;4 points;Bac S 2003-2012 | Tronc commun | Physique | Propagation d'une onde - ondes progressives;52 minutes;https://www.labolycee.org/sites/default/files/exos/sujets/2011/2011-Reunion-Exo3-Sujet-Ondes-4pts.pdf;https://www.labolycee.org/sites/default/files/exos/corriges/2011/2011-Reunion-Exo3-Correction-Ondes-4pts.pdf
Le laser au quotidien;https://labolycee.org/le-laser-au-quotidien;4 points;Bac S 2003-2012 | Tronc commun | Physique | Propagation d'une onde - ondes progressives | Diffraction;52 minutes;https://www.labolycee.org/sites/default/files/exos/sujets/2011/2011-CtresEtrangers-Exo3-Sujet-Laser-4pts.pdf;https://www.labolycee.org/sites/default/files/exos/corriges/2011/2011-CtresEtrangers-Exo3-Correction-Laser-4pts.pdf
Radars... et effet Doppler;https://labolycee.org/radars-et-effet-doppler;4 points;Bac S 2003-2012 | Tronc commun | Physique | Propagation d'une onde - ondes progressives;52 minutes;https://www.labolycee.org/sites/default/files/exos/sujets/2011/2011-Antilles-Exo3-Sujet-Doppler-4points.pdf;https://www.labolycee.org/sites/default/files/exos/corriges/2011/2011-Antilles-Exo3-Correction-Doppler-4points.pdf
Diffraction de la lumière à travers un tamis;https://labolycee.org/diffraction-de-la-lumiere-travers-un-tamis;4 points;Bac S 2003-2012 | Tronc commun | Physique | Propagation d'une onde - ondes progressives | Diffraction;52 minutes;https://www.labolycee.org/sites/default/files/exos/sujets/2011/2011-09-Antilles-Exo3-Sujet-Diffraction-4pts.pdf;https://www.labolycee.org/sites/default/files/exos/corriges/2011/2011-09-Antilles-Exo3-Correction-Diffraction-4pts.pdf
Les bulles de savon;https://labolycee.org/les-bulles-de-savon;5 points;Bac S 2003-2012 | Tronc commun | Physique | Propagation d'une onde - ondes progressives;1 heure 5 minutes;https://www.labolycee.org/sites/default/files/exos/sujets/2011/2011-11-Amsud-Exo2-Sujet-Ester-Ondes-5-5pts.pdf;https://www.labolycee.org/sites/default/files/exos/corriges/2011/2011-11-Amsud-Exo2-Correction-Ester-Ondes-5-5pts.pdf
Les ondes sonores;https://labolycee.org/les-ondes-sonores;4 points;Bac S 2003-2012 | Tronc commun | Physique | Propagation d'une onde - ondes progressives;52 minutes;https://www.labolycee.org/sites/default/files/exos/sujets/2010/2010-Liban-Exo3-Sujet-Son-4pts.pdf;https://www.labolycee.org/sites/default/files/exos/corriges/2010/2010-Liban-Exo3-Correction-Son-4pts.pdf
La lumière, une onde électromagnétique;https://labolycee.org/la-lumiere-une-onde-electromagnetique;4 points;Bac S 2003-2012 | Tronc commun | Physique | Propagation d'une onde - ondes progressives;52 minutes;https://www.labolycee.org/sites/default/files/exos/sujets/2010/2010-AmNord-Exo3-Sujet-Lumiere-4pts.pdf;https://www.labolycee.org/sites/default/files/exos/corriges/2010/2010-AmNord-Exo3-Correction-Lumiere-4pts.pdf
La physique au service de lacoustique des théâtres antiques;https://labolycee.org/la-physique-au-service-de-lacoustique-des-theatres-antiques;4 points;Bac S 2003-2012 | Tronc commun | Physique | Propagation d'une onde - ondes progressives | Son;52 minutes;https://www.labolycee.org/sites/default/files/exos/sujets/2010/2010-Antilles-Exo3-Sujet-AcoustiqueTheatre-4pts.pdf;https://www.labolycee.org/sites/default/files/exos/corriges/2010/2010-Antilles-Exo3-Correction-AcoustiqueTheatre-4pts.pdf
Histoires de pêche;https://labolycee.org/histoires-de-peche;9 points;Bac S 2003-2012 | Tronc commun | Physique | Évolution temporelle des systèmes mécaniques | Propagation d'une onde - ondes progressives;1 heure 57 minutes;https://www.labolycee.org/sites/default/files/exos/sujets/2010/2010-CtresEtrang-Exo2-Sujet-MecaOndes-9-5pts.pdf;https://www.labolycee.org/sites/default/files/exos/corriges/2010/2010-CtresEtrang-Exo2-Correction-MecaOndes-9-5pts.pdf
Ondes sismiques et sismomètre;https://labolycee.org/ondes-sismiques-et-sismometre;9 points;Bac S 2003-2012 | Tronc commun | Physique | Évolution temporelle des systèmes mécaniques | Propagation d'une onde - ondes progressives;1 heure 57 minutes;https://www.labolycee.org/sites/default/files/exos/sujets/2010/2010-Reunion-Exo1-Sujet-Ondes-Oscillateur-9pts.pdf;https://www.labolycee.org/sites/default/files/exos/corriges/2010/2010-Reunion-Exo1-Correction-Ondes-Oscillateur-9pts.pdf
La nuit du 21 juin 1822;https://labolycee.org/la-nuit-du-21-juin-1822;5 points;Bac S 2003-2012 | Tronc commun | Physique | Évolution temporelle des systèmes mécaniques | Propagation d'une onde - ondes progressives;1 heure 5 minutes;https://www.labolycee.org/sites/default/files/exos/sujets/2010/2010-09-Metropole-Exo2-Sujet-OndeSon-5-5pts.pdf;https://www.labolycee.org/sites/default/files/exos/corriges/2010/2010-09-Metropole-Exo2-Correction-OndeSon-5-5pts.pdf
Les marégraphes cotiers numériques;https://labolycee.org/les-maregraphes-cotiers-numeriques;4 points;Bac S 2003-2012 | Tronc commun | Physique | Propagation d'une onde - ondes progressives;52 minutes;https://www.labolycee.org/sites/default/files/exos/sujets/2010/2010-Asie-Exo1-Sujet-Ondes-Marees-4pts.pdf;https://www.labolycee.org/sites/default/files/exos/corriges/2010/2010-Asie-Exo1-Correction-Ondes-Marees-4pts.pdf
Lumière et matière;https://labolycee.org/lumiere-et-matiere;7 points;Bac S 2003-2012 | Tronc commun | Physique | Propagation d'une onde - ondes progressives;1 heure 31 minutes;https://www.labolycee.org/sites/default/files/exos/sujets/2010/2010-AmSud-Exo1-Sujet-Lumiere-7pts.pdf;https://www.labolycee.org/sites/default/files/exos/corriges/2010/2010-AmSud-Exo1-Correction-Lumiere-7pts.pdf
Lhuile dans leau, ça fait des vagues;https://labolycee.org/lhuile-dans-leau-ca-fait-des-vagues;4 points;Bac S 2003-2012 | Tronc commun | Physique | Évolution temporelle des systèmes mécaniques | Propagation d'une onde - ondes progressives;52 minutes;https://www.labolycee.org/sites/default/files/exos/sujets/2010/2010-09-Polynesie-Exo3-Sujet-GoutteOnde-4points.pdf;https://www.labolycee.org/sites/default/files/exos/corriges/2010/2010-09-Polynesie-Exo3-Correction-GoutteOnde-4points.pdf
Laboratoires en impesanteur;https://labolycee.org/laboratoires-en-impesanteur;6 points;Bac S 2003-2012 | Tronc commun | Physique | Évolution temporelle des systèmes mécaniques;1 heure 18 minutes;https://www.labolycee.org/sites/default/files/exos/sujets/2012/2012-Pondichery-Exo1-Sujet-A300zeroG-6-5pts.pdf;https://www.labolycee.org/sites/default/files/exos/corriges/2012/2012-Pondichery-Exo1-Correction-A300zeroG-6-5pts.pdf
Le ludion;https://labolycee.org/le-ludion;5 points;Bac S 2003-2012 | Tronc commun | Physique | Évolution temporelle des systèmes mécaniques | Chutes;1 heure 5 minutes;https://www.labolycee.org/sites/default/files/exos/sujets/2012/2012-Liban-Exo2-Sujet-Ludion-5pts.pdf;https://www.labolycee.org/sites/default/files/exos/corriges/2012/2012-Liban-Exo2-Correction-Ludion-5pts.pdf
Une lampe secouée;https://labolycee.org/une-lampe-secouee;4 points;Bac S 2003-2012 | Tronc commun | Physique | Évolution temporelle des systèmes électriques | Circuits RC;52 minutes;https://www.labolycee.org/sites/default/files/exos/sujets/2012/2012-Liban-Exo3-Sujet-LampeRC-4pts.pdf;https://www.labolycee.org/sites/default/files/exos/corriges/2012/2012-Liban-Exo3-Correction-LampeRC-4pts.pdf
Eruption de la montagne pelée en 1902;https://labolycee.org/eruption-de-la-montagne-pelee-en-1902;5 points;Bac S 2003-2012 | Tronc commun | Physique | Évolution temporelle des systèmes mécaniques | Projectiles;1 heure 5 minutes;https://www.labolycee.org/sites/default/files/2020-11/2012-AmNord-Exo1-Sujet-VolcanMecanique-5pts_0.pdf;https://www.labolycee.org/sites/default/files/exos/corriges/2012/2012-AmNord-Exo1-Correction-VolcanMecanique-5pts.pdf
Panacées?;https://labolycee.org/panacees;7 points;Bac S 2003-2012 | Tronc commun | Physique | Transformations nucléaires;1 heure 31 minutes;https://www.labolycee.org/sites/default/files/exos/sujets/2012/2012-AmNord-Exo2-Sujet-Radium-VitamineC-7pts.pdf;https://www.labolycee.org/sites/default/files/exos/corriges/2012/2012-AmNord-Exo2-Correction-Radium-VitamineC-7pts.pdf
Réalisation dune balise;https://labolycee.org/realisation-dune-balise;5 points;Bac S 2003-2012 | Tronc commun | Physique | Évolution temporelle des systèmes électriques | Oscillations;1 heure 5 minutes;https://www.labolycee.org/sites/default/files/exos/sujets/2012/2012-Polynesie-Exo2-Sujet-Balise-RC-LC-5pts.pdf;https://www.labolycee.org/sites/default/files/2019-09/2012-Polynesie-Exo2-Correction-Balise-RC-LC-5pts.pdf
Les prouesses du poisson archer;https://labolycee.org/les-prouesses-du-poisson-archer;9 points;Bac S 2003-2012 | Tronc commun | Physique | Évolution temporelle des systèmes mécaniques | Projectiles;1 heure 57 minutes;https://www.labolycee.org/sites/default/files/exos/sujets/2012/2012-CtresEtrangers-Exo1-Sujet-PoissonArcher-9pts.pdf;https://www.labolycee.org/sites/default/files/exos/corriges/2012/2012-CtresEtrangers-Exo1-Correction-PoissonArcher-9pts.pdf
Condensateur, bobine et énergie;https://labolycee.org/condensateur-bobine-et-energie;5 points;Bac S 2003-2012 | Tronc commun | Physique | Évolution temporelle des systèmes électriques | Oscillations;1 heure 5 minutes;https://www.labolycee.org/sites/default/files/exos/sujets/2012/2012-Antilles-Exo2-Sujet-RC-LC-5pts.pdf;https://www.labolycee.org/sites/default/files/exos/corriges/2012/2012-Antilles-Exo2-Correction-RC-LC-5pts.pdf
La suspension de la 2 cV Citroën;https://labolycee.org/la-suspension-de-la-2-cv-citroen;5 points;Bac S 2003-2012 | Tronc commun | Physique | Évolution temporelle des systèmes mécaniques | Oscillateurs;1 heure 5 minutes;https://www.labolycee.org/sites/default/files/exos/sujets/2012/2012-Asie-Exo2-Sujet-2cV-Oscillateur-5-5pts.pdf;https://www.labolycee.org/sites/default/files/exos/corriges/2012/2012-Asie-Exo2-Correction-2cV-Oscillateur-5-5pts.pdf
Le saut à lélastique;https://labolycee.org/le-saut-lelastique;5 points;Bac S 2003-2012 | Tronc commun | Physique | Évolution temporelle des systèmes mécaniques | Chutes;1 heure 5 minutes;https://www.labolycee.org/sites/default/files/exos/sujets/2011/2011-Pondichery-Exo2-Sujet-SautElastique-5pts.pdf;https://www.labolycee.org/sites/default/files/exos/corriges/2011/2011-Pondichery-Exo2-Correction-SautElastique-5pts.pdf
Laser megajoule;https://labolycee.org/laser-megajoule;4 points;Bac S 2003-2012 | Tronc commun | Physique | Transformations nucléaires | Fusion;52 minutes;https://www.labolycee.org/sites/default/files/exos/sujets/2011/2011-Pondichery-Exo3-Sujet-LaserMegajoule-4pts.pdf;https://www.labolycee.org/sites/default/files/exos/corriges/2011/2011-Pondichery-Exo3-Correction-LaserMegajoule-4pts.pdf
Larome de vanille;https://labolycee.org/larome-de-vanille;5 points;Bac S 2003-2012 | Tronc commun | Chimie | La transformation d'un système chimique est-elle toujours rapide ? | Spectrophotométrie | Bac S 2013-2020;50 minutes;https://www.labolycee.org/sites/default/files/exos/sujets/2013/2013-Asie-Exo3-Sujet-Vanille-5pts.pdf;https://www.labolycee.org/sites/default/files/exos/corriges/2013/2013-Asie-Exo3-Correction-Vanille-5pts.pdf
Les dangers de lalcool;https://labolycee.org/les-dangers-de-lalcool;7 points;Bac S 2013-2020 | Chimie | Bac S 2003-2012 | Tronc commun | La transformation d'un système chimique est-elle toujours rapide ? | Spectrophotométrie;1 heure 10 minutes;https://www.labolycee.org/sites/default/files/exos/sujets/2013/2013-AmSud-Exo2-Sujet-DangersAlcool-7-5pts.pdf;https://www.labolycee.org/sites/default/files/exos/corriges/2013/2013-AmSud-Exo2-Correction-DangersAlcool-7-5pts.pdf
Pile au lithium et supercondensateur;https://labolycee.org/pile-au-lithium-et-supercondensateur;5 points;Bac S 2003-2012 | Tronc commun | Chimie | Le sens spontané d'évolution d'un système est-il prévisible ? Peut-il être inversé ? | Pile | Physique | Évolution temporelle des systèmes électriques;1 heure 5 minutes;https://www.labolycee.org/sites/default/files/exos/sujets/2011/2011-Antilles-Exo2-Sujet-PileSuperC-5-5points.pdf;https://www.labolycee.org/sites/default/files/exos/corriges/2011/2011-Antilles-Exo2-PileSuperC-Correction-5-5points.pdf
Bobine dune pédale wha-wha;https://labolycee.org/bobine-dune-pedale-wha-wha;4 points;Bac S 2003-2012 | Tronc commun | Physique | Évolution temporelle des systèmes électriques | Oscillations;52 minutes;https://www.labolycee.org/sites/default/files/exos/sujets/2011/2011-Asie-Exo3-Sujet-BobineWha-Wha-4pts.pdf;https://www.labolycee.org/sites/default/files/exos/corriges/2011/2011-Asie-Exo3-Correction-BobineWha-Wha-4pts.pdf
La bluecar;https://labolycee.org/la-bluecar;6 points;Bac S 2003-2012 | Tronc commun | Chimie | Le sens spontané d'évolution d'un système est-il prévisible ? Peut-il être inversé ? | Pile | Physique | Évolution temporelle des systèmes électriques | Circuits RC;1 heure 18 minutes;https://www.labolycee.org/sites/default/files/exos/sujets/2011/2011-09-Metropole-Exo1-Sujet-RC-MecaQ-Batterie-6-5pts.pdf;https://www.labolycee.org/sites/default/files/exos/corriges/2011/2011-09-Metropole-Exo1-Correction-RC-MecaQ-Batterie-6-5pts.pdf
Comment peut-on stocker de lénergie?;https://labolycee.org/comment-peut-stocker-de-lenergie;4 points;Bac S 2003-2012 | Tronc commun | Physique | Évolution temporelle des systèmes électriques;52 minutes;https://www.labolycee.org/sites/default/files/exos/sujets/2011/2011-11-NelleCaledo-Exo3-Sujet-StockerEnergie-4pts.pdf;https://www.labolycee.org/sites/default/files/exos/corriges/2011/2011-11-NelleCaledo-Exo3-Correction-StockerEnergie-4pts.pdf
Les systèmes électriques;https://labolycee.org/les-systemes-electriques;5 points;Bac S 2003-2012 | Tronc commun | Physique | Évolution temporelle des systèmes électriques;1 heure 5 minutes;https://www.labolycee.org/sites/default/files/exos/sujets/2010/2010-AmNord-Exo2-Sujet-Electricite-5-5pts.pdf;https://www.labolycee.org/sites/default/files/exos/corriges/2010/2010-AmNord-Exo2-Correction-Electricite-5-5pts.pdf
Détection de métaux;https://labolycee.org/detection-de-metaux;4 points;Bac S 2003-2012 | Tronc commun | Physique | Évolution temporelle des systèmes électriques | Oscillations;52 minutes;https://www.labolycee.org/sites/default/files/exos/sujets/2010/2010-09-Metropole-Exo3-Sujet-DetectionMetaux-4pts.pdf;https://www.labolycee.org/sites/default/files/exos/corriges/2010/2010-09-Metropole-Exo3-Correction-DetectionMetaux-4pts.pdf
Condensateur et éclairage dun train miniature;https://labolycee.org/condensateur-et-eclairage-dun-train-miniature;5 points;Bac S 2003-2012 | Tronc commun | Physique | Évolution temporelle des systèmes électriques | Circuits RC;1 heure 5 minutes;https://www.labolycee.org/sites/default/files/exos/sujets/2010/2010-11-NelleCaledo-Exo2-Sujet-RCTrain-5-5pts.pdf;https://www.labolycee.org/sites/default/files/exos/corriges/2010/2010-11-NelleCaledo-Exo2-Correction-RCTrain-5-5pts.pdf
Le super condensateur prêt à sortir de lombre;https://labolycee.org/le-super-condensateur-pret-sortir-de-lombre;6 points;Bac S 2003-2012 | Tronc commun | Physique | Évolution temporelle des systèmes électriques | Circuits RC;1 heure 18 minutes;https://www.labolycee.org/sites/default/files/exos/sujets/2010/2010-09-Polynesie-Exo2-Sujet-SuperCondensateur-6pts.pdf;https://www.labolycee.org/sites/default/files/exos/corriges/2010/2010-09-Polynesie-Exo2-Correction-Condensateur-6pts.pdf
étude expérimentale de dipôles électriques;https://labolycee.org/etude-experimentale-de-dipoles-electriques;6 points;Bac S 2003-2012 | Tronc commun | Physique | Évolution temporelle des systèmes électriques | Oscillations;1 heure 18 minutes;https://www.labolycee.org/sites/default/files/exos/sujets/2009/2009-Polynesie-Exo1-Sujet-DipolesElec-6pts.pdf;https://www.labolycee.org/sites/default/files/exos/corriges/2009/2009-Polynesie-Exo1-Correction-DipolesElec-6pts.pdf
Airbag et condensateur, quel rapport?;https://labolycee.org/airbag-et-condensateur-quel-rapport;4 points;Bac S 2003-2012 | Tronc commun | Physique | Évolution temporelle des systèmes électriques | Circuits RC;52 minutes;https://www.labolycee.org/sites/default/files/exos/sujets/2009/2009-Metropole-Exo3-Sujet.pdf;https://www.labolycee.org/sites/default/files/exos/corriges/2009/2009-Metropole-Exo3-Correction.pdf
Détermination de la capacité dun condensateur;https://labolycee.org/determination-de-la-capacite-dun-condensateur;5 points;Bac S 2003-2012 | Tronc commun | Physique | Évolution temporelle des systèmes électriques | Circuits RC;1 heure 5 minutes;https://www.labolycee.org/sites/default/files/exos/sujets/2009/2009-Asie-Exo3-Sujet-Condensateur-5pts.pdf;https://www.labolycee.org/sites/default/files/exos/corriges/2009/2009-Asie-Exo3-Correction-Condensateur-5pts.pdf
Un cycliste écologiste;https://labolycee.org/un-cycliste-ecologiste;6 points;Bac S 2003-2012 | Tronc commun | Physique | Évolution temporelle des systèmes électriques;1 heure 18 minutes;https://www.labolycee.org/sites/default/files/exos/sujets/2009/2009-Antilles-Exo1-Sujet-Pile-Condo-6-5pts.pdf;https://www.labolycee.org/sites/default/files/exos/corriges/2009/2009-Antilles-Exo1-Correction-Pile-Condo-6-5pts.pdf
Etude dune bobine par différentes méthodes;https://labolycee.org/etude-dune-bobine-par-differentes-methodes;5 points;Bac S 2003-2012 | Tronc commun | Physique | Évolution temporelle des systèmes électriques | Oscillations;1 heure 5 minutes;https://www.labolycee.org/sites/default/files/exos/sujets/2009/2009-09-Antilles-Exo2-Sujet-Bobine-5-5pts.pdf;https://www.labolycee.org/sites/default/files/exos/corriges/2009/2009-09-Antilles-Exo2-Correction-Bobine-5-5pts.pdf
Quelle sera lautomobile du futur?;https://labolycee.org/quelle-sera-lautomobile-du-futur;6 points;Bac S 2003-2012 | Tronc commun | Chimie | Le sens spontané d'évolution d'un système est-il prévisible ? Peut-il être inversé ? | Pile | Physique | Évolution temporelle des systèmes électriques | Circuits RC;1 heure 18 minutes;https://www.labolycee.org/sites/default/files/exos/sujets/2009/2009-09-Polynesie-Exo2-Sujet-Condensateur-PAC-6pts.pdf;https://www.labolycee.org/sites/default/files/exos/corriges/2009/2009-09-Polynesie-Exo2-Correction-Condensateur-PAC-6pts.pdf
Mesure de la valeur de la capacité dun condensateur;https://labolycee.org/mesure-de-la-valeur-de-la-capacite-dun-condensateur;4 points;Bac S 2003-2012 | Tronc commun | Physique | Évolution temporelle des systèmes électriques | Circuits RC;52 minutes;https://www.labolycee.org/sites/default/files/exos/sujets/2008/2008-Pondichery-Exo3-Sujet-Condensateur-5pts.pdf;https://www.labolycee.org/sites/default/files/exos/corriges/2008/2008-Pondichery-Exo3-Correction-Condensateur-5pts.pdf
Production dune onde sonore;https://labolycee.org/production-dune-onde-sonore;4 points;Bac S 2003-2012 | Tronc commun | Physique | Propagation d'une onde - ondes progressives | Évolution temporelle des systèmes électriques;52 minutes;https://www.labolycee.org/sites/default/files/exos/sujets/2008/2008-Antilles-Exo3-Sujet-LC-Ondes-4pts.pdf;https://www.labolycee.org/sites/default/files/exos/corriges/2008/2008-Antilles-Exo3-Correction-LC-Ondes-4pts.pdf
Michael Faraday (1791-1867);https://labolycee.org/michael-faraday-1791-1867;6 points;Bac S 2003-2012 | Tronc commun | Chimie | Le sens spontané d'évolution d'un système est-il prévisible ? Peut-il être inversé ? | Physique | Évolution temporelle des systèmes électriques;1 heure 18 minutes;https://www.labolycee.org/sites/default/files/exos/sujets/2008/2008-Asie-Exo2-Sujet-Electrolyse-RL-6-5-Pts.pdf;https://www.labolycee.org/sites/default/files/exos/corriges/2008/2008-Asie-Exo2-Correction-Electrolyse-RL-6-5-Pts.pdf
Un réveil en douceur;https://labolycee.org/un-reveil-en-douceur;5 points;Bac S 2003-2012 | Tronc commun | Physique | Évolution temporelle des systèmes électriques | Circuits RL;1 heure 5 minutes;https://www.labolycee.org/sites/default/files/exos/sujets/2008/2008-National-Exo2-Sujet-RL-RLC-5-5pts.pdf;https://www.labolycee.org/sites/default/files/exos/corriges/2008/2008-National-Exo2-Correction-RL-5-5pts.pdf
Pile et charge dun condensateur;https://labolycee.org/pile-et-charge-dun-condensateur;8 points;Bac S 2003-2012 | Tronc commun | Chimie | Le sens spontané d'évolution d'un système est-il prévisible ? Peut-il être inversé ? | Pile | Physique | Évolution temporelle des systèmes électriques;1 heure 44 minutes;https://www.labolycee.org/sites/default/files/exos/sujets/2008/2008-Reunion-Exo1-Sujet-Pile-Condensateur-8pts.pdf;https://www.labolycee.org/sites/default/files/2024-03/2008-Reunion-Exo1-Correction-Pile-RC-8pts.pdf
Matière et antimatière;https://labolycee.org/matiere-et-antimatiere;5 points;Bac S 2003-2012 | Tronc commun | Physique | Transformations nucléaires;1 heure 5 minutes;https://www.labolycee.org/sites/default/files/exos/sujets/2011/2011-AmNord-Exo2-Sujet-AntiMatiere-5-5pts.pdf;https://www.labolycee.org/sites/default/files/exos/corriges/2011/2011-AmNord-Exo2-Correction-AntiMatiere-5-5pts.pdf
Lélément 117 sajoute au tableau périodique;https://labolycee.org/lelement-117-sajoute-au-tableau-periodique;5 points;Bac S 2003-2012 | Tronc commun | Physique | Transformations nucléaires | Decroissance;1 heure 5 minutes;https://www.labolycee.org/sites/default/files/exos/sujets/2011/2011-Polynesie-Exo2-Sujet-Nucleaire117-5pts.pdf;https://www.labolycee.org/sites/default/files/exos/corriges/2011/2011-Polynesie-Exo2-Correction-Nucleaire117-5pts.pdf
Les Curie;https://labolycee.org/les-curie;5 points;Bac S 2003-2012 | Tronc commun | Physique | Transformations nucléaires;1 heure 5 minutes;https://www.labolycee.org/sites/default/files/exos/sujets/2011/2011-CtresEtrangers-Exo1-Sujet-FamilleCurie-5-5pts.pdf;https://www.labolycee.org/sites/default/files/exos/corriges/2011/2011-CtresEtrangers-Exo1-Correction-FamilleCurie-5-5pts.pdf
Le LMJ (Laser mégajoule);https://labolycee.org/le-lmj-laser-megajoule;4 points;Bac S 2003-2012 | Tronc commun | Physique | Transformations nucléaires;52 minutes;https://www.labolycee.org/sites/default/files/exos/sujets/2011/2011-Metropole-Exo3-Sujet-Nucleaire-LMJ-4pts.pdf;https://www.labolycee.org/sites/default/files/exos/corriges/2011/2011-Metropole-Exo3-Correction-Nucleaire-LMJ-4pts.pdf
Le polonium 210;https://labolycee.org/le-polonium-210;6 points;Bac S 2003-2012 | Tronc commun | Physique | Transformations nucléaires | Decroissance;1 heure 18 minutes;https://www.labolycee.org/sites/default/files/exos/sujets/2010/2010-Pondichery-Exo1-Sujet-Polonium-6pts.pdf;https://www.labolycee.org/sites/default/files/exos/corriges/2010/2010-Pondichery-Exo1-Correction-Polonium-6pts.pdf
Datation des vins par radioactivité;https://labolycee.org/datation-des-vins-par-radioactivite;5 points;Bac S 2003-2012 | Tronc commun | Physique | Transformations nucléaires | Datation;1 heure 5 minutes;https://www.labolycee.org/sites/default/files/exos/sujets/2011/2011-Asie-Exo2-Sujet-DatationVin-5-5pts.pdf;https://www.labolycee.org/sites/default/files/exos/corriges/2011/2011-Asie-Exo2-Correction-DatationVin-5-5pts.pdf
La scintigraphie du coeur;https://labolycee.org/la-scintigraphie-du-coeur;5 points;Bac S 2003-2012 | Tronc commun | Physique | Transformations nucléaires;1 heure 5 minutes;https://www.labolycee.org/sites/default/files/exos/sujets/2011/2011-11-NelleCaledonie-Exo2-Sujet-Scintigraphie-5-5points.pdf;
La radioactivité naturelle et provoquée de luranium;https://labolycee.org/la-radioactivite-naturelle-et-provoquee-de-luranium;5 points;Bac S 2003-2012 | Tronc commun | Physique | Transformations nucléaires;1 heure 5 minutes;https://www.labolycee.org/sites/default/files/exos/sujets/2010/2010-09-Antilles-Exo2-Sujet-Uranium5-5pts.pdf;https://www.labolycee.org/sites/default/files/exos/corriges/2010/2010-09-Antilles-Exo2-Correction-Uranium5-5pts.pdf
Nucléaire au service de la médecine;https://labolycee.org/nucleaire-au-service-de-la-medecine;5 points;Bac S 2003-2012 | Tronc commun | Physique | Transformations nucléaires;1 heure 5 minutes;https://www.labolycee.org/sites/default/files/exos/sujets/2010/2010-Metropole-Exo2-Sujet-Nucleaire-Medecine-5-5pts.pdf;https://www.labolycee.org/sites/default/files/exos/corriges/2010/2010-Metropole-Exo2-Correction-Nucleaire-Medecine-5-5pts.pdf
Des isotopes du phosphore;https://labolycee.org/des-isotopes-du-phosphore;6 points;Bac S 2003-2012 | Tronc commun | Physique | Transformations nucléaires | Decroissance;1 heure 18 minutes;https://www.labolycee.org/sites/default/files/exos/sujets/2010/2010-Polynesie-Exo1-Sujet-Phosphore-6pts.pdf;https://www.labolycee.org/sites/default/files/exos/corriges/2010/2010-Polynesie-Exo1-Correction-Phosphore-6pts.pdf
La transmutation pour éliminer les déchets nucléaires;https://labolycee.org/la-transmutation-pour-eliminer-les-dechets-nucleaires;5 points;Bac S 2003-2012 | Tronc commun | Physique | Transformations nucléaires | Decroissance;1 heure 5 minutes;https://www.labolycee.org/sites/default/files/exos/sujets/2010/2010-AmSud-Exo2-Sujet-TransmutationDechets-5pts.pdf;https://www.labolycee.org/sites/default/files/exos/corriges/2010/2010-AmSud-Exo2-Correction-TransmutationDechets-5pts.pdf
Laméricium 241 et quelques applications industrielles;https://labolycee.org/lamericium-241-et-quelques-applications-industrielles;5 points;Bac S 2003-2012 | Tronc commun | Physique | Transformations nucléaires | Decroissance;1 heure 5 minutes;https://www.labolycee.org/sites/default/files/exos/sujets/2011/2011-03-NelleCaledo-Exo2-Sujet-Americium-5-5points.pdf;https://www.labolycee.org/sites/default/files/exos/corriges/2011/2011-03-NelleCaledo-Exo2-Correction-Americium-5-5points.pdf
Le plutonium;https://labolycee.org/le-plutonium;4 points;Bac S 2003-2012 | Tronc commun | Physique | Transformations nucléaires;52 minutes;https://www.labolycee.org/sites/default/files/exos/sujets/2009/2009-AmNord-Exo3-Sujet-Plutonium-4pts.pdf;https://www.labolycee.org/sites/default/files/exos/corriges/2009/2009-AmNord-Exo3-Correction-Plutonium-4points.pdf
Lénergie du futur;https://labolycee.org/lenergie-du-futur;5 points;Bac S 2003-2012 | Tronc commun | Physique | Transformations nucléaires | Fusion;1 heure 5 minutes;https://www.labolycee.org/sites/default/files/exos/sujets/2009/2009-Pondichery-Exo2-Sujet-ITER-5-5pts.pdf;https://www.labolycee.org/sites/default/files/exos/corriges/2009/2009-Pondichery-Exo2-Correction-ITER-5-5pts.pdf
De la Terre à la Lune;https://labolycee.org/de-la-terre-la-lune;5 points;Bac S 2003-2012 | Tronc commun | Physique | Évolution temporelle des systèmes mécaniques | Transformations nucléaires;1 heure 5 minutes;https://www.labolycee.org/sites/default/files/exos/sujets/2009/2009-09-Metropole-Exo2-Sujet-ApolloXI-5-5pts.pdf;https://www.labolycee.org/sites/default/files/exos/corriges/2009/2009-09-Metropole-Exo2-Correction-ApolloXI-5-5pts.pdf
Les réactons de fission et leur utilisation dans la production dénergie;https://labolycee.org/les-reactons-de-fission-et-leur-utilisation-dans-la-production-denergie;5 points;Bac S 2003-2012 | Tronc commun | Physique | Transformations nucléaires;1 heure 5 minutes;https://www.labolycee.org/sites/default/files/exos/sujets/2009/2009-11-NelleCaledo-Exo2-Sujet-FissionU-5-5pts.pdf;https://www.labolycee.org/sites/default/files/exos/corriges/2009/2009-11-NelleCaledo-Exo2-Correction-FissionU-5-5pts.pdf
1932: Le radium à la mode...;https://labolycee.org/1932-le-radium-la-mode;4 points;Bac S 2003-2012 | Tronc commun | Physique | Transformations nucléaires | Decroissance;52 minutes;https://www.labolycee.org/sites/default/files/exos/sujets/2008/2008-Liban-Exo3-Sujet-Radium-4pts.pdf;https://www.labolycee.org/sites/default/files/2024-04/2008-Liban-Exo3-Correction-Radium-4pts.pdf
Quelques propriétés du plutonium 241;https://labolycee.org/quelques-proprietes-du-plutonium-241;5 points;Bac S 2003-2012 | Tronc commun | Physique | Transformations nucléaires | Decroissance;1 heure 5 minutes;https://www.labolycee.org/sites/default/files/exos/sujets/2008/2008-Pondichery-Exo2-Sujet-Plutonium241-5pts.pdf;https://www.labolycee.org/sites/default/files/exos/corriges/2008/2008-Pondichery-Exo2-Correction-Plutonium241-5pts.pdf
Le radon et ses descendants;https://labolycee.org/le-radon-et-ses-descendants;4 points;Bac S 2003-2012 | Tronc commun | Physique | Transformations nucléaires | Decroissance;52 minutes;https://www.labolycee.org/sites/default/files/exos/sujets/2008/2008-AmNord-Exo3-Sujet-Radon-4pts.pdf;https://www.labolycee.org/sites/default/files/exos/corriges/2008/2008-AmNord-Exo3-Correction-Radon-4pts.pdf
La Terre, une machine thermique;https://labolycee.org/la-terre-une-machine-thermique;4 points;Bac S 2003-2012 | Tronc commun | Physique | Transformations nucléaires | Decroissance;52 minutes;https://www.labolycee.org/sites/default/files/exos/sujets/2008/2008-National-Exo3-Sujet-TerreNucleaire-4pts.pdf;https://www.labolycee.org/sites/default/files/exos/corriges/2008/2008-National-Exo3-Correction-TerreNucleaire-4pts.pdf
à propos de la radioactivité;https://labolycee.org/propos-de-la-radioactivite;4 points;Bac S 2003-2012 | Tronc commun | Physique | Transformations nucléaires | Decroissance;52 minutes;https://www.labolycee.org/sites/default/files/exos/sujets/2008/2008-Polynesie-Exo3-Sujet-Radioactivite-4pts.pdf;https://www.labolycee.org/sites/default/files/exos/corriges/2008/2008-Polynesie-Exo3-Correction-Radioactivite-4pts.pdf
Du système à sa modélisation;https://labolycee.org/du-systeme-sa-modelisation;9 points;Bac S 2003-2012 | Tronc commun | Physique | Propagation d'une onde - ondes progressives | Transformations nucléaires | Évolution temporelle des systèmes électriques | Évolution temporelle des systèmes mécaniques;1 heure 57 minutes;https://www.labolycee.org/sites/default/files/exos/sujets/2008/2008-09-Polynesie-Exo1-Sujet-Modeles-9pts.pdf;https://www.labolycee.org/sites/default/files/exos/corriges/2008/2008-09-Polynesie-Exo1-Correction-Modeles-9pts.pdf
Un jeu denfant;https://labolycee.org/un-jeu-denfant;6 points;Bac S 2003-2012 | Tronc commun | Physique | Évolution temporelle des systèmes mécaniques | Oscillateurs;1 heure 18 minutes;https://www.labolycee.org/sites/default/files/exos/sujets/2011/2011-Liban-Exo1-Sujet-OscillateurVertical-6pts.pdf;https://www.labolycee.org/sites/default/files/exos/corriges/2011/2011-Liban-Exo1-Correction-OscillateurVertical-6pts.pdf
Constante de raideur dun ressort;https://labolycee.org/constante-de-raideur-dun-ressort;4 points;Bac S 2003-2012 | Tronc commun | Physique | Évolution temporelle des systèmes mécaniques | Oscillateurs;52 minutes;https://www.labolycee.org/sites/default/files/exos/sujets/2011/2011-AmNord-Exo3-Sujet-OscillateurVertical-4pts.pdf;https://www.labolycee.org/sites/default/files/exos/corriges/2011/2011-AmNord-Exo3-Correction-OscillateurVertical-4pts.pdf
Suivez la flèche...;https://labolycee.org/suivez-la-fleche;4 points;Bac S 2003-2012 | Tronc commun | Physique | Évolution temporelle des systèmes mécaniques | Projectiles;52 minutes;https://www.labolycee.org/sites/default/files/exos/sujets/2011/2011-Polynesie-Exo3-Sujet-Balistique-4pts.pdf;https://www.labolycee.org/sites/default/files/exos/corriges/2011/2011-Polynesie-Exo3-Correction-Balistique-4pts.pdf
Chute verticale dun boulet;https://labolycee.org/chute-verticale-dun-boulet;5 points;Bac S 2003-2012 | Tronc commun | Physique | Évolution temporelle des systèmes mécaniques | Chutes;1 heure 5 minutes;https://www.labolycee.org/sites/default/files/exos/sujets/2011/2011-Metropole-Exo2-Sujet-ChuteVerticale-5-5pts.pdf;https://www.labolycee.org/sites/default/files/exos/corriges/2011/2011-Metropole-Exo2-Correction-ChuteVerticale-5-5pts.pdf
Le dauphin à flancs blancs;https://labolycee.org/le-dauphin-flancs-blancs;5 points;Bac S 2003-2012 | Tronc commun | Physique | Évolution temporelle des systèmes mécaniques | Projectiles;1 heure 5 minutes;https://www.labolycee.org/sites/default/files/exos/sujets/2011/2011-Reunion-Exo2-Sujet-DauphinMeca-5-5pts.pdf;https://www.labolycee.org/sites/default/files/exos/corriges/2011/2011-Reunion-Exo2-Correction-DauphinMeca-5-5pts.pdf
Un Rubiks Cube résolu à près de 4300 m daltitude;https://labolycee.org/un-rubiks-cube-resolu-pres-de-4300-m-daltitude;6 points;Bac S 2003-2012 | Tronc commun | Physique | Évolution temporelle des systèmes mécaniques | Chutes;1 heure 18 minutes;https://www.labolycee.org/sites/default/files/exos/sujets/2011/2011-11-AmSud-Exo1-Sujet-ChuteRubikCube-6-5pts.pdf;https://www.labolycee.org/sites/default/files/exos/corriges/2011/2011-11-AmSud-Exo1-Correction-ChuteRubikCube-6-5pts.pdf
Pendule de Foucault;https://labolycee.org/pendule-de-foucault;5 points;Bac S 2003-2012 | Tronc commun | Physique | Évolution temporelle des systèmes mécaniques | Oscillateurs;1 heure 5 minutes;https://www.labolycee.org/sites/default/files/exos/sujets/2011/2011-09-Metropole-Exo2-Sujet-PenduleFoucault-5-5pts.pdf;https://www.labolycee.org/sites/default/files/exos/corriges/2011/2011-09-Metropole-Exo2-Correction-PenduleFoucault-5-5pts.pdf
Une petite histoire de la seconde;https://labolycee.org/une-petite-histoire-de-la-seconde;6 points;Bac S 2003-2012 | Tronc commun | Physique | Évolution temporelle des systèmes mécaniques;1 heure 18 minutes;https://www.labolycee.org/sites/default/files/exos/sujets/2011/2011-09-Polynesie-Exo2-Sujet-MesureSeconde-6pts.pdf;https://www.labolycee.org/sites/default/files/exos/corriges/2011/2011-09-Polynesie-Exo2-Correction-MesureSeconde-6pts.pdf
Sur la Lune;https://labolycee.org/sur-la-lune;5 points;Bac S 2003-2012 | Tronc commun | Physique | Évolution temporelle des systèmes mécaniques | Projectiles;1 heure 5 minutes;https://www.labolycee.org/sites/default/files/exos/sujets/2011/2011-09-Antilles-Exo2-Sujet-SurLaLune-5-5pts.pdf;https://www.labolycee.org/sites/default/files/exos/corriges/2011/2011-09-Antilles-Exo2-Correction-SurLaLune-5-5pts.pdf
Histoire deuros...;https://labolycee.org/histoire-deuros;6 points;Bac S 2003-2012 | Tronc commun | Physique | Évolution temporelle des systèmes mécaniques;1 heure 18 minutes;https://www.labolycee.org/sites/default/files/exos/sujets/2010/2010-Pondichery-Exo3-Sujet-Euros-6pts.pdf;https://www.labolycee.org/sites/default/files/exos/corriges/2010/2010-Pondichery-Exo3-Correction-Quantique-Euros-6pts.pdf
Loscillateur harmonique;https://labolycee.org/loscillateur-harmonique;5 points;Bac S 2003-2012 | Tronc commun | Physique | Évolution temporelle des systèmes mécaniques | Oscillateurs;1 heure 5 minutes;https://www.labolycee.org/sites/default/files/exos/sujets/2010/2010-Liban-Exo2-Sujet-Oscillateur-5-5pts.pdf;https://www.labolycee.org/sites/default/files/exos/corriges/2010/2010-Liban-Exo2-Correction-Oscillateur-5-5pts.pdf
Aspect énergétique dun système {solide-ressort};https://labolycee.org/aspect-energetique-dun-systeme-solide-ressort;5 points;Bac S 2003-2012 | Tronc commun | Physique | Évolution temporelle des systèmes mécaniques | Oscillateurs;1 heure 5 minutes;https://www.labolycee.org/sites/default/files/exos/sujets/2010/2010-Antilles-Exo2-Sujet-Ressort-5-5pts.pdf;https://www.labolycee.org/sites/default/files/exos/corriges/2010/2010-Antilles-Exo2-Correction-Ressort-5-5pts.pdf
Chute dune goutte de pluie;https://labolycee.org/chute-dune-goutte-de-pluie;5 points;Bac S 2003-2012 | Tronc commun | Physique | Évolution temporelle des systèmes mécaniques;1 heure 5 minutes;https://www.labolycee.org/sites/default/files/exos/sujets/2010/2010-Asie-Exo2-Sujet-ChuteGouttePluie-5-5pts.pdf;https://www.labolycee.org/sites/default/files/exos/corriges/2010/2010-Asie-Exo2-Correction-ChuteGouttePluie-5-5pts.pdf
Oscillations chimiques et oscillations mécaniques;https://labolycee.org/oscillations-chimiques-et-oscillations-mecaniques;6 points;Bac S 2003-2012 | Tronc commun | Physique | Évolution temporelle des systèmes mécaniques;1 heure 18 minutes;https://www.labolycee.org/sites/default/files/exos/sujets/2010/2010-Polynesie-Exo2-Sujet-OscillationsPC-6pts.pdf;https://www.labolycee.org/sites/default/files/exos/corriges/2010/2010-Polynesie-Exo2-Correction-OscillationsPC-6pts.pdf
Chute dune bille dans la glycérine;https://labolycee.org/chute-dune-bille-dans-la-glycerine;5 points;Bac S 2003-2012 | Tronc commun | Physique | Évolution temporelle des systèmes mécaniques | Chutes | Méthode d'Euler;1 heure 5 minutes;https://www.labolycee.org/sites/default/files/exos/sujets/2008/2008-Antilles-Exo1-Sujet-Chute-Glycerine-5-5pts.pdf;https://www.labolycee.org/sites/default/files/exos/corriges/2008/2008-Antilles-Exo1-Correction-Chute-Glycerine-5-5pts.pdf
Chute verticale dun ballon;https://labolycee.org/chute-verticale-dun-ballon;5 points;Bac S 2003-2012 | Tronc commun | Physique | Évolution temporelle des systèmes mécaniques | Chutes | Méthode d'Euler;1 heure 5 minutes;https://www.labolycee.org/sites/default/files/exos/sujets/2008/2008-Polynesie-Exo2-Sujet-ChuteVerticale-5pts.pdf;https://www.labolycee.org/sites/default/files/exos/corriges/2008/2008-Polynesie-Exo2-Correction-ChuteVerticale-5pts.pdf
Oscillateur mécanique horizontal;https://labolycee.org/oscillateur-mecanique-horizontal;4 points;Bac S 2003-2012 | Tronc commun | Physique | Évolution temporelle des systèmes mécaniques | Oscillateurs | Méthode d'Euler;52 minutes;https://www.labolycee.org/sites/default/files/exos/sujets/2007/2007-Pondichery-Exo3-Sujet-Oscillateur-meca-4pts.pdf;https://www.labolycee.org/sites/default/files/exos/corriges/2007/2007-Pondichery-Exo3-Correction-Oscillateur-meca-4pts.pdf
Science et sport;https://labolycee.org/science-et-sport;5 points;Bac S 2003-2012 | Tronc commun | Physique | Évolution temporelle des systèmes mécaniques | Projectiles | Méthode d'Euler;1 heure 5 minutes;https://www.labolycee.org/sites/default/files/exos/sujets/2008/2008-03-NelleCaledonie-Exo2-Sujet-SportMeca-5-5pts.pdf;https://www.labolycee.org/sites/default/files/exos/corriges/2008/2008-03-NelleCaledonie-Exo2-Correction-SportMeca-5-5pts.pdf
Au soleil dITER (International thermonuclear experimental reactor);https://labolycee.org/au-soleil-diter-international-thermonuclear-experimental-reactor;5 points;Bac S 2003-2012 | Tronc commun | Physique | Méthode d'Euler | Transformations nucléaires | Fusion;1 heure 5 minutes;https://www.labolycee.org/sites/default/files/exos/sujets/2006/2006-09-Polynesie-Exo2-Sujet-ITER-5-5pts.pdf;https://www.labolycee.org/sites/default/files/exos/corriges/2006/2006-09-Polynesie-Exo2-Correction-ITER-5-5pts.pdf
Thermomètre de Galilée;https://labolycee.org/thermometre-de-galilee;5 points;Bac S 2003-2012 | Tronc commun | Physique | Évolution temporelle des systèmes mécaniques | Chutes | Méthode d'Euler;1 heure 5 minutes;https://www.labolycee.org/sites/default/files/exos/sujets/2006/2006-AmSud-Exo2-Sujet-ThermometreGalilee-5pts.pdf;https://www.labolycee.org/sites/default/files/exos/corriges/2006/2006-AmSud-Exo2-Correction-ThermometreGalilee-4pts.pdf
Etude dun circuit RC - Principe de fonctionnement dune minuterie;https://labolycee.org/etude-dun-circuit-rc-principe-de-fonctionnement-dune-minuterie;7 points;Bac S 2003-2012 | Tronc commun | Physique | Évolution temporelle des systèmes électriques | Circuits RC | Méthode d'Euler;1 heure 31 minutes;https://www.labolycee.org/sites/default/files/exos/sujets/2005/2005-Polynesie-Sujet-Exo1-RCMinuterie-7-5pts.pdf;https://www.labolycee.org/sites/default/files/exos/corriges/2005/2005-Polynesie-Correction-Exo1-Minuterie-7-5pts.pdf
A propos du marquage isotopique;https://labolycee.org/propos-du-marquage-isotopique;6 points;Bac S 2003-2012 | Tronc commun | Chimie | Comment le chimiste contrôle-t-il les transformations de la matière ? | Physique | Méthode d'Euler | Transformations nucléaires;1 heure 18 minutes;https://www.labolycee.org/sites/default/files/exos/sujets/2005/2005-09-National-Sujet-Exo2-MarquageIsotopique.pdf;https://www.labolycee.org/sites/default/files/exos/corriges/2005/2005-09-National-Correction-Exo2-MarquageIsotopique.pdf
Une équation au service des sciences physiques;https://labolycee.org/une-equation-au-service-des-sciences-physiques;9 points;Bac S 2003-2012 | Tronc commun | Physique | Évolution temporelle des systèmes électriques | Méthode d'Euler;1 heure 57 minutes;https://www.labolycee.org/sites/default/files/exos/sujets/2005/2005-09-Antilles-Sujet-Exo1-EquaDiff-9-5pts.pdf;https://www.labolycee.org/sites/default/files/exos/corriges/2005/2005-09-Antilles-Correction-Exo1-EquaDiff-9-5pts.pdf
La grêle;https://labolycee.org/la-grele;4 points;Bac S 2003-2012 | Tronc commun | Physique | Évolution temporelle des systèmes mécaniques | Chutes | Méthode d'Euler;52 minutes;https://www.labolycee.org/sites/default/files/exos/sujets/2005/2005-USA-Sujet-Exo3-Grele-4pts.pdf;https://www.labolycee.org/sites/default/files/exos/corriges/2005/2005-USA-Correction-Exo3-Grele-4pts.pdf
Détermination de la viscosité dune huile moteur;https://labolycee.org/determination-de-la-viscosite-dune-huile-moteur;5 points;Bac S 2003-2012 | Tronc commun | Physique | Évolution temporelle des systèmes mécaniques | Chutes | Méthode d'Euler;1 heure 5 minutes;https://www.labolycee.org/sites/default/files/exos/sujets/2004/2004-09-Antilles-Sujet-Exo1-ChuteHuile-5-5pts.pdf;https://www.labolycee.org/sites/default/files/exos/corriges/2004/2004-09-Antilles-Correction-Exo1-Chute-5-5pts.pdf
Mécanique du vol dun ballon sonde;https://labolycee.org/mecanique-du-vol-dun-ballon-sonde;6 points;Bac S 2003-2012 | Tronc commun | Physique | Évolution temporelle des systèmes mécaniques | Chutes | Méthode d'Euler;1 heure 18 minutes;https://www.labolycee.org/sites/default/files/2025-05/2004-National-Sujet-Exo2-BallonSonde-6-5pts.pdf;https://www.labolycee.org/sites/default/files/2025-05/2004-National-correction-Exo2-BallonSonde-5-5pts.pdf
Chute libre et parachutisme;https://labolycee.org/chute-libre-et-parachutisme;6 points;Bac S 2003-2012 | Tronc commun | Physique | Évolution temporelle des systèmes mécaniques | Chutes | Méthode d'Euler;1 heure 18 minutes;https://www.labolycee.org/sites/default/files/exos/sujets/2004/2004-Pondichery-Sujet-Exo1-Chute_libre_parachutisme-6pts.pdf;https://www.labolycee.org/sites/default/files/exos/corriges/2004/2004-Pondichery-correction-Exo1-ChuteLibre-parachutisme.pdf
Le Grand saut;https://labolycee.org/le-grand-saut;4 points;Bac S 2003-2012 | Tronc commun | Physique | Évolution temporelle des systèmes mécaniques | Chutes | Méthode d'Euler;52 minutes;https://www.labolycee.org/sites/default/files/exos/sujets/2004/2004-Liban-Sujet-Exo3-GrandSaut-4pts.pdf;https://www.labolycee.org/sites/default/files/exos/corriges/2004/2004-Liban-correction-Exo3-GrandSaut.pdf
Circuits RL et RLC;https://labolycee.org/circuits-rl-et-rlc;6 points;Bac S 2003-2012 | Tronc commun | Physique | Évolution temporelle des systèmes électriques | Circuits RL | Méthode d'Euler;1 heure 18 minutes;https://www.labolycee.org/sites/default/files/exos/sujets/2003/2003-11-NelleCaledonie-Sujet-SSCalc-Exo2-RL-RC-6-5pts.pdf;https://www.labolycee.org/sites/default/files/exos/corriges/2003/2003-11-NelleCaledonie-Correction-Exo2.pdf
Chute dune balle de ping-pong;https://labolycee.org/chute-dune-balle-de-ping-pong;5 points;Bac S 2003-2012 | Tronc commun | Physique | Évolution temporelle des systèmes mécaniques | Chutes | Méthode d'Euler;1 heure 5 minutes;https://www.labolycee.org/sites/default/files/exos/sujets/2003/2003-USA-Sujet-Exo2-Chute-balle.pdf;https://www.labolycee.org/sites/default/files/exos/corriges/2003/2003-USA-Correction-Exo2-Chute-balle.pdf
Nettoyants pour le sol;https://labolycee.org/nettoyants-pour-le-sol;4 points;Bac S 2003-2012 | Tronc commun | Chimie | Comment le chimiste contrôle-t-il les transformations de la matière ? | Savon;52 minutes;https://www.labolycee.org/sites/default/files/exos/sujets/2012/2012-Pondichery-Exo3-Sujet-Nettoyants-4pts.pdf;https://www.labolycee.org/sites/default/files/exos/corriges/2012/2012-Pondichery-Exo3-Correction-Nettoyants-4pts.pdf
Odeur fruitée et arôme synthétique;https://labolycee.org/odeur-fruitee-et-arome-synthetique;7 points;Bac S 2003-2012 | Tronc commun | Chimie | Comment le chimiste contrôle-t-il les transformations de la matière ?;1 heure 31 minutes;https://www.labolycee.org/sites/default/files/exos/sujets/2012/2012-Liban-Exo1-Sujet-OdeurFruitee-7pts.pdf;https://www.labolycee.org/sites/default/files/exos/corriges/2012/2012-Liban-Exo1-Correction-OdeurFruitee-7pts.pdf
Synthèse dune amorce à gardons;https://labolycee.org/synthese-dune-amorce-gardons;4 points;Bac S 2003-2012 | Tronc commun | Chimie | Comment le chimiste contrôle-t-il les transformations de la matière ? | Ester;52 minutes;https://www.labolycee.org/sites/default/files/exos/sujets/2012/2012-AmNord-Exo3-Sujet-GardonsEster-4pts.pdf;https://www.labolycee.org/sites/default/files/exos/corriges/2012/2012-AmNord-Exo3-Correction-GardonsEster-4pts.pdf
Un dosage pour déterminer la durée de fonctionnement dune pile;https://labolycee.org/un-dosage-pour-determiner-la-duree-de-fonctionnement-dune-pile;7 points;Bac S 2003-2012 | Tronc commun | Chimie | Le sens spontané d'évolution d'un système est-il prévisible ? Peut-il être inversé ? | Pile;1 heure 31 minutes;https://www.labolycee.org/sites/default/files/exos/sujets/2012/2012-Polynesie-Exo1-Sujet-Dosage-Pile-7pts.pdf;https://www.labolycee.org/sites/default/files/exos/corriges/2012/2012-Polynesie-Exo1-Correction-Dosage-Pile-7pts.pdf
Réactions acido-basiques;https://labolycee.org/reactions-acido-basiques-0;3 points;Bac S 2003-2012 | Tronc commun | Chimie | La transformation d'un système chimique est-elle toujours totale ? | pH;39 minutes;https://www.labolycee.org/sites/default/files/exos/sujets/2012/2012-CtresEtrangers-Exo2-Sujet-VF-Acidobasique-3pts.pdf;https://www.labolycee.org/sites/default/files/exos/corriges/2012/2012-CtresEtrangers-Exo2-Correction-VF-Acidobasique-3pts.pdf
Lacide salicylique;https://labolycee.org/lacide-salicylique;4 points;Bac S 2003-2012 | Tronc commun | Chimie | Comment le chimiste contrôle-t-il les transformations de la matière ? | Ester;52 minutes;https://www.labolycee.org/sites/default/files/exos/sujets/2012/2012-CtresEtrangers-Exo3-Sujet-AcideSalicylique-4pts.pdf;https://www.labolycee.org/sites/default/files/exos/corriges/2012/2012-CtresEtrangers-Exo3-Correction-AcideSalicylique-4pts.pdf
Suivi cinétique par conductimétrie;https://labolycee.org/suivi-cinetique-par-conductimetrie;4 points;Bac S 2003-2012 | Tronc commun | Chimie | La transformation d'un système chimique est-elle toujours rapide ? | Conductimetrie;52 minutes;https://www.labolycee.org/sites/default/files/exos/sujets/2012/2012-Metropole-Exo3-Sujet-CinetiqueConducti-4pts.pdf;https://www.labolycee.org/sites/default/files/2023-03/2012-Metropole-Exo3-Correction-CinetiqueConducti-4pts.pdf
Le chrome sous différentes formes;https://labolycee.org/le-chrome-sous-differentes-formes;7 points;Bac S 2003-2012 | Tronc commun | Chimie | La transformation d'un système chimique est-elle toujours rapide ?;1 heure 31 minutes;https://www.labolycee.org/sites/default/files/exos/sujets/2011/2011-Pondichery-Exo1-Sujet-Chrome-7pts.pdf;https://www.labolycee.org/sites/default/files/exos/corriges/2011/2011-Pondichery-Exo1-Correction-Chrome-7pts.pdf
Le luminol au service de la police scientifique;https://labolycee.org/le-luminol-au-service-de-la-police-scientifique;6 points;Bac S 2003-2012 | Tronc commun | Chimie | La transformation d'un système chimique est-elle toujours rapide ?;1 heure 18 minutes;https://www.labolycee.org/sites/default/files/exos/sujets/2011/2011-Antilles-Exo1-Sujet-Luminol-6-5points.pdf;https://www.labolycee.org/sites/default/files/exos/corriges/2011/2011-Antilles-Exo1-Correction-Luminol-6-5points.pdf
Dosage colorimétrique de laluminium;https://labolycee.org/dosage-colorimetrique-de-laluminium;4 points;Bac S 2003-2012 | Tronc commun | Chimie | La transformation d'un système chimique est-elle toujours rapide ? | Spectrophotométrie | Bac S 2013-2020;52 minutes;https://www.labolycee.org/sites/default/files/2024-01/2011-11-Amsud-Exo3-Sujet-DosageEtalonnageAlu-4pts.pdf;https://www.labolycee.org/sites/default/files/2024-01/2011-11-Amsud-Exo3-Correction-DosageEtalonnageAlu-4pts.pdf
Tous séduits par le bleu;https://labolycee.org/tous-seduits-par-le-bleu;6 points;Bac S 2003-2012 | Tronc commun | Chimie | La transformation d'un système chimique est-elle toujours rapide ?;1 heure 18 minutes;https://www.labolycee.org/sites/default/files/exos/sujets/2011/2011-11-NelleCaledo-Exo1-Sujet-Bleu-Dosage-Cinetique-6-5pts.pdf;https://www.labolycee.org/sites/default/files/exos/corriges/2011/2011-11-NelleCaledo-Exo1-Correction-Bleu-Dosage-Cinetique-6-5pts.pdf
Décomposition du pentaoxyde de diazote;https://labolycee.org/decomposition-du-pentaoxyde-de-diazote;4 points;Bac S 2003-2012 | Tronc commun | Chimie | La transformation d'un système chimique est-elle toujours rapide ? | Pression;52 minutes;https://www.labolycee.org/sites/default/files/exos/sujets/2010/2010-Reunion-Exo3-Sujet-CinetiqueGaz-4pts.pdf;https://www.labolycee.org/sites/default/files/exos/corriges/2010/2010-Reunion-Exo3-Correction-CinetiqueGaz-4pts.pdf
De la chimie... de la chimie, vous dis-je !;https://labolycee.org/de-la-chimie-de-la-chimie-vous-dis-je;6 points;Bac S 2003-2012 | Tronc commun | Chimie | La transformation d'un système chimique est-elle toujours rapide ? | La transformation d'un système chimique est-elle toujours totale ?;1 heure 18 minutes;https://www.labolycee.org/sites/default/files/exos/sujets/2010/2010-Asie-Exo3-Sujet-QROCChimie-6-5pts.pdf;https://www.labolycee.org/sites/default/files/exos/corriges/2010/2010-Asie-Exo3-Correction-QROCChimie-6-5pts.pdf
La bouillote magique;https://labolycee.org/la-bouillote-magique;6 points;Bac S 2003-2012 | Tronc commun | Chimie | La transformation d'un système chimique est-elle toujours rapide ?;1 heure 18 minutes;https://www.labolycee.org/sites/default/files/exos/sujets/2011/2011-03-NelleCaledo-Exo1-Sujet-BouilloteMagique-6-5pts.pdf;https://www.labolycee.org/sites/default/files/exos/corriges/2011/2011-03-NelleCaledo-Exo1-Correction-BouilloteMagique-6-5pts.pdf
De limportance de leau oxygénée;https://labolycee.org/de-limportance-de-leau-oxygenee;7 points;Bac S 2003-2012 | Tronc commun | Chimie | La transformation d'un système chimique est-elle toujours rapide ? | Le sens spontané d'évolution d'un système est-il prévisible ? Peut-il être inversé ?;1 heure 31 minutes;https://www.labolycee.org/sites/default/files/exos/sujets/2009/2009-Liban-Exo1-Sujet-Electrolyse-Cinetique-7pts.pdf;https://www.labolycee.org/sites/default/files/exos/corriges/2009/2009-Liban-Exo1-Correction-Electrolyse-Cinetique-7pts.pdf
Etain et étamage du cuivre;https://labolycee.org/etain-et-etamage-du-cuivre;7 points;Bac S 2003-2012 | Tronc commun | Chimie | Le sens spontané d'évolution d'un système est-il prévisible ? Peut-il être inversé ? | Electrolyse | Pile;1 heure 31 minutes;https://www.labolycee.org/sites/default/files/exos/sujets/2012/2012-Antilles-Exo1-Sujet-EtamageCu-7pts.pdf;https://www.labolycee.org/sites/default/files/exos/corriges/2012/2012-Antilles-Exo1-Correction-EtamageCu-7pts.pdf
Cest nickel;https://labolycee.org/cest-nickel;4 points;Bac S 2003-2012 | Specialite | Chimie | Élaborer un produit de consommation : de la matière première à la formulation | Tronc commun | Le sens spontané d'évolution d'un système est-il prévisible ? Peut-il être inversé ? | Electrolyse;52 minutes;https://www.labolycee.org/sites/default/files/exos/sujets/2012/2012-Metropole-Spe-Exo3-Sujet-Nickel-4pts.pdf;https://www.labolycee.org/sites/default/files/exos/corriges/2012/2012-Metropole-Spe-Exo3-Correction-Nickel-4pts.pdf
Chimie au quotidien: des expériences de chimie réalisables chez-soi;https://labolycee.org/chimie-au-quotidien-des-experiences-de-chimie-realisables-chez-soi;5 points;Bac S 2003-2012 | Tronc commun | Chimie | Le sens spontané d'évolution d'un système est-il prévisible ? Peut-il être inversé ? | Electrolyse | Pile;1 heure 5 minutes;https://www.labolycee.org/sites/default/files/exos/sujets/2011/2011-CtresEtrangers-Exo2-Sujet-PileCitron-Electrolyse-6-5pts.pdf;https://www.labolycee.org/sites/default/files/exos/corriges/2011/2011-CtresEtrangers-Exo2-Correction-PileCitron-Electrolyse-6-5pts.pdf
Des piles qui évoluent;https://labolycee.org/des-piles-qui-evoluent;6 points;Bac S 2003-2012 | Tronc commun | Chimie | Comment le chimiste contrôle-t-il les transformations de la matière ? | Le sens spontané d'évolution d'un système est-il prévisible ? Peut-il être inversé ? | Electrolyse | Pile;1 heure 18 minutes;https://www.labolycee.org/sites/default/files/exos/sujets/2011/2011-Reunion-Exo1-Sujet-Volta-6-5pts.pdf;https://www.labolycee.org/sites/default/files/exos/corriges/2011/2011-Reunion-Exo1-Correction-Volta-6-5pts.pdf
Traitement électrolytique des objets ferreux;https://labolycee.org/traitement-electrolytique-des-objets-ferreux;4 points;Bac S 2003-2012 | Tronc commun | Chimie | Le sens spontané d'évolution d'un système est-il prévisible ? Peut-il être inversé ? | Electrolyse;52 minutes;https://www.labolycee.org/sites/default/files/exos/sujets/2012/2012-Asie-Exo3-Sujet-Electrolyse-4pts.pdf;https://www.labolycee.org/sites/default/files/exos/corriges/2012/2012-Asie-Exo3-Correction-Electrolyse-4pts.pdf
réaction doxydoréduction avec le couple Zn2+(aq)/Zn(s);https://labolycee.org/reaction-doxydoreduction-avec-le-couple-zn2aqzns;6 points;Bac S 2003-2012 | Tronc commun | Chimie | Le sens spontané d'évolution d'un système est-il prévisible ? Peut-il être inversé ? | Electrolyse | Pile;1 heure 18 minutes;https://www.labolycee.org/sites/default/files/exos/sujets/2010/2010-09-Antilles-Exo1-Sujet-Zinc-6-5pts.pdf;https://www.labolycee.org/sites/default/files/exos/corriges/2010/2010-09-Antilles-Exo1-Correction-Zinc-6-5pts.pdf
La pile génépac (générateur électrique à pile à combustible);https://labolycee.org/la-pile-genepac-generateur-electrique-pile-combustible;4 points;Bac S 2003-2012 | Tronc commun | Chimie | Le sens spontané d'évolution d'un système est-il prévisible ? Peut-il être inversé ? | Pile;52 minutes;https://www.labolycee.org/sites/default/files/exos/sujets/2010/2010-Metropole-Exo3-Sujet-Genepac-4pts.pdf;https://www.labolycee.org/sites/default/files/exos/corriges/2010/2010-Metropole-Exo3-Correction-Genepac-4pts.pdf
Accumulateurs ou piles rechargeables;https://labolycee.org/accumulateurs-ou-piles-rechargeables;4 points;Bac S 2003-2012 | Tronc commun | Chimie | Le sens spontané d'évolution d'un système est-il prévisible ? Peut-il être inversé ? | Pile;52 minutes;https://www.labolycee.org/sites/default/files/exos/sujets/2010/2010-Polynesie-Exo3-Sujet-Accumulateurs-4pts.pdf;https://www.labolycee.org/sites/default/files/exos/corriges/2010/2010-Polynesie-Exo3-Correction-Accumulateurs-4pts.pdf
Des avions pas comme les autres;https://labolycee.org/des-avions-pas-comme-les-autres;6 points;Bac S 2003-2012 | Tronc commun | Chimie | Le sens spontané d'évolution d'un système est-il prévisible ? Peut-il être inversé ? | Pile | Physique | Évolution temporelle des systèmes mécaniques;1 heure 18 minutes;https://www.labolycee.org/sites/default/files/exos/sujets/2010/2010-11-NelleCaledo-Exo1-Sujet-Avions-PileCombustible-6-5pts.pdf;https://www.labolycee.org/sites/default/files/exos/corriges/2010/2010-11-NelleCaledo-Exo1-Correction-Avions-PileCombustible-6-5pts.pdf
Pourquoi cuisiner dans des casseroles en cuivre?;https://labolycee.org/pourquoi-cuisiner-dans-des-casseroles-en-cuivre;7 points;Bac S 2003-2012 | Tronc commun | Chimie | Le sens spontané d'évolution d'un système est-il prévisible ? Peut-il être inversé ? | Electrolyse;1 heure 31 minutes;https://www.labolycee.org/sites/default/files/exos/sujets/2009/2009-AmNord-Exo2-Sujet-CasseroleCu-7pts.pdf;https://www.labolycee.org/sites/default/files/exos/corriges/2009/2009-AmNord-Exo2-Correction-CasseroleCu-7pts.pdf
Et vogue mon bateau !;https://labolycee.org/et-vogue-mon-bateau;6 points;Bac S 2003-2012 | Tronc commun | Chimie | Le sens spontané d'évolution d'un système est-il prévisible ? Peut-il être inversé ? | Pile | Physique | Propagation d'une onde - ondes progressives;1 heure 18 minutes;https://www.labolycee.org/sites/default/files/exos/sujets/2009/2009-Polynesie-Exo2-Sujet-Pile-Onde-6pts.pdf;https://www.labolycee.org/sites/default/files/exos/corriges/2009/2009-Polynesie-Exo2-Correction-Pile-Onde-6pts.pdf
à propos du satellite SPOT 4;https://labolycee.org/propos-du-satellite-spot-4;7 points;Bac S 2003-2012 | Tronc commun | Chimie | Le sens spontané d'évolution d'un système est-il prévisible ? Peut-il être inversé ? | Physique | Évolution temporelle des systèmes mécaniques;1 heure 31 minutes;https://www.labolycee.org/sites/default/files/exos/sujets/2009/2009-Asie-Exo2-Sujet-Satellite-Electrolyse-7pts.pdf;https://www.labolycee.org/sites/default/files/exos/corriges/2009/2009-Asie-Exo2-Correction-Satellite-Electrolyse-7pts.pdf
Un bijou peu coûteux;https://labolycee.org/un-bijou-peu-couteux;6 points;Bac S 2003-2012 | Tronc commun | Chimie | Le sens spontané d'évolution d'un système est-il prévisible ? Peut-il être inversé ? | Electrolyse;1 heure 18 minutes;https://www.labolycee.org/sites/default/files/exos/sujets/2009/2009-09-Antilles-Exo1-Sujet-ElectrolyseBague-6-5pts.pdf;https://www.labolycee.org/sites/default/files/exos/corriges/2009/2009-09-Antilles-Exo1-Correction-ElectrolyseBague-6-5pts.pdf
Leau de Javel;https://labolycee.org/leau-de-javel;6 points;Bac S 2003-2012 | Tronc commun | Chimie | La transformation d'un système chimique est-elle toujours rapide ? | Le sens spontané d'évolution d'un système est-il prévisible ? Peut-il être inversé ?;1 heure 18 minutes;https://www.labolycee.org/sites/default/files/exos/sujets/2008/2008-Antilles-Exo2-Sujet-EaudeJavel-6-5pts.pdf;https://www.labolycee.org/sites/default/files/exos/corriges/2008/2008-Antilles-Exo2-Correction-EaudeJavel-6-5pts.pdf
Piles et appareils nomades;https://labolycee.org/piles-et-appareils-nomades;6 points;Bac S 2003-2012 | Tronc commun | Chimie | Le sens spontané d'évolution d'un système est-il prévisible ? Peut-il être inversé ? | Pile | Physique | Évolution temporelle des systèmes électriques | Circuits RC | Transformations nucléaires;1 heure 18 minutes;https://www.labolycee.org/sites/default/files/exos/sujets/2008/2008-09-National-Exo1-Sujet-AppareilsNomades-6-5pts.pdf;https://www.labolycee.org/sites/default/files/exos/corriges/2008/2008-09-National-Exo1-Correction-AppareilsNomades-6-5pts.pdf
La pile sous toutes ses faces;https://labolycee.org/la-pile-sous-toutes-ses-faces;6 points;Bac S 2003-2012 | Tronc commun | Chimie | Le sens spontané d'évolution d'un système est-il prévisible ? Peut-il être inversé ? | Electrolyse | Pile;1 heure 18 minutes;https://www.labolycee.org/sites/default/files/exos/sujets/2008/2008-11-AmSud-Exo1-Sujet-PilesFace-6-5pts.pdf;https://www.labolycee.org/sites/default/files/exos/corriges/2008/2008-11-AmSud-Exo1-Correction-PilesFace-6-5pts.pdf
Lélément iode dhier à aujourdhui;https://labolycee.org/lelement-iode-dhier-aujourdhui;6 points;Bac S 2003-2012 | Tronc commun | Chimie | La transformation d'un système chimique est-elle toujours rapide ? | Le sens spontané d'évolution d'un système est-il prévisible ? Peut-il être inversé ?;1 heure 18 minutes;https://www.labolycee.org/sites/default/files/exos/sujets/2007/2007-09-National-Exo1-Sujet-iode-6-5pts.pdf;https://www.labolycee.org/sites/default/files/exos/corriges/2007/2007-09-National-Exo1-Correction-iode-6-5pts.pdf
Lacidité dun vin;https://labolycee.org/lacidite-dun-vin;4 points;Bac S 2003-2012 | Tronc commun | Chimie | La transformation d'un système chimique est-elle toujours totale ? | Titrage;52 minutes;https://www.labolycee.org/sites/default/files/exos/sujets/2011/2011-Liban-Exo3-Sujet-AciditeVin-4pts.pdf;https://www.labolycee.org/sites/default/files/exos/corriges/2011/2011-Liban-Exo3-Correction-AciditeVin-4pts.pdf
Deux détartrants pour cafetière électrique;https://labolycee.org/deux-detartrants-pour-cafetiere-electrique;7 points;Bac S 2003-2012 | Tronc commun | Chimie | La transformation d'un système chimique est-elle toujours totale ?;1 heure 31 minutes;https://www.labolycee.org/sites/default/files/exos/sujets/2011/2011-Polynesie-Exo1-Sujet-Detartrant-7pts.pdf;https://www.labolycee.org/sites/default/files/exos/corriges/2011/2011-Polynesie-Exo1-Correction-Detartrant-7pts.pdf
Détartrant à base dacide lactique;https://labolycee.org/detartrant-base-dacide-lactique;6 points;Bac S 2003-2012 | Tronc commun | Chimie | La transformation d'un système chimique est-elle toujours totale ?;1 heure 18 minutes;https://www.labolycee.org/sites/default/files/exos/sujets/2011/2011-Metropole-Exo1-Sujet-Detartrant-6-5pts.pdf;https://www.labolycee.org/sites/default/files/exos/corriges/2011/2011-Metropole-Exo1-Correction-Detartrant-6-5pts.pdf
Chaufferette chimique;https://labolycee.org/chaufferette-chimique;4 points;Bac S 2003-2012 | Tronc commun | Chimie | La transformation d'un système chimique est-elle toujours totale ?;52 minutes;https://www.labolycee.org/sites/default/files/exos/sujets/2011/2011-09-Metropole-Exo3-Sujet-Chaufferette-4pts.pdf;https://www.labolycee.org/sites/default/files/exos/corriges/2011/2011-09-Metropole-Exo3-Correction-Chaufferette-4pts.pdf
Lacide éthanoïque;https://labolycee.org/lacide-ethanoique;6 points;Bac S 2003-2012 | Tronc commun | Chimie | Comment le chimiste contrôle-t-il les transformations de la matière ? | La transformation d'un système chimique est-elle toujours totale ?;1 heure 18 minutes;https://www.labolycee.org/sites/default/files/exos/sujets/2010/2010-Liban-Exo1-Sujet-AcideEthanoique-6-5pts.pdf;https://www.labolycee.org/sites/default/files/exos/corriges/2010/2010-Liban-Exo1-Correction-AcideEthanoique-6-5pts.pdf
LEAU, ne la gaspillez pas;https://labolycee.org/leau-ne-la-gaspillez-pas;6 points;Bac S 2003-2012 | Tronc commun | Chimie | La transformation d'un système chimique est-elle toujours totale ?;1 heure 18 minutes;https://www.labolycee.org/sites/default/files/exos/sujets/2010/2010-AmNord-Exo1-Sujet-Eau-6-5pts.pdf;https://www.labolycee.org/sites/default/files/2021-05/2010-AmNord-Exo1-Correction-Eau-6-5pts.pdf
De la vitamine C dans la rose;https://labolycee.org/de-la-vitamine-c-dans-la-rose;3 points;Bac S 2003-2012 | Tronc commun | Chimie | La transformation d'un système chimique est-elle toujours totale ? | Titrage;39 minutes;https://www.labolycee.org/sites/default/files/exos/sujets/2010/2010-Reunion-Exo2-Sujet-TitragepH-3pts.pdf;https://www.labolycee.org/sites/default/files/exos/corriges/2010/2010-Reunion-Exo2-Correction-TitragepH-3pts.pdf
étude dune transformation chimique;https://labolycee.org/etude-dune-transformation-chimique;4 points;Bac S 2003-2012 | Tronc commun | Chimie | La transformation d'un système chimique est-elle toujours totale ?;52 minutes;https://www.labolycee.org/sites/default/files/exos/sujets/2010/2010-CtresEtrang-Exo3-Sujet-pH-Conductimetrie-4pts.pdf;https://www.labolycee.org/sites/default/files/exos/corriges/2010/2010-CtresEtrang-Exo3-Correction-pH-Conductimetrie-4pts.pdf
Traitements dune infection virale;https://labolycee.org/traitements-dune-infection-virale;6 points;Bac S 2003-2012 | Tronc commun | Chimie | Comment le chimiste contrôle-t-il les transformations de la matière ? | La transformation d'un système chimique est-elle toujours totale ?;1 heure 18 minutes;https://www.labolycee.org/sites/default/files/exos/sujets/2010/2010-09-Metropole-Exo1-Sujet-InfectionVirale-6-5pts.pdf;https://www.labolycee.org/sites/default/files/exos/corriges/2010/2010-09-Metropole-Exo1-Correction-InfectionVirale-6-5pts.pdf
Une astuce culinaire;https://labolycee.org/une-astuce-culinaire;4 points;Bac S 2003-2012 | Tronc commun | Chimie | La transformation d'un système chimique est-elle toujours totale ? | pH;52 minutes;https://www.labolycee.org/sites/default/files/exos/sujets/2010/2010-11-NelleCaledo-Exo3-Sujet-Culinaire-4pts.pdf;https://www.labolycee.org/sites/default/files/exos/corriges/2010/2010-11-NelleCaledo-Exo3-Correction-Culinaire-4pts.pdf
étude dune solution de chlorure dhydroxylammonium;https://labolycee.org/etude-dune-solution-de-chlorure-dhydroxylammonium;4 points;Bac S 2003-2012 | Tronc commun | Chimie | La transformation d'un système chimique est-elle toujours totale ?;52 minutes;https://www.labolycee.org/sites/default/files/exos/sujets/2009/2009-Polynesie-Exo3-Sujet-hydroxylammonium-4pts.pdf;https://www.labolycee.org/sites/default/files/exos/corriges/2009/2009-Polynesie-Exo3-Correction-hydroxylammonium-4pts.pdf
Le synthol(R);https://labolycee.org/le-syntholr;6 points;Bac S 2003-2012 | Tronc commun | Chimie | La transformation d'un système chimique est-elle toujours totale ?;1 heure 18 minutes;https://www.labolycee.org/sites/default/files/exos/sujets/2009/2009-Metropole-Exo1-Sujet.pdf;https://www.labolycee.org/sites/default/files/exos/corriges/2009/2009-Metropole-Exo1-Correction.pdf
Titrage du dioxyde de soufre présent dans un échantillon dair;https://labolycee.org/titrage-du-dioxyde-de-soufre-present-dans-un-echantillon-dair;4 points;Bac S 2003-2012 | Tronc commun | Chimie | La transformation d'un système chimique est-elle toujours totale ? | Titrage;52 minutes;https://www.labolycee.org/sites/default/files/exos/sujets/2009/2009-Asie-Exo1-Sujet-TitrageSoufre-4pts.pdf;https://www.labolycee.org/sites/default/files/exos/corriges/2009/2009-Asie-Exo1-Correction-TitrageSoufre-4pts.pdf
Lélément chlore;https://labolycee.org/lelement-chlore;7 points;Bac S 2003-2012 | Tronc commun | Chimie | La transformation d'un système chimique est-elle toujours totale ?;1 heure 31 minutes;https://www.labolycee.org/sites/default/files/exos/sujets/2009/2009-Reunion-Exo2-Sujet-pH-Datation-7pts.pdf;https://www.labolycee.org/sites/default/files/exos/corriges/2009/2009-Reunion-Exo2-Correction-pH-Datation-7pts.pdf
Leau distillée et son pH;https://labolycee.org/leau-distillee-et-son-ph;4 points;Bac S 2003-2012 | Tronc commun | Chimie | La transformation d'un système chimique est-elle toujours totale ? | pH;52 minutes;https://www.labolycee.org/sites/default/files/exos/sujets/2009/2009-Antilles-Exo3-Sujet-EauDistillee-pH-4pts.pdf;https://www.labolycee.org/sites/default/files/exos/corriges/2009/2009-Antilles-Exo3-Correction-EauDistillee-pH-4pts.pdf
La chimie pour nettoyer les lentilles de contact;https://labolycee.org/la-chimie-pour-nettoyer-les-lentilles-de-contact;4 points;Bac S 2003-2012 | Tronc commun | Chimie | La transformation d'un système chimique est-elle toujours totale ? | Conductimetrie | Titrage;52 minutes;https://www.labolycee.org/sites/default/files/exos/sujets/2009/2009-11-NelleCaledo-Spe-Exo3-Sujet-lentillesContact.pdf;https://www.labolycee.org/sites/default/files/exos/corriges/2009/2009-11-NelleCaledo-Spe-Exo3-Correction-lentillesContact.pdf
La chimie au service de la dermatologie;https://labolycee.org/la-chimie-au-service-de-la-dermatologie;4 points;Bac S 2003-2012 | Tronc commun | Chimie | La transformation d'un système chimique est-elle toujours totale ?;52 minutes;https://www.labolycee.org/sites/default/files/exos/sujets/2009/2009-11-NelleCaledo-Exo3-Sujet-Dermato-4pts.pdf;https://www.labolycee.org/sites/default/files/exos/corriges/2009/2009-11-NelleCaledo-Exo3-Correction-Dermato-4pts.pdf
Propriétés des solutions dammoniac;https://labolycee.org/proprietes-des-solutions-dammoniac;7 points;Bac S 2003-2012 | Tronc commun | Chimie | La transformation d'un système chimique est-elle toujours totale ? | Titrage;1 heure 31 minutes;https://www.labolycee.org/sites/default/files/exos/sujets/2008/2008-Pondichery-Exo1-Sujet-Ammoniac-7pts.pdf;https://www.labolycee.org/sites/default/files/exos/corriges/2008/2008-Pondichery-Exo1-Correction-Ammoniac-7pts.pdf
Détermination expérimentale du pKa dun indicateur coloré: le bleu de bromophénol;https://labolycee.org/determination-experimentale-du-pka-dun-indicateur-colore-le-bleu-de-bromophenol;6 points;Bac S 2003-2012 | Tronc commun | Chimie | La transformation d'un système chimique est-elle toujours totale ? | pH;1 heure 18 minutes;https://www.labolycee.org/sites/default/files/exos/sujets/2008/2008-Liban-Exo2-SujetpKaBBP-6-5pts.pdf;https://www.labolycee.org/sites/default/files/exos/corriges/2008/2008-Liban-Exo2-Correction-pKaBBP-6-5pts.pdf
Autour de la voiture;https://labolycee.org/autour-de-la-voiture;7 points;Bac S 2003-2012 | Tronc commun | Physique | Propagation d'une onde - ondes progressives | Chimie | La transformation d'un système chimique est-elle toujours totale ?;1 heure 31 minutes;https://www.labolycee.org/sites/default/files/exos/sujets/2008/2008-Afrique-Exo1-Sujet-Onde-Voiture-7pts.pdf;https://www.labolycee.org/sites/default/files/exos/corriges/2008/2008-Afrique-Exo1-Correction-Onde-Voiture-7pts.pdf
Réactions totales?;https://labolycee.org/reactions-totales;7 points;Bac S 2003-2012 | Tronc commun | Chimie | La transformation d'un système chimique est-elle toujours totale ?;1 heure 31 minutes;https://www.labolycee.org/sites/default/files/exos/sujets/2008/2008-AmNord-Exo1-Sujet-ReactionsTotales.pdf;https://www.labolycee.org/sites/default/files/2026-03/2008-AmNord-Exo1-Correction-ReactionsTotales-7pts.pdf
Les couleurs du bleu de bromothymol;https://labolycee.org/les-couleurs-du-bleu-de-bromothymol;6 points;Bac S 2003-2012 | Tronc commun | Chimie | La transformation d'un système chimique est-elle toujours totale ? | Indicateurs;1 heure 18 minutes;https://www.labolycee.org/sites/default/files/exos/sujets/2008/2008-National-Exo1-Sujet-BBT-6-5pts.pdf;https://www.labolycee.org/sites/default/files/exos/corriges/2008/2008-National-Exo1-Correction-BBT-6-5pts.pdf
à propos des acides chlorhydrique et éthanoïque;https://labolycee.org/propos-des-acides-chlorhydrique-et-ethanoique;7 points;Bac S 2003-2012 | Tronc commun | Chimie | La transformation d'un système chimique est-elle toujours totale ? | Titrage;1 heure 31 minutes;https://www.labolycee.org/sites/default/files/exos/sujets/2008/2008-Polynesie-Exo1-Sujet-Acides-7pts.pdf;https://www.labolycee.org/sites/default/files/exos/corriges/2008/2008-Polynesie-Exo1-Correction-Acides-7pts.pdf
Hydrolyses des esters;https://labolycee.org/hydrolyses-des-esters;6 points;Bac S 2003-2012 | Tronc commun | Chimie | Comment le chimiste contrôle-t-il les transformations de la matière ? | Ester;1 heure 18 minutes;https://www.labolycee.org/sites/default/files/exos/sujets/2011/2011-AmNord-Exo1-Sujet-Hydrolyse-Esters-6-5pts.pdf;https://www.labolycee.org/sites/default/files/exos/corriges/2011/2011-AmNord-Exo1-Correction-Hydrolyse-Esters-6-5pts.pdf
Titrage acidobasique - esterification;https://labolycee.org/titrage-acidobasique-esterification;4 points;Bac S 2003-2012 | Tronc commun | Chimie | Comment le chimiste contrôle-t-il les transformations de la matière ? | Ester;52 minutes;https://www.labolycee.org/sites/default/files/exos/sujets/2010/2010-Pondichery-Exo2-Sujet-Titrage-4pts.pdf;https://www.labolycee.org/sites/default/files/exos/corriges/2010/2010-Pondichery-Exo2-Correction-Titrage-4pts.pdf
Le parfum de la fraise;https://labolycee.org/le-parfum-de-la-fraise;6 points;Bac S 2003-2012 | Tronc commun | Chimie | Comment le chimiste contrôle-t-il les transformations de la matière ? | Ester;1 heure 18 minutes;https://www.labolycee.org/sites/default/files/exos/sujets/2011/2011-Asie-Exo1-Sujet-ParfumFraise-6-5pts.pdf;https://www.labolycee.org/sites/default/files/exos/corriges/2011/2011-Asie-Exo1-Correction-ParfumFraise-6-5pts.pdf
Synthèse du salicylate de méthyle;https://labolycee.org/synthese-du-salicylate-de-methyle;6 points;Bac S 2003-2012 | Tronc commun | Chimie | Comment le chimiste contrôle-t-il les transformations de la matière ?;1 heure 18 minutes;https://www.labolycee.org/sites/default/files/exos/sujets/2011/2011-09-Antilles-Exo1-Sujet-SyntheseSalicylate-6-5pts.pdf;
Fleur des fleurs;https://labolycee.org/fleur-des-fleurs;6 points;Bac S 2003-2012 | Tronc commun | Chimie | Comment le chimiste contrôle-t-il les transformations de la matière ?;1 heure 18 minutes;https://www.labolycee.org/sites/default/files/exos/sujets/2010/2010-Antilles-Exo1-Sujet-Ylang-Ylang-6-5pts.pdf;https://www.labolycee.org/sites/default/files/exos/corriges/2010/2010-Antilles-Exo1-Correction-Ylang-Ylang-6-5pts.pdf
Synthèse dun arome de fraise;https://labolycee.org/synthese-dun-arome-de-fraise;2 points;Bac S 2003-2012 | Tronc commun | Chimie | Comment le chimiste contrôle-t-il les transformations de la matière ? | Ester;26 minutes;https://www.labolycee.org/sites/default/files/exos/sujets/2010/2010-CtresEtrang-Exo1-Sujet-Ester-Fraise-2-5pts.pdf;https://www.labolycee.org/sites/default/files/exos/corriges/2010/2010-CtresEtrang-Exo1-Correction-Ester-Fraise-2-5pts.pdf
Des écrits dillustres scientifiques;https://labolycee.org/des-ecrits-dillustres-scientifiques;6 points;Bac S 2003-2012 | Tronc commun | Chimie | Comment le chimiste contrôle-t-il les transformations de la matière ?;1 heure 18 minutes;https://www.labolycee.org/sites/default/files/exos/sujets/2010/2010-Metrople-Exo1-Sujet-TextesScientif-6-5-pts.pdf;https://www.labolycee.org/sites/default/files/exos/corriges/2010/2010-Metrople-Exo1-Correction-TextesScientif-6-5-pts.pdf
Un di antalgique, le salipran;https://labolycee.org/un-di-antalgique-le-salipran;4 points;Bac S 2003-2012 | Tronc commun | Chimie | Comment le chimiste contrôle-t-il les transformations de la matière ?;52 minutes;https://www.labolycee.org/sites/default/files/exos/sujets/2010/2010-AmSud-Exo3-Sujet-Diantalgique-4pts.pdf;https://www.labolycee.org/sites/default/files/exos/corriges/2010/2010-AmSud-Exo3-Correction-Diantalgique-4pts.pdf
Laspirine ne soigne pas que la douleur;https://labolycee.org/laspirine-ne-soigne-pas-que-la-douleur;6 points;Bac S 2003-2012 | Tronc commun | Chimie | Comment le chimiste contrôle-t-il les transformations de la matière ?;1 heure 18 minutes;https://www.labolycee.org/sites/default/files/exos/sujets/2010/2010-09-Polynesie-Exo1-Sujet-Aspirine-6pts.pdf;https://www.labolycee.org/sites/default/files/exos/corriges/2010/2010-09-Polynesie-Exo1-Correction-Aspirine-6pts.pdf
Préparation dune phéromone;https://labolycee.org/preparation-dune-pheromone;6 points;Bac S 2003-2012 | Tronc commun | Chimie | Comment le chimiste contrôle-t-il les transformations de la matière ? | Ester;1 heure 18 minutes;https://www.labolycee.org/sites/default/files/2024-03/2009-Pondichery-Exo1-Sujet-Ester_Pheromone-6-5pts.pdf;https://www.labolycee.org/sites/default/files/2024-03/2009-Pondichery-Exo1-Correction-Ester_Pheromone-6-5pts.pdf
Le parfum de pomme;https://labolycee.org/le-parfum-de-pomme;6 points;Bac S 2003-2012 | Tronc commun | Chimie | Comment le chimiste contrôle-t-il les transformations de la matière ? | Ester;1 heure 18 minutes;https://www.labolycee.org/sites/default/files/exos/sujets/2009/2009-Afrique-Exo1-Sujet-Pomme-6-5pts.pdf;https://www.labolycee.org/sites/default/files/exos/corriges/2009/2009-Afrique-Exo1-Correction-Pomme-6-5pts.pdf
Le savon à lancienne;https://labolycee.org/le-savon-lancienne;4 points;Bac S 2003-2012 | Tronc commun | Chimie | Comment le chimiste contrôle-t-il les transformations de la matière ? | Savon;52 minutes;https://www.labolycee.org/sites/default/files/exos/sujets/2008/2008-Asie-Exo1-Sujet-SavonAncienne-4pts.pdf;https://www.labolycee.org/sites/default/files/exos/corriges/2008/2008-Asie-Exo1-Correction-SavonAncienne-4pts.pdf
Le Monoï de Tahiti;https://labolycee.org/le-monoi-de-tahiti;6 points;Bac S 2003-2012 | Tronc commun | Chimie | Comment le chimiste contrôle-t-il les transformations de la matière ? | Savon;1 heure 18 minutes;https://www.labolycee.org/sites/default/files/exos/sujets/2009/2009-09-Metropole-Exo1-Sujet-Monoi-6-5pts.pdf;https://www.labolycee.org/sites/default/files/exos/corriges/2009/2009-09-Metropole-Exo1-Correction-Monoi-6-5pts.pdf
Laspirine;https://labolycee.org/laspirine;6 points;Bac S 2003-2012 | Tronc commun | Chimie | Comment le chimiste contrôle-t-il les transformations de la matière ?;1 heure 18 minutes;https://www.labolycee.org/sites/default/files/exos/sujets/2009/2009-11-AmSud-Exo1-Sujet-Aspirine-pH-K-Titrage-6-5pts.pdf;https://www.labolycee.org/sites/default/files/exos/corriges/2009/2009-11-AmSud-Exo1-Correction-Aspirine-pH-K-Titrage-6-5pts.pdf
Dosage du dioxygène dissous dans leau;https://labolycee.org/dosage-du-dioxygene-dissous-dans-leau;4 points;Bac S 2003-2012 | Specialite | Chimie | Effectuer des contrôles de qualité;52 minutes;https://www.labolycee.org/sites/default/files/exos/sujets/2012/2012-Pondichery-Spe-Exo3-Sujet-DosageO2-4pts.pdf;https://www.labolycee.org/sites/default/files/exos/corriges/2012/2012-Pondichery-Spe-Exo3-Correction-DosageO2-4pts.pdf
Concert en sous sol;https://labolycee.org/concert-en-sous-sol;5 points;Bac S 2003-2012 | Specialite | Physique | Produire des sons, écouter | Instrument;50 minutes;https://www.labolycee.org/sites/default/files/exos/sujets/2013/2013-AmNord-Spe-Exo3-Sujet-Concert-5pts.pdf;https://www.labolycee.org/sites/default/files/exos/corriges/2013/2013-AmNord-Spe-Exo3-Correction-Concert-5pts.pdf
Modulation et démodulation dun son;https://labolycee.org/modulation-et-demodulation-dun-son;4 points;Bac S 2003-2012 | Specialite | Physique | Produire des signaux, communiquer;52 minutes;https://www.labolycee.org/sites/default/files/exos/sujets/2012/2012-Liban-Spe-Exo3-Sujet-Modulation.pdf;https://www.labolycee.org/sites/default/files/exos/corriges/2012/2012-Liban-Spe-Exo3-Correction-Modulation.pdf
Anodisation de laluminium;https://labolycee.org/anodisation-de-laluminium;4 points;Bac S 2003-2012 | Specialite | Chimie | Élaborer un produit de consommation : de la matière première à la formulation;52 minutes;https://www.labolycee.org/sites/default/files/exos/sujets/2012/2012-AmNord-Spe-Exo3-Sujet-AnodisationAl.pdf;https://www.labolycee.org/sites/default/files/exos/corriges/2012/2012-AmNord-Spe-Exo3-Correction-AnodisationAl.pdf
Microscopie au service de la biologie;https://labolycee.org/microscopie-au-service-de-la-biologie;4 points;Bac S 2003-2012 | Specialite | Physique | Produire des images, observer | Microscope;52 minutes;https://www.labolycee.org/sites/default/files/exos/sujets/2012/2012-Polynesie-Spe-Exo3-Sujet-Microscope.pdf;https://www.labolycee.org/sites/default/files/exos/corriges/2012/2012-Polynesie-Spe-Exo3-Correction-Microscope.pdf
Dosage du cuivre dans un laiton;https://labolycee.org/dosage-du-cuivre-dans-un-laiton;4 points;Bac S 2003-2012 | Specialite | Chimie | Effectuer des contrôles de qualité;52 minutes;https://www.labolycee.org/sites/default/files/exos/sujets/2012/2012-CtresEtrangers-Spe-Exo3-Sujet-DosageCu-4pts.pdf;https://www.labolycee.org/sites/default/files/exos/corriges/2012/2012-CtresEtrangers-Spe-Exo3-Correction-DosageCu-4pts.pdf
Astronomie et littérature;https://labolycee.org/astronomie-et-litterature;4 points;Bac S 2003-2012 | Specialite | Physique | Produire des images, observer | Lunette;52 minutes;https://www.labolycee.org/sites/default/files/2021-01/2012-Antilles-Spe-Exo3-Sujet-Hugoptique-4pts.pdf;https://www.labolycee.org/sites/default/files/2021-01/2012-Antilles-Spe-Exo3-Correction-Hugoptique-4pts.pdf
Lanodisation dure colorée;https://labolycee.org/lanodisation-dure-coloree;4 points;Bac S 2003-2012 | Specialite | Chimie | Élaborer un produit de consommation : de la matière première à la formulation;52 minutes;https://www.labolycee.org/sites/default/files/exos/sujets/2012/2012-Asie-Spe-Exo3-Sujet-AnodisationAl-4pts.pdf;https://www.labolycee.org/sites/default/files/exos/corriges/2012/2012-Asie-Spe-Exo3-Correction-AnodisationAl-4pts.pdf
Le sel dans les larmes artificielles;https://labolycee.org/le-sel-dans-les-larmes-artificielles;4 points;Bac S 2003-2012 | Specialite | Chimie | Effectuer des contrôles de qualité;52 minutes;https://www.labolycee.org/sites/default/files/exos/sujets/2011/2011-09-Metropole-Spe-Exo3-Sujet-LarmesArtificielles-4pts.pdf;https://www.labolycee.org/sites/default/files/2022-10/2011-09-Metropole-Spe-Exo3-Correction-LarmesArtificielles-4pts.pdf
Bon ou mauvais tuyau?;https://labolycee.org/bon-ou-mauvais-tuyau;4 points;Bac S 2003-2012 | Specialite | Physique | Produire des sons, écouter;52 minutes;https://www.labolycee.org/sites/default/files/exos/sujets/2011/2011-Pondichery-Spe-Sujet-TuyauxSonores-4pts.pdf;https://www.labolycee.org/sites/default/files/exos/corriges/2011/2011-Pondichery-Spe-Correction-TuyauxSonores-4pts.pdf
un conservateur alimentaire dans un soda;https://labolycee.org/un-conservateur-alimentaire-dans-un-soda;4 points;Bac S 2003-2012 | Specialite | Chimie | Extraire et identifier les espèces chimiques;52 minutes;https://www.labolycee.org/sites/default/files/exos/sujets/2011/2011-Liban-Spe-Sujet-Exo3-AcideBenzoique.pdf;https://www.labolycee.org/sites/default/files/exos/corriges/2011/2011-Liban-Spe-Correction-Exo3-AcideBenzoique.pdf
La physique du vide grenier !;https://labolycee.org/la-physique-du-vide-grenier;4 points;Bac S 2003-2012 | Specialite | Physique | Produire des signaux, communiquer;52 minutes;https://www.labolycee.org/sites/default/files/exos/sujets/2011/2011-CtresEtrangers-Spe-Exo3-Sujet-EmetteurRecepteurRadio-4pts.pdf;https://www.labolycee.org/sites/default/files/exos/corriges/2011/2011-CtresEtrangers-Spe-Exo3-Correction-EmetteurRecepteurRadio-4pts.pdf
Réalisation dune modulation damplitude;https://labolycee.org/realisation-dune-modulation-damplitude;4 points;Bac S 2003-2012 | Specialite | Physique | Produire des signaux, communiquer;52 minutes;https://www.labolycee.org/sites/default/files/exos/sujets/2011/2011-AmNord-Spe-Exo3-Sujet-Modulation-4pts.pdf;https://www.labolycee.org/sites/default/files/exos/corriges/2011/2011-AmNord-Spe-Exo3-Correction-Modulation-4pts.pdf
Science appliquée...;https://labolycee.org/science-appliquee;4 points;Bac S 2003-2012 | Specialite | Physique | Produire des sons, écouter | Instrument;52 minutes;https://www.labolycee.org/sites/default/files/exos/sujets/2011/2011-Antilles-Spe-Exo3-Sujet-Tige-4points.pdf;https://www.labolycee.org/sites/default/files/exos/corriges/2011/2011-Antilles-Spe-Exo3-CorrectionTige-4points.pdf
Du clairon à la trompette;https://labolycee.org/du-clairon-la-trompette;4 points;Bac S 2003-2012 | Specialite | Physique | Produire des sons, écouter | Instrument;52 minutes;https://www.labolycee.org/sites/default/files/exos/sujets/2011/2011-Polynesie-Spe-Exo3-Sujet-Trompette-4pts.pdf;https://www.labolycee.org/sites/default/files/exos/corriges/2011/2011-Polynesie-Spe-Exo3-Correction-Trompette-4pts.pdf
Concert de violons;https://labolycee.org/concert-de-violons;4 points;Bac S 2003-2012 | Specialite | Physique | Produire des sons, écouter;52 minutes;https://www.labolycee.org/sites/default/files/exos/sujets/2011/2011-Metropole-ExoSpe-Sujet-ConcertViolon-4pts.pdf;https://www.labolycee.org/sites/default/files/exos/corriges/2011/2011-Metropole-ExoSpe-Correction-ConcertViolon-4pts.pdf
La flûte traversière;https://labolycee.org/la-flute-traversiere;4 points;Bac S 2003-2012 | Specialite | Physique | Produire des sons, écouter | Instrument;52 minutes;https://www.labolycee.org/sites/default/files/exos/sujets/2011/2011-Reunion-Spe-Exo3-Sujet-FluteTraversiere-4pts.pdf;https://www.labolycee.org/sites/default/files/exos/corriges/2011/2011-Reunion-Spe-Exo3-Correction-FluteTraversiere-4pts.pdf
Le poste à  galène;https://labolycee.org/le-poste-galene;4 points;Bac S 2003-2012 | Specialite | Physique | Produire des signaux, communiquer;52 minutes;https://www.labolycee.org/sites/default/files/exos/sujets/2011/2011-Asie-Spe-Exo3-Sujet-PosteGalene-4pts.pdf;
Le poste à galène;https://labolycee.org/le-poste-galene-0;4 points;Bac S 2003-2012 | Specialite | Physique | Produire des signaux, communiquer;52 minutes;https://www.labolycee.org/sites/default/files/exos/sujets/2011/2011-09-Antilles-Spe-Exo3-Sujet-PosteGalene.pdf;https://www.labolycee.org/sites/default/files/exos/corriges/2011/2011-09-Antilles-Spe-Exo3-Correction-PosteGalene.pdf
Au concert;https://labolycee.org/au-concert;4 points;Bac S 2003-2012 | Specialite | Physique | Produire des sons, écouter;52 minutes;https://www.labolycee.org/sites/default/files/exos/sujets/2010/2010-Liban-Spe-Exo3-Sujet-4pts.pdf;https://www.labolycee.org/sites/default/files/exos/corriges/2010/2010-Liban-Spe-Exo3-Correction-Au%20concert-4pts.pdf
Lextraction de leugénol du clou de girofle;https://labolycee.org/lextraction-de-leugenol-du-clou-de-girofle;4 points;Bac S 2003-2012 | Specialite | Chimie | Extraire et identifier les espèces chimiques;52 minutes;https://www.labolycee.org/sites/default/files/exos/sujets/2010/2010-Pondichery-Exo2-Spe-Sujet-Eugenol-4pts.pdf;https://www.labolycee.org/sites/default/files/exos/corriges/2010/2010-Pondichery-Exo2-Spe-Correction-Eugenol-4pts.pdf
Lenregistrement en studio dun groupe de musique;https://labolycee.org/lenregistrement-en-studio-dun-groupe-de-musique;4 points;Bac S 2003-2012 | Specialite | Physique | Produire des sons, écouter | Instrument;52 minutes;https://www.labolycee.org/sites/default/files/exos/sujets/2011/2011-09-Polynesie-Spe-Exo3-Sujet-GroupeMusique-4pts.pdf;https://www.labolycee.org/sites/default/files/exos/corriges/2011/2011-09-Polynesie-Spe-Exo3-Correction-GroupeMusique-4pts.pdf
Observation dobjets de petites dimensions;https://labolycee.org/observation-dobjets-de-petites-dimensions;4 points;Bac S 2003-2012 | Specialite | Physique | Produire des images, observer | Microscope;52 minutes;https://www.labolycee.org/sites/default/files/exos/sujets/2010/2010-AmNord-Spe-Exo3-Sujet-Microscope.pdf;https://www.labolycee.org/sites/default/files/exos/corriges/2010/2010-AmNord-Spe-Exo3-Correction-Microscope.pdf
Affichage tête haute;https://labolycee.org/affichage-tete-haute;4 points;Bac S 2003-2012 | Specialite | Physique | Produire des images, observer;52 minutes;https://www.labolycee.org/sites/default/files/exos/sujets/2010/2010-09-Metropole-Spe-Exo3-Sujet-OptiqueATH-4pts.pdf;https://www.labolycee.org/sites/default/files/exos/corriges/2010/2010-09-Metropole-Exo3-Spe-Correction-OptiqueATH-4pts.pdf
Lart dobserver avec deux lentilles;https://labolycee.org/lart-dobserver-avec-deux-lentilles;4 points;Bac S 2003-2012 | Specialite | Physique | Produire des images, observer;52 minutes;https://www.labolycee.org/sites/default/files/exos/sujets/2010/2010-09-Polynesie-Exo3-Spe-Sujet-lentilles-4points.pdf;https://www.labolycee.org/sites/default/files/exos/corriges/2010/2010-09-Polynesie-Exo3-Spe-Correction-lentilles-4points.pdf
Visibilité dune nébuleuse annulaire;https://labolycee.org/visibilite-dune-nebuleuse-annulaire;4 points;Bac S 2003-2012 | Specialite | Physique | Produire des images, observer | Lunette;52 minutes;https://www.labolycee.org/sites/default/files/exos/sujets/2010/2010-Asie-Spe-Exo1-Sujet-LunetteAstro-SSCalc.pdf;https://www.labolycee.org/sites/default/files/exos/corriges/2010/2010-Asie-Spe-Exo1-Correction-LunetteAstro-SSCalc.pdf
Microscope;https://labolycee.org/microscope-1;4 points;Bac S 2003-2012 | Specialite | Physique | Produire des images, observer | Microscope;52 minutes;https://www.labolycee.org/sites/default/files/exos/sujets/2009/2009-Pondichery-Spe-Exo3-Sujet-Microscope-4pts.pdf;https://www.labolycee.org/sites/default/files/exos/corriges/2009/2009-Pondichery-Spe-Exo3-Correction-Microscope-4pts.pdf
Détection dexoplanètes;https://labolycee.org/detection-dexoplanetes;4 points;Bac S 2003-2012 | Specialite | Physique | Produire des images, observer | Téléscope;52 minutes;https://www.labolycee.org/sites/default/files/exos/sujets/2009/2009-Metropole-Spe-Exo3-Sujet.pdf;https://www.labolycee.org/sites/default/files/exos/corriges/2009/2009-Metropole-Spe-Exo3-Correction.pdf
Caractéristiques dune lunette astronomique;https://labolycee.org/caracteristiques-dune-lunette-astronomique;4 points;Bac S 2003-2012 | Specialite | Physique | Produire des images, observer | Lunette;52 minutes;https://www.labolycee.org/sites/default/files/exos/sujets/2009/2009-09-Antilles-Spe-Exo3-Sujet-LunetteAstro.pdf;https://www.labolycee.org/sites/default/files/2025-03/2009-09-Antilles-Spe-Exo3-Correction-LunetteAstro.pdf
Lunette astronomique damateur;https://labolycee.org/lunette-astronomique-damateur;4 points;Bac S 2003-2012 | Specialite | Physique | Produire des images, observer | Lunette;52 minutes;https://www.labolycee.org/sites/default/files/exos/sujets/2008/2008-Polynesie-Spe-Exo3-Sujet-LunetteAstro-4pts.pdf;https://www.labolycee.org/sites/default/files/exos/corriges/2008/2008-Polynesie-Spe-Exo3-Correction-LunetteAstro.pdf
Modélisation dun microscope;https://labolycee.org/modelisation-dun-microscope;4 points;Bac S 2003-2012 | Specialite | Physique | Produire des images, observer | Microscope;52 minutes;https://www.labolycee.org/sites/default/files/exos/sujets/2007/2007-Asie-Spe-Exo3-Sujet-Microscope.pdf;https://www.labolycee.org/sites/default/files/exos/corriges/2007/2007-Asie-Spe-Exo3-Correction-Microscope.pdf
Petite histoire dune lentille et de deux miroirs;https://labolycee.org/petite-histoire-dune-lentille-et-de-deux-miroirs;4 points;Bac S 2003-2012 | Specialite | Physique | Produire des images, observer | Téléscope;52 minutes;https://www.labolycee.org/sites/default/files/exos/sujets/2007/2007-09-National-Spe-Exo3-Sujet-MiroirsLentilles.pdf;https://www.labolycee.org/sites/default/files/exos/corriges/2007/2007-09-National-Spe-Exo3-Correction-MiroirsLentilles.pdf
étude dun rétroprojecteur;https://labolycee.org/etude-dun-retroprojecteur;4 points;Bac S 2003-2012 | Specialite | Physique | Produire des images, observer;52 minutes;https://www.labolycee.org/sites/default/files/exos/sujets/2007/2007-USA-Spe-Sujet-Retroprojecteur.pdf;https://www.labolycee.org/sites/default/files/exos/corriges/2007/2007-USA-Spe-Correction-Retroprojecteur.pdf
étude de la notice dun télescope;https://labolycee.org/etude-de-la-notice-dun-telescope;4 points;Bac S 2003-2012 | Specialite | Physique | Produire des images, observer | Téléscope;52 minutes;https://www.labolycee.org/sites/default/files/exos/sujets/2007/2007-Antilles-Spe-Exo3-Sujet-Telescope.pdf;https://www.labolycee.org/sites/default/files/exos/corriges/2007/2007-Antilles-Spe-Exo3-Correction-Telescope.pdf
Quelques problèmes en astronomie;https://labolycee.org/quelques-problemes-en-astronomie;4 points;Bac S 2003-2012 | Specialite | Physique | Produire des images, observer | Téléscope;52 minutes;https://www.labolycee.org/sites/default/files/exos/sujets/2007/2007-Pondichery-Exo3-Spe-Sujet-Astronomie.pdf;https://www.labolycee.org/sites/default/files/exos/corriges/2007/2007-Pondichery-Exo3-Spe-Correction-Astro.pdf
Lunette terrestre;https://labolycee.org/lunette-terrestre;4 points;Bac S 2003-2012 | Specialite | Physique | Produire des images, observer | Lunette;52 minutes;https://www.labolycee.org/sites/default/files/exos/sujets/2007/2007-Reunion-Spe-Sujet-Lunette.pdf;https://www.labolycee.org/sites/default/files/exos/corriges/2007/2007-Reunion-Spe-Correction-Lunette.pdf
Microscope;https://labolycee.org/microscope-0;4 points;Bac S 2003-2012 | Specialite | Physique | Produire des images, observer | Microscope;52 minutes;https://www.labolycee.org/sites/default/files/exos/sujets/2007/2007-Liban-Spe-Exo3-Sujet-Microscope.pdf;https://www.labolycee.org/sites/default/files/exos/corriges/2007/2007-Liban-Spe-Exo3-Correction-Microscope.pdf
Microscope classique et microscope confocal;https://labolycee.org/microscope-classique-et-microscope-confocal;4 points;Bac S 2003-2012 | Specialite | Physique | Produire des images, observer | Microscope;52 minutes;https://www.labolycee.org/sites/default/files/exos/sujets/2006/2006-09-National-Spe-Exo3-Sujet-Microscope-4pts.pdf;https://www.labolycee.org/sites/default/files/exos/corriges/2006/2006-09-National-Spe-Exo3-Correction-Microscope-4pts.pdf
Etude dun instrument dobservation astronomique;https://labolycee.org/etude-dun-instrument-dobservation-astronomique;4 points;Bac S 2003-2012 | Specialite | Physique | Produire des images, observer | Téléscope;52 minutes;https://www.labolycee.org/sites/default/files/exos/sujets/2006/2006-Pondichery-Exo3-Spe-Sujet-Telescope.pdf;https://www.labolycee.org/sites/default/files/exos/corriges/2006/2006-Pondichery-Exo3-Spe-Correction-Telescope.pdf
Extraits de la notice dutilisation dun téléscope;https://labolycee.org/extraits-de-la-notice-dutilisation-dun-telescope;4 points;Bac S 2003-2012 | Specialite | Physique | Produire des images, observer | Téléscope;52 minutes;https://www.labolycee.org/sites/default/files/exos/sujets/2005/2005-Reunion-Spe-Sujet-Exo3-Telescope-4pts.pdf;https://www.labolycee.org/sites/default/files/exos/corriges/2005/2005-Reunion-Spe-Correction-Telescope.pdf
Les taches solaires;https://labolycee.org/les-taches-solaires;4 points;Bac S 2003-2012 | Specialite | Physique | Produire des images, observer | Lunette;52 minutes;https://www.labolycee.org/sites/default/files/exos/sujets/2006/2006-Antilles-Spe-Exo3-Sujet-Tachessolaires.pdf;https://www.labolycee.org/sites/default/files/exos/corriges/2006/2006-Antilles-Spe-Exo3-Correction-TachesSolaires.pdf
Lunette astronomique;https://labolycee.org/lunette-astronomique;4 points;Bac S 2003-2012 | Specialite | Physique | Produire des images, observer | Lunette;52 minutes;https://www.labolycee.org/sites/default/files/exos/sujets/2005/2005-Liban-Spe-Sujet-Exo3-LunetteAstro-4pts.pdf;https://www.labolycee.org/sites/default/files/exos/corriges/2005/2005-Liban-Spe-Correction-LunetteAstro-4pts.pdf
Le microscope réel;https://labolycee.org/le-microscope-reel;4 points;Bac S 2003-2012 | Specialite | Physique | Produire des images, observer | Microscope;52 minutes;https://www.labolycee.org/sites/default/files/exos/sujets/2004/2004-Maroc-Spe-Sujet-Microscope.pdf;https://www.labolycee.org/sites/default/files/exos/corriges/2004/2004-Maroc-Spe-correction-Microscope.pdf
Lentilles et miroirs;https://labolycee.org/lentilles-et-miroirs;4 points;Bac S 2003-2012 | Specialite | Physique | Produire des images, observer;52 minutes;https://www.labolycee.org/sites/default/files/exos/sujets/2004/2004-Asie-Spe-Sujet-Lentilles-miroirs.pdf;https://www.labolycee.org/sites/default/files/exos/corriges/2004/2004-Asie-Spe-Correction-Lentilles-miroirs.pdf
La lunette de Kepler;https://labolycee.org/la-lunette-de-kepler;4 points;Bac S 2003-2012 | Specialite | Physique | Produire des images, observer | Lunette;52 minutes;https://www.labolycee.org/sites/default/files/exos/sujets/2005/2005-03-NelleCaledonie-Spe-Sujet-Exo1-Lunette-4pts.pdf;https://www.labolycee.org/sites/default/files/exos/corriges/2005/2005-03-NelleCaledonie-Spe-Correction-Exo1-Lunette-4pts.pdf
Émission et réception des ondes électromagnétiques;https://labolycee.org/emission-et-reception-des-ondes-electromagnetiques;4 points;Bac S 2003-2012 | Specialite | Physique | Produire des signaux, communiquer;52 minutes;https://www.labolycee.org/sites/default/files/exos/sujets/2010/2010-Antilles-Spe-Exo3-Sujet-Radio.pdf;https://www.labolycee.org/sites/default/files/exos/corriges/2010/2010-Antilles-Spe-Exo3-Correction-Radio.pdf
Autour de loreille;https://labolycee.org/autour-de-loreille;4 points;Bac S 2003-2012 | Specialite | Physique | Produire des sons, écouter;52 minutes;https://www.labolycee.org/sites/default/files/exos/sujets/2010/2010-09-Antilles-Spe-Exo3-Sujet-Oreille.pdf;https://www.labolycee.org/sites/default/files/exos/corriges/2010/2010-09-Antilles-Spe-Exo3-Correction-Oreille.pdf
La radio B.L.U.;https://labolycee.org/la-radio-blu;4 points;Bac S 2003-2012 | Specialite | Physique | Produire des signaux, communiquer;52 minutes;https://www.labolycee.org/sites/default/files/exos/sujets/2009/2009-Liban-Exo3-Spe-Sujet-RadioBLU.pdf;https://www.labolycee.org/sites/default/files/exos/corriges/2009/2009-Liban-Exo3-Spe-Correction-RadioBLU.pdf
La harpe celtique;https://labolycee.org/la-harpe-celtique;4 points;Bac S 2003-2012 | Specialite | Physique | Produire des sons, écouter | Instrument;52 minutes;https://www.labolycee.org/sites/default/files/exos/sujets/2009/2009-AmNord-Spe-Exo3-Sujet-Harpe.pdf;https://www.labolycee.org/sites/default/files/exos/corriges/2009/2009-AmNord-Spe-Exo3-Correction-Harpe.pdf
Attention à vos oreilles;https://labolycee.org/attention-vos-oreilles;4 points;Bac S 2003-2012 | Specialite | Physique | Produire des sons, écouter | Instrument;52 minutes;https://www.labolycee.org/sites/default/files/exos/sujets/2009/2009-09-Metropole-Spe-Exo3-Sujet-BouchonOreille-4pts.pdf;https://www.labolycee.org/sites/default/files/exos/corriges/2009/2009-09-Metropole-Spe-Exo3-Correction-BouchonOreille-4pts.pdf
Quelques propriétés de la flûte de Pan;https://labolycee.org/quelques-proprietes-de-la-flute-de-pan;4 points;Bac S 2003-2012 | Specialite | Physique | Produire des sons, écouter | Instrument;52 minutes;https://www.labolycee.org/sites/default/files/exos/sujets/2008/2008-Pondichery-Exo3-Spe-Sujet-Flute-de-Pan-4pts.pdf;https://www.labolycee.org/sites/default/files/exos/corriges/2008/2008-Pondichery-Exo3-Spe-Correction-Flute-de-Pan-4pts.pdf
étude dun piano;https://labolycee.org/etude-dun-piano;4 points;Bac S 2003-2012 | Specialite | Physique | Produire des sons, écouter | Instrument;52 minutes;https://www.labolycee.org/sites/default/files/exos/sujets/2008/2008-Liban-Spe-Exo3-Sujet-CordePiano-4pts.pdf;https://www.labolycee.org/sites/default/files/exos/corriges/2008/2008-Liban-Spe-Exo3-Correction-Piano-4pts.pdf
Tuyaux sonores;https://labolycee.org/tuyaux-sonores;4 points;Bac S 2003-2012 | Specialite | Physique | Produire des sons, écouter | Corde;52 minutes;https://www.labolycee.org/sites/default/files/exos/sujets/2008/2008-AmNord-Spe-Exo3-Sujet-tuyaux-sonores-4pts.pdf;https://www.labolycee.org/sites/default/files/exos/corriges/2008/2008-AmNord-Spe-Exo3-Correction-TuyauxSonores-4pts.pdf
Vous avez dit WhaWha;https://labolycee.org/vous-avez-dit-whawha;4 points;Bac S 2003-2012 | Specialite | Physique | Produire des sons, écouter | Instrument;52 minutes;https://www.labolycee.org/sites/default/files/exos/sujets/2008/2008-National-Spe-Exo-Sujet-GuitareWha.pdf;https://www.labolycee.org/sites/default/files/exos/corriges/2008/2008-National-Spe-Exo-Correction-GuitareWha.pdf
A propos du son;https://labolycee.org/propos-du-son;4 points;Bac S 2003-2012 | Specialite | Physique | Produire des sons, écouter | Corde;52 minutes;https://www.labolycee.org/sites/default/files/exos/sujets/2008/2008-11-AmSud-Spe-Exo3-Sujet-Vrai-Faux-Son.pdf;https://www.labolycee.org/sites/default/files/exos/corriges/2008/2008-11-AmSud-Spe-Exo3-Correction-Vrai-Faux-Son.pdf
Voyage dune note;https://labolycee.org/voyage-dune-note;4 points;Bac S 2003-2012 | Specialite | Physique | Produire des sons, écouter | Produire des signaux, communiquer;52 minutes;https://www.labolycee.org/sites/default/files/exos/sujets/2008/2008-11-NelleCaledo-Spe-Exo3-Sujet-SonRadio.pdf;https://www.labolycee.org/sites/default/files/exos/corriges/2008/2008-11-NelleCaledo-Spe-Exo3-Correction-SonRadio.pdf
Son émis par une corde de violoncelle;https://labolycee.org/son-emis-par-une-corde-de-violoncelle;4 points;Bac S 2003-2012 | Specialite | Physique | Produire des sons, écouter | Corde;52 minutes;https://www.labolycee.org/sites/default/files/exos/sujets/2006/2006-National-Exo3-Spe-Sujet-Violoncelle.pdf;https://www.labolycee.org/sites/default/files/exos/corriges/2006/2006-National-Exo3-Spe-Correction-Violoncelle.pdf
Le didjeridoo instrument de musique traditionnel;https://labolycee.org/le-didjeridoo-instrument-de-musique-traditionnel;4 points;Bac S 2003-2012 | Specialite | Physique | Produire des sons, écouter | Instrument;52 minutes;https://www.labolycee.org/sites/default/files/exos/sujets/2006/2006-USA-Spe-Exo3-Sujet-Didjeridoo.pdf;https://www.labolycee.org/sites/default/files/exos/corriges/2006/2006-USA-Spe-Exo3-Correction-Didjeridoo.pdf
Produire un son;https://labolycee.org/produire-un-son;4 points;Bac S 2003-2012 | Specialite | Physique | Produire des sons, écouter;52 minutes;https://www.labolycee.org/sites/default/files/exos/sujets/2006/2006-Reunion-Spe-Exo3-Sujet-Son.pdf;https://www.labolycee.org/sites/default/files/exos/corriges/2006/2006-Reunion-Spe-Exo3-Correction-Son.pdf
Vibrations sonores;https://labolycee.org/vibrations-sonores;4 points;Bac S 2003-2012 | Specialite | Physique | Produire des signaux, communiquer | Produire des sons, écouter;52 minutes;https://www.labolycee.org/sites/default/files/exos/sujets/2006/2006-Afrique-Spe-Exo3-Sujet-Son.pdf;https://www.labolycee.org/sites/default/files/exos/corriges/2006/2006-Afrique-Spe-Exo3-Correction.pdf
Etude dune corde de piano;https://labolycee.org/etude-dune-corde-de-piano;4 points;Bac S 2003-2012 | Specialite | Physique | Produire des sons, écouter | Corde;52 minutes;https://www.labolycee.org/sites/default/files/exos/sujets/2005/2005-11-NelleCaledonie-Spe-Sujet-CordePiano.pdf;https://www.labolycee.org/sites/default/files/exos/corriges/2005/2005-11-NelleCaledonie-Spe-Correction-CordePiano.pdf
Le quatuor: instruments à cordes;https://labolycee.org/le-quatuor-instruments-cordes;4 points;Bac S 2003-2012 | Specialite | Physique | Produire des sons, écouter | Instrument;52 minutes;https://www.labolycee.org/sites/default/files/exos/sujets/2005/2005-USA-Spe-Sujet-Exo3-Quatuor.pdf;https://www.labolycee.org/sites/default/files/exos/corriges/2005/2005-USA-Spe-Correction-Exo3-Quatuor.pdf
Etude de différents sons;https://labolycee.org/etude-de-differents-sons;4 points;Bac S 2003-2012 | Specialite | Physique | Produire des sons, écouter | Instrument;52 minutes;https://www.labolycee.org/sites/default/files/exos/sujets/2005/2005-Asie-Spe-Sujet-Sons.pdf;https://www.labolycee.org/sites/default/files/exos/corriges/2005/2005-Asie-Spe-Correction-Exo1-Sons.pdf
Titrage des ions nitrate dans un engrais;https://labolycee.org/titrage-des-ions-nitrate-dans-un-engrais;4 points;Bac S 2003-2012 | Specialite | Chimie | Effectuer des contrôles de qualité;52 minutes;https://www.labolycee.org/sites/default/files/exos/sujets/2010/2010-11-NelleCaledo-Spe-Exo3-Sujet-Engrais.pdf;https://www.labolycee.org/sites/default/files/exos/corriges/2010/2010-11-NelleCaledo-Spe-Exo3-Correction-Engrais.pdf
Synthèse de la lidocaïne;https://labolycee.org/synthese-de-la-lidocaine;4 points;Bac S 2003-2012 | Specialite | Chimie | Créer et reproduire des espèces chimiques;52 minutes;https://www.labolycee.org/sites/default/files/exos/sujets/2010/2010-Reunion-Exo3-Spe-Sujet-Synthese.pdf;https://www.labolycee.org/sites/default/files/exos/corriges/2010/2010-Reunion-Exo3-Spe-Correction-Synthese.pdf
De la brocante à lorfèvrerie;https://labolycee.org/de-la-brocante-lorfevrerie;4 points;Bac S 2003-2012 | Specialite | Chimie | Élaborer un produit de consommation : de la matière première à la formulation;52 minutes;https://www.labolycee.org/sites/default/files/exos/sujets/2010/2010-Metropole-Spe-Exo3-Sujet-Electrolyse.pdf;https://www.labolycee.org/sites/default/files/exos/corriges/2010/2010-Metropole-Spe-Exo3-Correction-Electrolyse.pdf
Larôme ananas;https://labolycee.org/larome-ananas;4 points;Bac S 2003-2012 | Specialite | Chimie | Extraire et identifier les espèces chimiques;52 minutes;https://www.labolycee.org/sites/default/files/exos/sujets/2010/2010-Polynesie-Spe-Exo3-Sujet-Ananas.pdf;https://www.labolycee.org/sites/default/files/exos/corriges/2010/2010-Polynesie-Spe-Exo3-Correction-Ananas.pdf
Synthèse dun amide;https://labolycee.org/synthese-dun-amide;4 points;Bac S 2003-2012 | Specialite | Chimie | Créer et reproduire des espèces chimiques;52 minutes;https://www.labolycee.org/sites/default/files/exos/sujets/2010/2010-AmSud-Spe-Exo3-Sujet-Amide.pdf;https://www.labolycee.org/sites/default/files/exos/corriges/2010/2010-AmSud-Spe-Exo3-Correction-Amide.pdf
A propos de conservateurs;https://labolycee.org/propos-de-conservateurs;4 points;Bac S 2003-2012 | Specialite | Chimie | Créer et reproduire des espèces chimiques;52 minutes;https://www.labolycee.org/sites/default/files/exos/sujets/2009/2009-Polynesie-Spe-Exo3-Sujet-AcideBenzoique-4pts.pdf;https://www.labolycee.org/sites/default/files/exos/corriges/2009/2009-Polynesie-Spe-Exo3-Correction-AcideBenzoique-4pts.pdf
Extraction du limonène et du citral dans lécorce dorange;https://labolycee.org/extraction-du-limonene-et-du-citral-dans-lecorce-dorange;4 points;Bac S 2003-2012 | Specialite | Chimie | Extraire et identifier les espèces chimiques;52 minutes;https://www.labolycee.org/sites/default/files/exos/sujets/2008/2008-Reunion-Spe-Exo3-Sujet-Limonene-Citral-4pts.pdf;https://www.labolycee.org/sites/default/files/exos/corriges/2008/2008-Reunion-Spe-Exo3-Correction-Limonene-Citral-4pts.pdf
Une carafe filtrante permet-elle de diminuer la dureté dune eau?;https://labolycee.org/une-carafe-filtrante-permet-elle-de-diminuer-la-durete-dune-eau;4 points;Bac S 2003-2012 | Specialite | Chimie | Effectuer des contrôles de qualité;52 minutes;https://www.labolycee.org/sites/default/files/exos/sujets/2009/2009-Antilles-Spe-Sujet-EDTA-4pts.pdf;https://www.labolycee.org/sites/default/files/exos/corriges/2009/2009-Antilles-Spe-Correction-EDTA-4pts.pdf
titrage des ions nitrate contenus dans un engrais liquide;https://labolycee.org/titrage-des-ions-nitrate-contenus-dans-un-engrais-liquide;4 points;Bac S 2003-2012 | Specialite | Chimie | Effectuer des contrôles de qualité;52 minutes;https://www.labolycee.org/sites/default/files/exos/sujets/2009/2009-Asie-Spe-Exo1-Sujet-TitrageNO3-4pts.pdf;https://www.labolycee.org/sites/default/files/exos/corriges/2009/2009-Asie-Spe-Exo1-Correction-TitrageNO3-4pts.pdf
électrozincage dune pièce en acier;https://labolycee.org/electrozincage-dune-piece-en-acier;4 points;Bac S 2003-2012 | Specialite | Chimie | Élaborer un produit de consommation : de la matière première à la formulation;52 minutes;https://www.labolycee.org/sites/default/files/exos/sujets/2009/2009-Reunion-Spe-Exo3-Sujet-Electrozincage-4pts.pdf;https://www.labolycee.org/sites/default/files/exos/corriges/2009/2009-Reunion-Spe-Exo3-Correction-Electrozincage-4pts.pdf
De leugénol à la vanilline;https://labolycee.org/de-leugenol-la-vanilline;4 points;Bac S 2003-2012 | Specialite | Chimie | Extraire et identifier les espèces chimiques;52 minutes;https://www.labolycee.org/sites/default/files/exos/sujets/2008/2008-Afrique-Exo3-Spe-Sujet-Eugenol-4pts.pdf;https://www.labolycee.org/sites/default/files/exos/corriges/2008/2008-Afrique-Exo3-Spe-Correction-Eugenol-4pts.pdf
Synthèse dun fébrifuge: lacétanilide;https://labolycee.org/synthese-dun-febrifuge-lacetanilide;4 points;Bac S 2003-2012 | Specialite | Chimie | Créer et reproduire des espèces chimiques;52 minutes;https://www.labolycee.org/sites/default/files/exos/sujets/2008/2008-Asie-Spe-Exo1-Sujet-Synthese-Acetanilide.pdf;https://www.labolycee.org/sites/default/files/exos/corriges/2008/2008-Asie-Spe-Exo1-Correction-Synthese-Acetanilide.pdf
Le nylon;https://labolycee.org/le-nylon;4 points;Bac S 2003-2012 | Specialite | Chimie | Créer et reproduire des espèces chimiques;52 minutes;https://www.labolycee.org/sites/default/files/exos/sujets/2008/2008-09-Polynesie-Spe-Exo3-Sujet-Nylon.pdf;https://www.labolycee.org/sites/default/files/exos/corriges/2008/2008-09-Polynesie-Spe-Exo3-Correction-Nylon.pdf
Sirop de menthe;https://labolycee.org/sirop-de-menthe;4 points;Bac S 2003-2012 | Specialite | Chimie | Extraire et identifier les espèces chimiques;52 minutes;https://www.labolycee.org/sites/default/files/exos/sujets/2008/2008-09-National-Spe-Exo3-Sujet-SiropMenthe.pdf;https://www.labolycee.org/sites/default/files/exos/corriges/2008/2008-09-National-Spe-Exo3-SiropMenthe-Correction.pdf
Synthèse dun conservateur;https://labolycee.org/synthese-dun-conservateur;4 points;Bac S 2003-2012 | Specialite | Chimie | Créer et reproduire des espèces chimiques;52 minutes;https://www.labolycee.org/sites/default/files/exos/sujets/2007/2007-National-Spe-Exo3-Sujet-AcBenzoique.pdf;https://www.labolycee.org/sites/default/files/exos/corriges/2007/2007-National-Spe-Exo3-Correction-AcBenzoiqueV1.pdf
élaboration industrielle du zinc;https://labolycee.org/elaboration-industrielle-du-zinc;4 points;Bac S 2003-2012 | Specialite | Chimie | Élaborer un produit de consommation : de la matière première à la formulation;52 minutes;https://www.labolycee.org/sites/default/files/exos/sujets/2008/2008-09-Antilles-Spe-Exo3-Sujet-Zinc.pdf;https://www.labolycee.org/sites/default/files/exos/corriges/2008/2008-09-Antilles-Spe-Exo3-Correction-Zinc.pdf
émission et réception en grandes ondes;https://labolycee.org/emission-et-reception-en-grandes-ondes;4 points;Bac S 2003-2012 | Specialite | Physique | Produire des signaux, communiquer;52 minutes;https://www.labolycee.org/sites/default/files/exos/sujets/2009/2009-Afrique-Spe-Exo3-Sujet-Modulation.pdf;https://www.labolycee.org/sites/default/files/exos/corriges/2009/2009-Afrique-Spe-Exo3-Correction-Modulation.pdf
Téléphone portable et ondes radio;https://labolycee.org/telephone-portable-et-ondes-radio;4 points;Bac S 2003-2012 | Specialite | Physique | Produire des signaux, communiquer;52 minutes;https://www.labolycee.org/sites/default/files/exos/sujets/2009/2009-11-AmSud-Spe-Exo3-Sujet-TelephonePortable.pdf;https://www.labolycee.org/sites/default/files/exos/corriges/2009/2009-11-AmSud-Spe-Exo3-Correction-TelephonePortable.pdf
Transmission dondes hertziennes;https://labolycee.org/transmission-dondes-hertziennes;4 points;Bac S 2003-2012 | Specialite | Physique | Produire des signaux, communiquer;52 minutes;https://www.labolycee.org/sites/default/files/exos/sujets/2008/2008-Antilles-Spe-Exo3-Sujet-OndesHertziennes.pdf;https://www.labolycee.org/sites/default/files/exos/corriges/2008/2008-Antilles-Spe-Exo3-Correction-OndesHertziennes.pdf
Etude dun son et de sa réception avec un récepteur radio;https://labolycee.org/etude-dun-son-et-de-sa-reception-avec-un-recepteur-radio;4 points;Bac S 2003-2012 | Specialite | Physique | Produire des signaux, communiquer | Produire des sons, écouter;52 minutes;https://www.labolycee.org/sites/default/files/exos/sujets/2005/2005-Pondichery-Spe-Sujet-Exo3-Son-Radio.pdf;https://www.labolycee.org/sites/default/files/exos/corriges/2005/2005-Pondichery-Spe-correction-Exo3-Son-Radio.pdf
Transmission dun signal modulé en amplitude;https://labolycee.org/transmission-dun-signal-module-en-amplitude;4 points;Bac S 2003-2012 | Specialite | Physique | Produire des signaux, communiquer;52 minutes;https://www.labolycee.org/sites/default/files/exos/sujets/2006/2006-11-NelleCaledonie-Sujet-Spe-Modulation-4pts.pdf;https://www.labolycee.org/sites/default/files/exos/corriges/2006/2006-11-NelleCaledonie-Correction-Spe-Modulation-4pts.pdf
Emission et réception dune onde radio;https://labolycee.org/emission-et-reception-dune-onde-radio;4 points;Bac S 2003-2012 | Specialite | Physique | Produire des signaux, communiquer;52 minutes;https://www.labolycee.org/sites/default/files/exos/sujets/2005/2005-AmSud-Spe-Sujet-Exo1-Radio.pdf;https://www.labolycee.org/sites/default/files/exos/corriges/2005/2005-AmSud-Spe-Correction-Radio.pdf
Modulation et démodulation damplitude;https://labolycee.org/modulation-et-demodulation-damplitude;4 points;Bac S 2003-2012 | Specialite | Physique | Produire des signaux, communiquer;52 minutes;https://www.labolycee.org/sites/default/files/exos/sujets/2005/2005-National-Spe-Sujet-Exo1-Modulation.pdf;https://www.labolycee.org/sites/default/files/exos/corriges/2005/2005-National-Spe-Correction-Exo1-Modulation.pdf
La modulation damplitude;https://labolycee.org/la-modulation-damplitude;4 points;Bac S 2003-2012 | Specialite | Physique | Produire des signaux, communiquer;52 minutes;https://www.labolycee.org/sites/default/files/exos/sujets/2005/2005-Antilles-Spe-Sujet-Exo3-Modulation.pdf;https://www.labolycee.org/sites/default/files/exos/corriges/2005/2005-Antilles-Spe-Correction-Exo3-ModulationAmplitude.pdf
La radio;https://labolycee.org/la-radio;4 points;Bac S 2003-2012 | Specialite | Physique | Produire des signaux, communiquer | Produire des sons, écouter;52 minutes;https://www.labolycee.org/sites/default/files/exos/sujets/2004/2004-Liban-Spe-Sujet-LaRadio.pdf;https://www.labolycee.org/sites/default/files/exos/corriges/2004/2004-Liban-Spe-correction-Exo3-LaRadio.pdf
Emission et réception dune onde modulée en amplitude;https://labolycee.org/emission-et-reception-dune-onde-modulee-en-amplitude;4 points;Bac S 2003-2012 | Specialite | Physique | Produire des signaux, communiquer;52 minutes;https://www.labolycee.org/sites/default/files/exos/sujets/2003/2003-09-Antilles-Spe-Sujet-Radio.pdf;https://www.labolycee.org/sites/default/files/exos/corriges/2003/2003-09-Antilles-Spe-Correction-Radio.pdf
Dosage de la caféine;https://labolycee.org/dosage-de-la-cafeine;4 points;Bac S 2003-2012 | Specialite | Chimie | Effectuer des contrôles de qualité | Extraire et identifier les espèces chimiques | Tronc commun | La transformation d'un système chimique est-elle toujours rapide ? | Spectrophotométrie;52 minutes;https://www.labolycee.org/sites/default/files/exos/sujets/2003/2003-11-NelleCaledonie-Spe-Sujet-Exo1-Cafeine.pdf;https://www.labolycee.org/sites/default/files/exos/corriges/2003/2003-11-NelleCaledonie-Spe-Correction-Exo1-Cafeine.pdf
Synthèse dun arôme: la vanilline;https://labolycee.org/synthese-dun-arome-la-vanilline;4 points;Bac S 2003-2012 | Specialite | Chimie | Créer et reproduire des espèces chimiques | Extraire et identifier les espèces chimiques;52 minutes;https://www.labolycee.org/sites/default/files/exos/sujets/2003/2003-Liban-Spe-Sujet-Exo3-Vanilline.pdf;https://www.labolycee.org/sites/default/files/exos/corriges/2003/2003-Liban-Spe-Correction-Exo3-Vanilline.pdf
Synthèse dun médicament, la benzocaïne;https://labolycee.org/synthese-dun-medicament-la-benzocaine;4 points;Bac S 2003-2012 | Specialite | Chimie | Créer et reproduire des espèces chimiques;52 minutes;https://www.labolycee.org/sites/default/files/exos/sujets/2006/2006-Asie-Spe-Exo1-Sujet-Benzocaine-5-5pts.pdf;https://www.labolycee.org/sites/default/files/exos/corriges/2006/2006-Asie-Spe-Exo1-Correction-Benzocaine-5-5pts.pdf
Synthèse du paracétamol;https://labolycee.org/synthese-du-paracetamol;4 points;Bac S 2003-2012 | Specialite | Chimie | Créer et reproduire des espèces chimiques;52 minutes;https://www.labolycee.org/sites/default/files/exos/sujets/2003/2003-Afrique-Spe-Sujet-Synthese-paracetamol.pdf;https://www.labolycee.org/sites/default/files/exos/corriges/2003/2003-Afrique-Spe-Correction-Synthese-paracetamol.pdf
étude dune pile;https://labolycee.org/etude-dune-pile;4 points;Bac S 2003-2012 | Specialite | Chimie | Effectuer des contrôles de qualité | Tronc commun | Le sens spontané d'évolution d'un système est-il prévisible ? Peut-il être inversé ? | Pile;52 minutes;https://www.labolycee.org/sites/default/files/exos/sujets/2007/2007-Afrique-Spe-Exo3-Sujet-Pile-4pts.pdf;https://www.labolycee.org/sites/default/files/exos/corriges/2007/2007-Afrique-Spe-Correction-Piles-4pts.pdf
Jus de citron dans la confiture;https://labolycee.org/jus-de-citron-dans-la-confiture;4 points;Bac S 2003-2012 | Specialite | Chimie | Effectuer des contrôles de qualité;52 minutes;https://www.labolycee.org/sites/default/files/exos/sujets/2007/2007-Polynesie-Spe-Exo3-Sujet-JusCitron-4pts.pdf;https://www.labolycee.org/sites/default/files/exos/corriges/2007/2007-Polynesie-Spe-Exo3-Correction-JusCitron-4pts.pdf
étude de médicaments à base daspirine;https://labolycee.org/etude-de-medicaments-base-daspirine;4 points;Bac S 2003-2012 | Specialite | Chimie | Effectuer des contrôles de qualité | Élaborer un produit de consommation : de la matière première à la formulation;52 minutes;https://www.labolycee.org/sites/default/files/exos/sujets/2007/2007-NelleCaledo-Spe-Sujet-FormulationAspirine.pdf;https://www.labolycee.org/sites/default/files/exos/corriges/2007/2007-NelleCaledo-Spe-Correction-FormulationAspirine.pdf
Titrage des ions cuivre(II);https://labolycee.org/titrage-des-ions-cuivreii;4 points;Bac S 2003-2012 | Specialite | Chimie | Effectuer des contrôles de qualité;52 minutes;https://www.labolycee.org/sites/default/files/exos/sujets/2006/2006-AmSud-Spe-Exo1-Sujet-DosageCuII-4pts.pdf;https://www.labolycee.org/sites/default/files/exos/corriges/2006/2006-AmSud-Spe-Exo1-Correction-DosageCuII-4pts.pdf
Dosages de lacide ascorbique;https://labolycee.org/dosages-de-lacide-ascorbique;4 points;Bac S 2003-2012 | Specialite | Chimie | Effectuer des contrôles de qualité;52 minutes;https://www.labolycee.org/sites/default/files/exos/sujets/2006/2006-Liban-Exo3-Spe-Sujet-DosageC.pdf;https://www.labolycee.org/sites/default/files/exos/corriges/2006/2006-Liban-Exo3-Spe-Correction-DosageC.pdf
Dosage des ions cuivre(II);https://labolycee.org/dosage-des-ions-cuivreii;4 points;Bac S 2003-2012 | Specialite | Chimie | Effectuer des contrôles de qualité | Tronc commun | La transformation d'un système chimique est-elle toujours rapide ? | Spectrophotométrie;52 minutes;https://www.labolycee.org/sites/default/files/exos/sujets/2006/2006-09-Antilles-Spe-Exo3-Sujet-DosageCu.pdf;https://www.labolycee.org/sites/default/files/exos/corriges/2006/2006-09-Antilles-Spe-Exo3-Correction-DosageCu.pdf
Argentimétrie: dosages volumétriques par précipitation;https://labolycee.org/argentimetrie-dosages-volumetriques-par-precipitation;4 points;Bac S 2003-2012 | Specialite | Chimie | Effectuer des contrôles de qualité;52 minutes;https://www.labolycee.org/sites/default/files/exos/sujets/2005/2005-Afrique-Spe-Sujet-Ex1-Dosage-Precipitation-4pts.pdf;https://www.labolycee.org/sites/default/files/exos/corriges/2005/2005-Maroc-Spe-Correction.pdf
Titrage des ions chlorure présents dans un anti-diarrhéique;https://labolycee.org/titrage-des-ions-chlorure-presents-dans-un-anti-diarrheique;4 points;Bac S 2003-2012 | Specialite | Chimie | Effectuer des contrôles de qualité;52 minutes;https://www.labolycee.org/sites/default/files/exos/sujets/2005/2005-Polynesie-Spe-Sujet-Exo3-Conducti.pdf;https://www.labolycee.org/sites/default/files/exos/corriges/2005/2005-Polynesie-Spe-Correction-Exo3-Conducti.pdf
Ions chlorure dans leau de mer;https://labolycee.org/ions-chlorure-dans-leau-de-mer;4 points;Bac S 2003-2012 | Specialite | Chimie | Effectuer des contrôles de qualité;52 minutes;https://www.labolycee.org/sites/default/files/exos/sujets/2004/2004-USA-Spe-Sujet-TitrageChlorureConductimetrie-4Pts.pdf;https://www.labolycee.org/sites/default/files/exos/corriges/2004/2004-USA-spe-correction-Exo3-TitrageChlorure-Conductimetrie.pdf
Dosage conductimétrique des ions chlorure dans le lait;https://labolycee.org/dosage-conductimetrique-des-ions-chlorure-dans-le-lait;4 points;Bac S 2003-2012 | Specialite | Chimie | Effectuer des contrôles de qualité;52 minutes;https://www.labolycee.org/sites/default/files/exos/sujets/2004/2004-09-National-Spe-Sujet-dosage_conductimetrique_Cl_lait.pdf;https://www.labolycee.org/sites/default/files/exos/corriges/2004/2004-09-National-Spe-Correction-dosage_conductimetrique_Cl_.pdf
Titre alcalimétrique dune eau minérale;https://labolycee.org/titre-alcalimetrique-dune-eau-minerale;4 points;Bac S 2003-2012 | Specialite | Chimie | Effectuer des contrôles de qualité;52 minutes;https://www.labolycee.org/sites/default/files/exos/sujets/2004/2004-09-Polynesie-Spe-Sujet-TA-TAC.pdf;https://www.labolycee.org/sites/default/files/exos/corriges/2004/2004-09-Polynesie-Spe-Correction-TA-TAC.pdf
Détermination du degré alcoolique dun vin;https://labolycee.org/determination-du-degre-alcoolique-dun-vin;4 points;Bac S 2003-2012 | Specialite | Chimie | Effectuer des contrôles de qualité;52 minutes;https://www.labolycee.org/sites/default/files/exos/sujets/2004/2004-Reunion-Spe-Sujet-DosageAlcoolVin.pdf;https://www.labolycee.org/sites/default/files/exos/corriges/2004/2004-Reunion-Spe-Correction-DosageAlcoolVin.pdf
Dosage du glucose libre dun jus de fruit;https://labolycee.org/dosage-du-glucose-libre-dun-jus-de-fruit;4 points;Bac S 2003-2012 | Specialite | Chimie | Effectuer des contrôles de qualité;52 minutes;https://www.labolycee.org/sites/default/files/exos/sujets/2004/2004-Antilles-Spe-Sujet-ExoIII-dosageGlucose.pdf;https://www.labolycee.org/sites/default/files/exos/corriges/2004/2004-Antilles-Spe-Correction-ExoIII-dosageGlucose.pdf
Leau de Dakin;https://labolycee.org/leau-de-dakin;4 points;Bac S 2003-2012 | Specialite | Chimie | Effectuer des contrôles de qualité;52 minutes;https://www.labolycee.org/sites/default/files/exos/sujets/2004/2004-National-Spe-Sujet-Dakin.pdf;https://www.labolycee.org/sites/default/files/exos/corriges/2004/2004-National-Spe-correction-Exo1-Dakin.pdf
Dosage spectrophotométrique des ions fer dans un médicament;https://labolycee.org/dosage-spectrophotometrique-des-ions-fer-dans-un-medicament;4 points;Bac S 2003-2012 | Specialite | Chimie | Effectuer des contrôles de qualité;52 minutes;https://www.labolycee.org/sites/default/files/exos/sujets/2003/2003-National-Spe-Sujet-Exo1-SpectroFer.pdf;https://www.labolycee.org/sites/default/files/exos/corriges/2003/2003-National-Spe-Correction-Exo1-SpectroFer.pdf
Dosage de létain dans le fer blanc;https://labolycee.org/dosage-de-letain-dans-le-fer-blanc;4 points;Bac S 2003-2012 | Specialite | Chimie | Effectuer des contrôles de qualité | Élaborer un produit de consommation : de la matière première à la formulation;52 minutes;https://www.labolycee.org/sites/default/files/exos/sujets/2003/2003-Polynesie-Sujet-Spe-FerBlanc.pdf;https://www.labolycee.org/sites/default/files/exos/corriges/2003/2003-Polynesie-Spe-Correction-FerBlanc.pdf
Dosage dune eau de Javel;https://labolycee.org/dosage-dune-eau-de-javel;4 points;Bac S 2003-2012 | Specialite | Chimie | Effectuer des contrôles de qualité;52 minutes;https://www.labolycee.org/sites/default/files/exos/sujets/2003/2003-Asie-Spe-Sujet-Exo1-Javel.pdf;https://www.labolycee.org/sites/default/files/exos/corriges/2003/2003-Asie-Spe-Correction-Exo1-Javel.pdf
Traitement des effluents industriels;https://labolycee.org/traitement-des-effluents-industriels;4 points;Bac S 2003-2012 | Specialite | Chimie | Élaborer un produit de consommation : de la matière première à la formulation;52 minutes;https://www.labolycee.org/sites/default/files/exos/sujets/2007/2007-09-Antilles-Spe-Sujet-Metallisation-Surface-4pts.pdf;https://www.labolycee.org/sites/default/files/exos/corriges/2007/2007-09-Antilles-Spe-Correction-Metallisation-Surface-4pts.pdf
Purification du cuivre;https://labolycee.org/purification-du-cuivre;4 points;Bac S 2003-2012 | Specialite | Chimie | Élaborer un produit de consommation : de la matière première à la formulation;52 minutes;https://www.labolycee.org/sites/default/files/exos/sujets/2006/2006-Polynesie-Spe-Exo3-Sujet-Cu.pdf;https://www.labolycee.org/sites/default/files/exos/corriges/2006/2006-Polynesie-Spe-Exo3-Correction-Cu.pdf
Corrosion et protection des métaux;https://labolycee.org/corrosion-et-protection-des-metaux;4 points;Bac S 2003-2012 | Specialite | Chimie | Élaborer un produit de consommation : de la matière première à la formulation;52 minutes;https://www.labolycee.org/sites/default/files/exos/sujets/2007/2007-AmSud-Spe-Sujet-Corrosion.pdf;https://www.labolycee.org/sites/default/files/exos/corriges/2007/2007-AmSud-Spe-Exo3-Correction-Corrosion.pdf
De la bauxite à laluminium;https://labolycee.org/de-la-bauxite-laluminium;4 points;Bac S 2003-2012 | Specialite | Chimie | Élaborer un produit de consommation : de la matière première à la formulation;52 minutes;https://www.labolycee.org/sites/default/files/2025-04/2005-09-National-Spe-Sujet-Exo1-Bauxite-Al.pdf;https://www.labolycee.org/sites/default/files/exos/corriges/2005/2005-09-National-Spe-Correction-Exo1-Bauxite.pdf
Séparation des éléments fer et cuivre présents dans une même solution;https://labolycee.org/separation-des-elements-fer-et-cuivre-presents-dans-une-meme-solution;4 points;Bac S 2003-2012 | Specialite | Chimie | Élaborer un produit de consommation : de la matière première à la formulation;52 minutes;https://www.labolycee.org/sites/default/files/exos/sujets/2005/2005-09-Antilles-Spe-Sujet-Exo3-SeparationCu-Fe.pdf;https://www.labolycee.org/sites/default/files/exos/corriges/2005/2005-09-Antilles-Spe-Correction-Exo3-SeparationCu-Fe.pdf
Quelques propriétés des solutions de nitrate dargent et dammoniac;https://labolycee.org/quelques-proprietes-des-solutions-de-nitrate-dargent-et-dammoniac;7 points;Bac S 2003-2012 | Tronc commun | Chimie | La transformation d'un système chimique est-elle toujours totale ? | Le sens spontané d'évolution d'un système est-il prévisible ? Peut-il être inversé ? | Electrolyse | Pile;1 heure 31 minutes;https://www.labolycee.org/sites/default/files/exos/sujets/2007/2007-Pondichery-Exo1-Sujet-AgNO3NH3-7pts.pdf;https://www.labolycee.org/sites/default/files/exos/corriges/2007/2007-Pondichery-Exo1-Correction-AgNO3NH3-7pts.pdf
Transformations spontanées ou forcées;https://labolycee.org/transformations-spontanees-ou-forcees;4 points;Bac S 2003-2012 | Tronc commun | Chimie | Le sens spontané d'évolution d'un système est-il prévisible ? Peut-il être inversé ? | Electrolyse;52 minutes;https://www.labolycee.org/sites/default/files/exos/sujets/2007/2007-AmSud-Exo3-Sujet-Transfo-spont-forcee-4pts.pdf;https://www.labolycee.org/sites/default/files/exos/corriges/2007/2007-AmSud-Exo3-Correction-Transfo-spont-forcee-4pts.pdf
A propos du zinc;https://labolycee.org/propos-du-zinc;7 points;Bac S 2003-2012 | Tronc commun | Chimie | Le sens spontané d'évolution d'un système est-il prévisible ? Peut-il être inversé ? | Electrolyse;1 heure 31 minutes;https://www.labolycee.org/sites/default/files/exos/sujets/2005/2005-USA-Sujet-Exo1-Chimie-PartieC-7pts.pdf;https://www.labolycee.org/sites/default/files/exos/corriges/2005/2005-USA-Correction-Exo1-Zinc-7pts.pdf
Pile et électrolyse avec le cuivre;https://labolycee.org/pile-et-electrolyse-avec-le-cuivre;6 points;Bac S 2003-2012 | Tronc commun | Chimie | Le sens spontané d'évolution d'un système est-il prévisible ? Peut-il être inversé ? | Electrolyse;1 heure 18 minutes;https://www.labolycee.org/sites/default/files/exos/sujets/2004/2004-Maroc-Sujet-Exo1-Pile_electrolyse_Cu.pdf;https://www.labolycee.org/sites/default/files/exos/corriges/2004/2004-Maroc-correction-Pile-Electrolyse-Cuivre.pdf
QROC Electrolyse;https://labolycee.org/qroc-electrolyse;3 points;Bac S 2003-2012 | Tronc commun | Chimie | Le sens spontané d'évolution d'un système est-il prévisible ? Peut-il être inversé ? | Electrolyse;39 minutes;https://www.labolycee.org/sites/default/files/exos/sujets/2004/2004-Reunion-Sujet-Exo2-QROC-electrolyse-3pts.pdf;https://www.labolycee.org/sites/default/files/exos/corriges/2004/2004-Reunion-correction-Exo2-QROC-electrolyse-3pts.pdf
Elaboration du zinc par électrolyse;https://labolycee.org/elaboration-du-zinc-par-electrolyse;6 points;Bac S 2003-2012 | Tronc commun | Chimie | Le sens spontané d'évolution d'un système est-il prévisible ? Peut-il être inversé ? | Electrolyse;1 heure 18 minutes;https://www.labolycee.org/sites/default/files/exos/sujets/2003/2003-Reunion-Sujet-SSCalc-Exo2-ElectrolyseZinc-6-5pts.pdf;https://www.labolycee.org/sites/default/files/exos/corriges/2003/2003-Reunion-Correctionc-Exo2-ElectrolyseZinc.pdf
Etude dun supercondensateur;https://labolycee.org/etude-dun-supercondensateur;5 points;Bac S 2003-2012 | Tronc commun | Physique | Évolution temporelle des systèmes électriques | Circuits RC;1 heure 5 minutes;https://www.labolycee.org/sites/default/files/exos/sujets/2007/2007-Pondichery-Exo2-Sujet-SuperC-5pts.pdf;https://www.labolycee.org/sites/default/files/exos/corriges/2007/2007-Pondichery-Exo2-Correction-SuperC-5pts.pdf
Physique, chimie et stimulateur cardiaque;https://labolycee.org/physique-chimie-et-stimulateur-cardiaque;7 points;Bac S 2003-2012 | Tronc commun | Chimie | Le sens spontané d'évolution d'un système est-il prévisible ? Peut-il être inversé ? | Pile | Physique | Évolution temporelle des systèmes électriques | Circuits RC;1 heure 31 minutes;https://www.labolycee.org/sites/default/files/exos/sujets/2007/2007-Polynesie-Exo2-Sujet-StimulateurCardiaque-7pts.pdf;https://www.labolycee.org/sites/default/files/exos/corriges/2007/2007-Polynesie-Exo2-Correction-StimulateurCardiaque-7pts.pdf
Décharge dun condensateur;https://labolycee.org/decharge-dun-condensateur;5 points;Bac S 2003-2012 | Tronc commun | Physique | Évolution temporelle des systèmes électriques | Circuits RC;1 heure 5 minutes;https://www.labolycee.org/sites/default/files/exos/sujets/2006/2006-09-Antilles-Exo2-Sujet-Condensateur-5pts.pdf;https://www.labolycee.org/sites/default/files/exos/corriges/2006/2006-09-Antilles-Exo2-Correction-Condensateur-5pts.pdf
Principe dune minuterie;https://labolycee.org/principe-dune-minuterie;5 points;Bac S 2003-2012 | Tronc commun | Physique | Évolution temporelle des systèmes électriques | Circuits RC;1 heure 5 minutes;https://www.labolycee.org/sites/default/files/exos/sujets/2006/2006-Afrique-Sujet-Exo2-minuterie-5-5pts.pdf;https://www.labolycee.org/sites/default/files/2026-01/2006-Afrique-Exo2-Correction-Minuterie.pdf
La pile cuivre aluminium et le condensateur;https://labolycee.org/la-pile-cuivre-aluminium-et-le-condensateur;8 points;Bac S 2003-2012 | Tronc commun | Chimie | Le sens spontané d'évolution d'un système est-il prévisible ? Peut-il être inversé ? | Pile | Physique | Évolution temporelle des systèmes électriques | Circuits RC;1 heure 44 minutes;https://www.labolycee.org/sites/default/files/exos/sujets/2006/2006-Reunion-Exo1-Sujet-Pile-Condo-8pts.pdf;https://www.labolycee.org/sites/default/files/2024-03/2006-Reunion-Exo1-Correction-Pile-Condo-8pts.pdf
Bobine à inductance réglable;https://labolycee.org/bobine-inductance-reglable;5 points;Bac S 2003-2012 | Tronc commun | Physique | Évolution temporelle des systèmes électriques | Circuits RC;1 heure 5 minutes;https://www.labolycee.org/sites/default/files/exos/sujets/2006/2006-Antilles-Exo1-Sujet-Bobine-5-5pts.pdf;https://www.labolycee.org/sites/default/files/exos/corriges/2006/2006-Antilles-Exo1-Correction-Bobine-5-5pts.pdf
Sonde thermique;https://labolycee.org/sonde-thermique;4 points;Bac S 2003-2012 | Tronc commun | Physique | Évolution temporelle des systèmes électriques | Circuits RC;52 minutes;https://www.labolycee.org/sites/default/files/exos/sujets/2005/2005-Antilles-Sujet-Exo3-SondeT-4pts.pdf;https://www.labolycee.org/sites/default/files/exos/corriges/2005/2005-Antilles-Correction-Exo3-SondeThermique-4pts.pdf
Evolution temporelle de différents systèmes électriques;https://labolycee.org/evolution-temporelle-de-differents-systemes-electriques;5 points;Bac S 2003-2012 | Tronc commun | Physique | Évolution temporelle des systèmes électriques | Circuits RC;1 heure 5 minutes;https://www.labolycee.org/sites/default/files/exos/sujets/2005/2005-Asie-Sujet-Exo2-Flash-5-5pts.pdf;https://www.labolycee.org/sites/default/files/exos/corriges/2005/2005-Asie-Correction-Exo2-Flash-5-5pts.pdf
Modélisation dune alarme;https://labolycee.org/modelisation-dune-alarme;4 points;Bac S 2003-2012 | Tronc commun | Physique | Évolution temporelle des systèmes électriques | Circuits RC;52 minutes;https://www.labolycee.org/sites/default/files/exos/sujets/2005/2005-National-Sujet-Exo1-RC-RLC-Alarme-4pts.pdf;https://www.labolycee.org/sites/default/files/exos/corriges/2005/2005-National-Correction-Exo1-RC-Alarme-4pts.pdf
Quelques usages des condensateurs;https://labolycee.org/quelques-usages-des-condensateurs;9 points;Bac S 2003-2012 | Tronc commun | Physique | Évolution temporelle des systèmes électriques | Circuits RC;1 heure 57 minutes;https://www.labolycee.org/sites/default/files/2025-05/2004-Reunion-Sujet-Exo1-Condensateurs-9pts.pdf;https://www.labolycee.org/sites/default/files/exos/corriges/2004/2004-Reunion-correction-Exo1-Condensateurs.pdf
Condensateur dun flash;https://labolycee.org/condensateur-dun-flash;4 points;Bac S 2003-2012 | Tronc commun | Physique | Évolution temporelle des systèmes électriques | Circuits RC;52 minutes;https://www.labolycee.org/sites/default/files/exos/sujets/2003/2003-Antilles-Sujet-Exo3-Flash-4pts.pdf;https://www.labolycee.org/sites/default/files/exos/corriges/2003/2003-Antilles-Correction-Exo3-Flash.pdf
Défibrillateur cardiaque;https://labolycee.org/defibrillateur-cardiaque;5 points;Bac S 2003-2012 | Tronc commun | Physique | Évolution temporelle des systèmes électriques | Circuits RC;1 heure 5 minutes;https://www.labolycee.org/sites/default/files/exos/sujets/2003/2003-09-Antilles-Sujet-Defibrillateur-5-5pts.pdf;https://www.labolycee.org/sites/default/files/exos/corriges/2003/2003-09-Antilles-Correction-Defibrillateur-5-5pts.pdf
Le cercle des planètes disparues;https://labolycee.org/le-cercle-des-planetes-disparues;5 points;Bac S 2003-2012 | Tronc commun | Physique | Évolution temporelle des systèmes mécaniques | Satellites;1 heure 5 minutes;https://www.labolycee.org/sites/default/files/exos/sujets/2009/2009-Liban-Exo2-Sujet-Planetes-5pts.pdf;https://www.labolycee.org/sites/default/files/exos/corriges/2009/2009-Liban-Exo2-Correction-Planetes-5pts.pdf
Observation des satellites de Neptune par la sonde Voyager;https://labolycee.org/observation-des-satellites-de-neptune-par-la-sonde-voyager;5 points;Bac S 2003-2012 | Tronc commun | Physique | Évolution temporelle des systèmes mécaniques | Satellites;1 heure 5 minutes;https://www.labolycee.org/sites/default/files/exos/sujets/2009/2009-Afrique-Exo2-Sujet-Neptune-Satellites-5-5pts.pdf;https://www.labolycee.org/sites/default/files/exos/corriges/2009/2009-Afrique-Exo2-Correction-Neptune-Satellites-5-5pts.pdf
Découverte dune exo-planète habitable;https://labolycee.org/decouverte-dune-exo-planete-habitable;5 points;Bac S 2003-2012 | Tronc commun | Physique | Évolution temporelle des systèmes mécaniques | Satellites;1 heure 5 minutes;https://www.labolycee.org/sites/default/files/exos/sujets/2008/2008-Liban-Exo1-Sujet-ExoPlanete-5-5pts.pdf;https://www.labolycee.org/sites/default/files/exos/corriges/2008/2008-Liban-Exo1-Correction-Exoplanete-5-5pts.pdf
Lancement dun satellite météorologique;https://labolycee.org/lancement-dun-satellite-meteorologique;5 points;Bac S 2003-2012 | Tronc commun | Physique | Évolution temporelle des systèmes mécaniques | Satellites;1 heure 5 minutes;https://www.labolycee.org/sites/default/files/exos/sujets/2008/2008-09-National-Exo2-Sujet-SatelliteMeteo-5-5pts.pdf;https://www.labolycee.org/sites/default/files/exos/corriges/2008/2008-09-National-Exo2-Correction-SatelliteMeteo-5-5pts.pdf
Pluton & Charon;https://labolycee.org/pluton-charon;5 points;Bac S 2003-2012 | Tronc commun | Physique | Évolution temporelle des systèmes mécaniques | Satellites;1 heure 5 minutes;https://www.labolycee.org/sites/default/files/exos/sujets/2008/2008-Afrique-Exo2-Sujet-Pluton-Charon-5pts.pdf;https://www.labolycee.org/sites/default/files/exos/corriges/2008/2008-Afrique-Exo2-Correction-Pluton-Charon-5pts.pdf
Des lois de Kepler à létude dun astéroïde;https://labolycee.org/des-lois-de-kepler-letude-dun-asteroide;4 points;Bac S 2003-2012 | Tronc commun | Physique | Évolution temporelle des systèmes mécaniques | Satellites;52 minutes;https://www.labolycee.org/sites/default/files/exos/sujets/2007/2007-09-National-Exo3-Sujet-Kepler-4pts.pdf;https://www.labolycee.org/sites/default/files/exos/corriges/2007/2007-09-National-Exo3-Correction-Kepler-4pts.pdf
étude de satellites dobservation;https://labolycee.org/etude-de-satellites-dobservation;5 points;Bac S 2003-2012 | Tronc commun | Physique | Évolution temporelle des systèmes mécaniques | Satellites;1 heure 5 minutes;https://www.labolycee.org/sites/default/files/exos/sujets/2007/2007-AmSud-Exo1-Sujet-Satellites-5pts.pdf;https://www.labolycee.org/sites/default/files/exos/corriges/2007/2007-AmSud-Exo1-Correction-Satellites-5pts.pdf
Galiléo;https://labolycee.org/galileo;5 points;Bac S 2003-2012 | Tronc commun | Physique | Évolution temporelle des systèmes mécaniques | Satellites;1 heure 5 minutes;https://www.labolycee.org/sites/default/files/exos/sujets/2007/2007-Polynesie-Exo1-Sujet-Satellites-5pts.pdf;https://www.labolycee.org/sites/default/files/exos/corriges/2007/2007-Polynesie-Exo1-Correction-Satellites.pdf
à propos des étoiles filantes;https://labolycee.org/propos-des-etoiles-filantes;5 points;Bac S 2003-2012 | Tronc commun | Physique | Évolution temporelle des systèmes mécaniques | Satellites;1 heure 5 minutes;https://www.labolycee.org/sites/default/files/exos/sujets/2007/2007-Afrique-Exo2-Sujet-Satellite-MecaQ-5-5pts.pdf;https://www.labolycee.org/sites/default/files/exos/corriges/2007/2007-Afrique-Exo2-Correction-Satellite-MecaQ-5-5pts.pdf
Voyage autour de Saturne;https://labolycee.org/voyage-autour-de-saturne;5 points;Bac S 2003-2012 | Tronc commun | Physique | Évolution temporelle des systèmes mécaniques | Satellites;1 heure 5 minutes;https://www.labolycee.org/sites/default/files/exos/sujets/2005/2005-Afrique-Sujet-Exo2-SatelliteSaturne-5pts.pdf;https://www.labolycee.org/sites/default/files/exos/corriges/2005/2005-Maroc-Correction-Exo2.pdf
La station spatiale internationale à lheure atomique pharao;https://labolycee.org/la-station-spatiale-internationale-lheure-atomique-pharao;5 points;Bac S 2003-2012 | Tronc commun | Physique | Évolution temporelle des systèmes mécaniques | Satellites;1 heure 5 minutes;https://www.labolycee.org/sites/default/files/exos/sujets/2007/2007-Liban-Exo2-Sujet-ISS-5-5pts.pdf;https://www.labolycee.org/sites/default/files/exos/corriges/2007/2007-Liban-Exo2-Correction-ISS-5-5pts.pdf
Quatre satellites artificiels parmi bien dautres;https://labolycee.org/quatre-satellites-artificiels-parmi-bien-dautres;5 points;Bac S 2003-2012 | Tronc commun | Physique | Évolution temporelle des systèmes mécaniques | Satellites;1 heure 5 minutes;https://www.labolycee.org/sites/default/files/exos/sujets/2005/2005-National-Sujet-Exo2-Satellites-5-5pts.pdf;https://www.labolycee.org/sites/default/files/exos/corriges/2005/2005-National-Correction-Exo2-Satellites-5-5pts.pdf
Le transit de Vénus du 8 Juin 2004;https://labolycee.org/le-transit-de-venus-du-8-juin-2004;5 points;Bac S 2003-2012 | Tronc commun | Physique | Évolution temporelle des systèmes mécaniques | Satellites;1 heure 5 minutes;https://www.labolycee.org/sites/default/files/exos/sujets/2005/2005-09-National-Sujet-Exo3-TransitVenus-5-5pts.pdf;https://www.labolycee.org/sites/default/files/exos/corriges/2005/2005-09-National-Correction-Exo3-Venus.pdf
Mise en orbite dun satellite artificiel par la fusée Ariane;https://labolycee.org/mise-en-orbite-dun-satellite-artificiel-par-la-fusee-ariane;6 points;Bac S 2003-2012 | Tronc commun | Physique | Évolution temporelle des systèmes mécaniques | Satellites;1 heure 18 minutes;https://www.labolycee.org/sites/default/files/exos/sujets/2003/2003-Pondichery-Sujet-Exo2-Satellite-6pts.pdf;https://www.labolycee.org/sites/default/files/exos/corriges/2003/2003-Pondichery-Correction-Exo2-Satellite-6pts.pdf
Durée de fonctionnement dune pile cuivre-aluminium;https://labolycee.org/duree-de-fonctionnement-dune-pile-cuivre-aluminium;2 points;Bac S 2003-2012 | Tronc commun | Chimie | Le sens spontané d'évolution d'un système est-il prévisible ? Peut-il être inversé ? | Pile;26 minutes;https://www.labolycee.org/sites/default/files/exos/sujets/2004/2004-Antilles-Sujet-ExoII-PileCuAl-2-5pts.pdf;https://www.labolycee.org/sites/default/files/exos/corriges/2004/2004-Antilles-Correction-ExoII-PileCuAl-2-5pts.pdf
Oxydo-réduction;https://labolycee.org/oxydo-reduction;2 points;Bac S 2003-2012 | Tronc commun | Chimie | Le sens spontané d'évolution d'un système est-il prévisible ? Peut-il être inversé ? | Pile;26 minutes;https://www.labolycee.org/sites/default/files/exos/sujets/2004/2004-09-Polynesie-Sujet-Oxydo-reduction-piles.pdf;https://www.labolycee.org/sites/default/files/exos/corriges/2004/2004-09-Polynesie-Correction-Exo2-Piles.pdf
Le dihydrogène pour la protection de lenvironnement;https://labolycee.org/le-dihydrogene-pour-la-protection-de-lenvironnement;6 points;Bac S 2003-2012 | Tronc commun | Chimie | Le sens spontané d'évolution d'un système est-il prévisible ? Peut-il être inversé ? | Pile;1 heure 18 minutes;https://www.labolycee.org/sites/default/files/exos/sujets/2005/2005-03-NelleCaledonie-Sujet-Exo2-Pile-Electrolyse-6-5pts.pdf;https://www.labolycee.org/sites/default/files/exos/corriges/2005/2005-03-NelleCaledonie-Correction-Exo2-Pile-Electrolyse-6-5.pdf
Charge dun condensateur à laide dune pile;https://labolycee.org/charge-dun-condensateur-laide-dune-pile;7 points;Bac S 2003-2012 | Tronc commun | Chimie | Le sens spontané d'évolution d'un système est-il prévisible ? Peut-il être inversé ? | Pile | Physique | Évolution temporelle des systèmes électriques;1 heure 31 minutes;https://www.labolycee.org/sites/default/files/exos/sujets/2003/2003-National-Sujet-Exo2-Pile-ChargeC-7pts.pdf;https://www.labolycee.org/sites/default/files/exos/corriges/2003/2003-National-Correction-Exo2-Pile-ChargeC-7pts.pdf
Pile à combustible;https://labolycee.org/pile-combustible;2 points;Bac S 2003-2012 | Tronc commun | Chimie | Le sens spontané d'évolution d'un système est-il prévisible ? Peut-il être inversé ? | Pile;26 minutes;https://www.labolycee.org/sites/default/files/exos/sujets/2003/2003-Afrique-Sujet-Exo2-PileCombustible-2-5pts.pdf;https://www.labolycee.org/sites/default/files/exos/corriges/2003/2003-Maurice-Correction-PileCombustible.pdf
Autour dune transformation dans le domaine de loxydoréduction;https://labolycee.org/autour-dune-transformation-dans-le-domaine-de-loxydoreduction;6 points;Bac S 2003-2012 | Tronc commun | Chimie | Le sens spontané d'évolution d'un système est-il prévisible ? Peut-il être inversé ? | Pile;1 heure 18 minutes;https://www.labolycee.org/sites/default/files/exos/sujets/2003/2003-09-Polynesie-Sujet-Exo1-Pile-OxRed-6-5pts.pdf;https://www.labolycee.org/sites/default/files/exos/corriges/2003/2003-09-Polynesie-Correction-Exo1-Pile-OxRed-6-5pts.pdf
Le hockey sur gazon;https://labolycee.org/le-hockey-sur-gazon;5 points;Bac S 2003-2012 | Tronc commun | Physique | Évolution temporelle des systèmes mécaniques | Projectiles;1 heure 5 minutes;https://www.labolycee.org/sites/default/files/exos/sujets/2009/2009-AmNord-Exo1-Sujet-MecaHockey-5pts.pdf;https://www.labolycee.org/sites/default/files/exos/corriges/2009/2009-AmNord-Exo1-Correction-MecaHockey-5pts.pdf
Un toboggan de plage;https://labolycee.org/un-toboggan-de-plage;5 points;Bac S 2003-2012 | Tronc commun | Physique | Évolution temporelle des systèmes mécaniques | Projectiles;1 heure 5 minutes;https://www.labolycee.org/sites/default/files/exos/sujets/2009/2009-Antilles-Exo2-Sujet-MecaToboggan-5-5pts.pdf;https://www.labolycee.org/sites/default/files/exos/corriges/2009/2009-Antilles-Exo2-Correction-MecaToboggan-5-5pts.pdf
Les dominos;https://labolycee.org/les-dominos;4 points;Bac S 2003-2012 | Tronc commun | Physique | Évolution temporelle des systèmes mécaniques | Projectiles;52 minutes;https://www.labolycee.org/sites/default/files/exos/sujets/2009/2009-09-Antilles-Exo3-Sujet-Meca-Domino-4pts.pdf;https://www.labolycee.org/sites/default/files/exos/corriges/2009/2009-09-Antilles-Exo3-Correction-Meca-Domino-4pts.pdf
Un service au tennis;https://labolycee.org/un-service-au-tennis;5 points;Bac S 2003-2012 | Tronc commun | Physique | Évolution temporelle des systèmes mécaniques | Projectiles;1 heure 5 minutes;https://www.labolycee.org/sites/default/files/exos/sujets/2009/2009-11-AmSud-Exo2-Sujet-Tennis-5-5pts.pdf;https://www.labolycee.org/sites/default/files/exos/corriges/2009/2009-11-AmSud-Exo2-Correction-Tennis-5-5pts.pdf
Record de saut en longueur à moto;https://labolycee.org/record-de-saut-en-longueur-moto;6 points;Bac S 2003-2012 | Tronc commun | Physique | Évolution temporelle des systèmes mécaniques | Projectiles;1 heure 18 minutes;https://www.labolycee.org/sites/default/files/exos/sujets/2009/2009-09-Polynesie-Exo1-Sujet-Moto-6pts.pdf;https://www.labolycee.org/sites/default/files/exos/corriges/2009/2009-09-Polynesie-Exo1-Correction-Moto-6pts.pdf
Jeu de boulet;https://labolycee.org/jeu-de-boulet;4 points;Bac S 2003-2012 | Tronc commun | Physique | Évolution temporelle des systèmes mécaniques | Projectiles;52 minutes;https://www.labolycee.org/sites/default/files/exos/sujets/2007/2007-Antilles-Exo3-Sujet-Boulet-4pts.pdf;https://www.labolycee.org/sites/default/files/exos/corriges/2007/2007-Antilles-Exo3-Correction-Boulet-4pts.pdf
Le trébuchet;https://labolycee.org/le-trebuchet;5 points;Bac S 2003-2012 | Tronc commun | Physique | Évolution temporelle des systèmes mécaniques | Projectiles;1 heure 5 minutes;https://www.labolycee.org/sites/default/files/exos/sujets/2007/2007-Reunion-Exo2-Sujet-Meca_Trebuchet-5-5pts.pdf;https://www.labolycee.org/sites/default/files/exos/corriges/2007/2007-Reunion-Exo2-Correction-Meca_Trebuchet-5-5pts.pdf
Jeu de fête foraine;https://labolycee.org/jeu-de-fete-foraine;5 points;Bac S 2003-2012 | Tronc commun | Physique | Évolution temporelle des systèmes mécaniques | Projectiles;1 heure 5 minutes;https://www.labolycee.org/sites/default/files/exos/sujets/2005/2005-Antilles-Sujet-Exo1-FeteForaine-5-5pts.pdf;https://www.labolycee.org/sites/default/files/exos/corriges/2005/2005-Antilles-Correction-Exo1-Mecanique-5-5pts.pdf
Mouvement dun palet;https://labolycee.org/mouvement-dun-palet;5 points;Bac S 2003-2012 | Tronc commun | Physique | Évolution temporelle des systèmes mécaniques | Projectiles;1 heure 5 minutes;https://www.labolycee.org/sites/default/files/exos/sujets/2005/2005-Pondichery-Sujet-Exo2-MVtPalet-5-5pts.pdf;https://www.labolycee.org/sites/default/files/exos/corriges/2005/2005-Pondichery-Correction-Exo2-MouvementPalet-5-5pts.pdf
Mouvements plans;https://labolycee.org/mouvements-plans;4 points;Bac S 2003-2012 | Tronc commun | Physique | Évolution temporelle des systèmes mécaniques | Projectiles;52 minutes;https://www.labolycee.org/sites/default/files/exos/sujets/2004/2004-AmSud-Sujet-Exo1-MouvementsPlans-4pts.pdf;https://www.labolycee.org/sites/default/files/exos/corriges/2004/2004-AmSud-Correction-Exo1-MouvementsPlans.pdf
Comment faire des ricochets sur leau;https://labolycee.org/comment-faire-des-ricochets-sur-leau;5 points;Bac S 2003-2012 | Tronc commun | Physique | Évolution temporelle des systèmes mécaniques | Projectiles;1 heure 5 minutes;https://www.labolycee.org/sites/default/files/exos/sujets/2004/2004-09-National-Sujet-Ricochets_sur_eau.pdf;https://www.labolycee.org/sites/default/files/exos/corriges/2004/2004-09-National-Correction-Exo2-Ricochets-5pts.pdf
Tir au pigeon dargile;https://labolycee.org/tir-au-pigeon-dargile;4 points;Bac S 2003-2012 | Tronc commun | Physique | Évolution temporelle des systèmes mécaniques | Projectiles;52 minutes;https://www.labolycee.org/sites/default/files/exos/sujets/2004/2004-Maroc-Sujet-Exo3-Tir_au_pigeon-4pts.pdf;https://www.labolycee.org/sites/default/files/exos/corriges/2004/2004-Maroc-correction-Tir_au_pigeon.pdf
Le lancer du poids aux championnats du monde 2003;https://labolycee.org/le-lancer-du-poids-aux-championnats-du-monde-2003;5 points;Bac S 2003-2012 | Tronc commun | Physique | Évolution temporelle des systèmes mécaniques | Projectiles;1 heure 5 minutes;https://www.labolycee.org/sites/default/files/exos/sujets/2004/2004-11-NelleCaledonie-Sujet-Exo3-Lancer-poids-5-5pts.pdf;https://www.labolycee.org/sites/default/files/exos/corriges/2004/2004-11-NelleCaledonie-Correction-Exo3-Lancer-5-5pts.pdf
Juste une impression gustative ?;https://labolycee.org/juste-une-impression-gustative;9 points;Tale Spécialité Physique Chimie | Acide-Base | Titrage pH-métrique;1 heure 35 minutes;https://www.labolycee.org/sites/default/files/2024-01/2023-09-Metropole-J2-Exo1-Sujet-Pommes-9pts.pdf;https://www.labolycee.org/sites/default/files/2025-02/2023-09-Metropole-J2-Exo1-Correction-Pommes-9pts.pdf
Nettoyage dune paroi de douche;https://labolycee.org/nettoyage-dune-paroi-de-douche;4 points;Tale Spécialité Physique Chimie | Acide-Base;48 minutes;https://www.labolycee.org/sites/default/files/2024-01/2023-AmNord-J1-Exo3-Sujet-CalcaireVinaigre-4pts.pdf;https://www.labolycee.org/sites/default/files/2024-06/2023-AmNord-J1-Exo3-Correction-CalcaireVinaigre-4pts.pdf
Synthèse et recyclage du PET en vanilline;https://labolycee.org/synthese-et-recyclage-du-pet-en-vanilline;5 points;Tale Spécialité Physique Chimie | Acide-Base | Synthèse organique;53 minutes;https://www.labolycee.org/sites/default/files/2024-01/2023-Liban-J2-Exo2-Sujet-PETVanilline-5pts.pdf;https://www.labolycee.org/sites/default/files/2024-03/2023-Liban-J2-Exo2-Correction-PETVanilline-5pts.pdf
Un assouplissant fait maison;https://labolycee.org/un-assouplissant-fait-maison;5 points;Tale Spécialité Physique Chimie | Acide-Base | Titrage pH-métrique;53 minutes;https://www.labolycee.org/sites/default/files/2024-02/2023-Liban-J1-Exo2-Sujet-Assouplissant-5pts.pdf;https://www.labolycee.org/sites/default/files/2024-02/2023-Liban-J1-Exo2-Correction-Assouplissant-5pts.pdf
Autour de la biosynthèse de la mélanine;https://labolycee.org/autour-de-la-biosynthese-de-la-melanine;9 points;Tale Spécialité Physique Chimie | Acide-Base | Cinétique;1 heure 35 minutes;https://www.labolycee.org/sites/default/files/2024-04/2023-Polynesie-J2-Exo1-Sujet-CinetiqueSpectro-9pts.pdf;https://www.labolycee.org/sites/default/files/2023-03/2023-Polynesie-J2-Exo1-Correction-CinetiqueSpectro-9pts.pdf
Le PLA ou acide polylactique;https://labolycee.org/le-pla-ou-acide-polylactique;5 points;Tale Spécialité Physique Chimie | Acide-Base | Cinétique;53 minutes;https://www.labolycee.org/sites/default/files/2024-01/2022-Amsud-J2-ExoA-Sujet-PLA-5pts.pdf;https://www.labolycee.org/sites/default/files/2022-12/2022-Amsud-J2-ExoA-Correction-PLA-5pts.pdf
Étude de lacide benzoïque et du benzoate de sodium;https://labolycee.org/etude-de-lacide-benzoique-et-du-benzoate-de-sodium;5 points;Tale Spécialité Physique Chimie | Acide-Base | Synthèse organique;53 minutes;https://www.labolycee.org/sites/default/files/2022-11/2022-NelleCaledo-J1-ExoA-Sujet-AcBenzoique-5pts.pdf;https://www.labolycee.org/sites/default/files/2023-02/2022-NelleCaledo-J1-ExoA-Correction-AcBenzoique-5pts.pdf
Nettoyage des plaques de cuisson;https://labolycee.org/nettoyage-des-plaques-de-cuisson;5 points;Tale Spécialité Physique Chimie | Acide-Base | Cinétique | Titrage pH-métrique;53 minutes;https://www.labolycee.org/sites/default/files/2023-01/2022-09-Metro-J2-ExoB-Sujet-PlaqueVinaigre-5pts_0.pdf;https://www.labolycee.org/sites/default/files/2024-03/2022-09-Metro-J2-ExoB-Correction-PlaqueVinaigre-5pts.pdf
Analyse dun pigment à base doxyde de fer;https://labolycee.org/analyse-dun-pigment-base-doxyde-de-fer;5 points;Tale Spécialité Physique Chimie | Beer-Lambert;55 minutes;https://www.labolycee.org/sites/default/files/2021-11/2021-AmNord-Sujet2-ExoC-BeerFer-5pts.pdf;https://www.labolycee.org/sites/default/files/2024-10/2021-AmNord-Sujet2-ExoC-BeerFer-5pts-Correction.pdf
Dépolluer une eau avec des carapaces de crevettes;https://labolycee.org/depolluer-une-eau-avec-des-carapaces-de-crevettes;10 points;Tale Spécialité Physique Chimie | Beer-Lambert | Cinétique | Synthèse organique;1 heure 45 minutes;https://www.labolycee.org/sites/default/files/2021-01/2021-Sujet-Zero-Exo1-Chitosane-10pts_0.pdf;https://www.labolycee.org/sites/default/files/2021-02/2021-Sujet-Zero-Exo1-Correction-Chitosane-10pts.pdf
Synthèse dun arôme dorange;https://labolycee.org/synthese-dun-arome-dorange;5 points;Tale Spécialité Physique Chimie | Spectroscopie | Synthèse organique;53 minutes;https://www.labolycee.org/sites/default/files/2024-04/2022-CentresEtrangers1-J1-ExoB-Sujet-SyntheseEsterOrange-5pts.pdf;https://www.labolycee.org/sites/default/files/2022-06/2022-CentresEtrangers1-J1-ExoB-Correction-AromeOorange-5pts.pdf
Traitement anti-acarien;https://labolycee.org/traitement-anti-acarien;5 points;Tale Spécialité Physique Chimie | Acide-Base | Spectroscopie | Titrage pH-métrique;53 minutes;https://www.labolycee.org/sites/default/files/2022-04/2021-Asie-Sujet1-ExoA-TitragepH-IR-5pts.pdf;https://www.labolycee.org/sites/default/files/2023-01/2021-Asie-Sujet1-ExoA-Correction-TitragepH-IR-5pts.pdf
Synthèse de lacide caprylique par sonochimie;https://labolycee.org/synthese-de-lacide-caprylique-par-sonochimie;5 points;Tale Spécialité Physique Chimie | Acide-Base | Spectroscopie | Synthèse organique;53 minutes;https://www.labolycee.org/sites/default/files/2022-04/2021-09-Metro-Sujet2-ExoC-SyntheseSonochimie-5pts.pdf;https://www.labolycee.org/sites/default/files/2022-04/2021-09-Metro-Sujet2-ExoC-Correction-SyntheseSonochimie-5pts.pdf
Synthèse dun arôme alimentaire;https://labolycee.org/synthese-dun-arome-alimentaire;5 points;Tale Spécialité Physique Chimie | Spectroscopie | Synthèse organique;53 minutes;https://www.labolycee.org/sites/default/files/2022-03/2021-Centres-etrangers-ExoB-Sujet-EsterRhum-5pts.pdf;https://www.labolycee.org/sites/default/files/2025-03/2021-Centres-etrangers-ExoB-Correction-EsterRhum-5pts.pdf
Synthèse dun arôme;https://labolycee.org/synthese-dun-arome;10 points;Tale Spécialité Physique Chimie | Cinétique | Spectroscopie | Synthèse organique | Titrage pH-métrique;1 heure 45 minutes;https://www.labolycee.org/sites/default/files/2024-04/2021-09-Metro-%20Exo1-Sujet-SyntheseEster-10pts.pdf;https://www.labolycee.org/sites/default/files/2021-10/2021-09-Metro-%20Exo1-Correction-SyntheseEster-10pts.pdf
Vers la synthèse du plexiglas;https://labolycee.org/vers-la-synthese-du-plexiglas;10 points;Tale Spécialité Physique Chimie | Acide-Base | Cinétique | Spectroscopie | Synthèse organique;1 heure 45 minutes;https://www.labolycee.org/sites/default/files/2026-02/2021-06-Metro-Exo1-Sujet2-SynthesePlexiglas-10pts.pdf;https://www.labolycee.org/sites/default/files/2026-01/2021-06-Metro-Exo1-Sujet2-SynthesePlexiglas-10pts-Correction.pdf
Etude dun traitement contre les verrues;https://labolycee.org/etude-dun-traitement-contre-les-verrues;4 points;Tale Spécialité Physique Chimie | Titrage pH-métrique;42 minutes;https://www.labolycee.org/sites/default/files/2023-12/2023-09-Polynesie-Exo3-Sujet-TitragepH-4pts.pdf;https://www.labolycee.org/sites/default/files/2023-12/2023-09-Polynesie-Exo3-Correction-TitragepH-4pts.pdf
Larôme de vanille;https://labolycee.org/larome-de-vanille-0;5 points;Tale Spécialité Physique Chimie | Synthèse organique | Titrage pH-métrique;53 minutes;https://www.labolycee.org/sites/default/files/2024-04/2022-Metropole-J2-ExoA-Sujet-VanilleCCM-5pts.pdf;https://www.labolycee.org/sites/default/files/2024-06/2022-Metropole-J2-ExoA-Correction-VanilleCCM-5pts.pdf
Lurée et la synthèse de lacide barbiturique;https://labolycee.org/luree-et-la-synthese-de-lacide-barbiturique;10 points;Tale Spécialité Physique Chimie | Cinétique | Synthèse organique | Titrage pH-métrique;1 heure 45 minutes;https://www.labolycee.org/sites/default/files/2022-04/2021-Asie-Sujet2-Exo1-Synthese-Titrage-Cinetique-10pts.pdf;https://www.labolycee.org/sites/default/files/2026-04/2021-Asie-Sujet2-Exo1-Correction-Synthese-Titrage-Cinetique-10pts.pdf
Lammoniaque  un produit ménager courant;https://labolycee.org/lammoniaque-un-produit-menager-courant;5 points;Tale Spécialité Physique Chimie | Titrage pH-métrique;53 minutes;https://www.labolycee.org/sites/default/files/2024-09/2021-Centres-etrangers-ExoC-Sujet-AmmoniaquepH-5pts.pdf;
Le pomelo;https://labolycee.org/le-pomelo;5 points;Tale Spécialité Physique Chimie | Titrage pH-métrique;55 minutes;https://www.labolycee.org/sites/default/files/2024-04/2021-06-Metro-ExoC-Sujet-Pomelo-titragepH-Retour%20Etalonnage-5pts.pdf;https://www.labolycee.org/sites/default/files/2023-03/2021-06-Metro-ExoC-Correction-Pomelo-titragepH-Retour%20Etalonnage-5pts.pdf
Un indicateur coloré naturel issu du chou rouge;https://labolycee.org/un-indicateur-colore-naturel-issu-du-chou-rouge;5 points;Tale Spécialité Physique Chimie | Acide-Base | Titrage pH-métrique;55 minutes;https://www.labolycee.org/sites/default/files/2021-06/2021-03-Metro-Sujet1-ExoA-ChouRouge-5pts.pdf;https://www.labolycee.org/sites/default/files/2023-03/2021-03-Metro-Sujet1-ExoA-ChouRouge-5pts-Correction.pdf
Un apport de magnésium;https://labolycee.org/un-apport-de-magnesium;5 points;Tale Spécialité Physique Chimie | Titrage pH-métrique;55 minutes;https://www.labolycee.org/sites/default/files/2024-04/2021-AmNord-Sujet1-ExoB-DosagepH-5pts.pdf;https://www.labolycee.org/sites/default/files/2022-01/2021-AmNord-Sujet1-ExoB-DosagepH-5pts-Correction.pdf
Leau oxygénée dune solution hydroalcoolique;https://labolycee.org/leau-oxygenee-dune-solution-hydroalcoolique;5 points;Tale Spécialité Physique Chimie | Cinétique;53 minutes;https://www.labolycee.org/sites/default/files/2022-04/2021-Asie-Sujet1-ExoC-TitrageH2O2-Cinetique-5pts.pdf;https://www.labolycee.org/sites/default/files/2022-04/2021-Asie-Sujet1-ExoC-Correction-TitrageH2O2-Cinetique-5pts.pdf
Évolution du sucre dans une boisson gazeuse;https://labolycee.org/evolution-du-sucre-dans-une-boisson-gazeuse;5 points;Tale Spécialité Physique Chimie | Cinétique;53 minutes;https://www.labolycee.org/sites/default/files/2023-01/2021-Centres-etrangers-ExoA-Sujet-Sucre-5pts.pdf;https://www.labolycee.org/sites/default/files/2022-05/2021-Centres-etrangers-ExoA-Correction-Sucre-5pts.pdf
Lacide lactique et le lactate déthyle;https://labolycee.org/lacide-lactique-et-le-lactate-dethyle;5 points;Tale Spécialité Physique Chimie | Acide-Base | Cinétique;55 minutes;https://www.labolycee.org/sites/default/files/2024-04/2021-AmNord-Sujet1-ExoA-AcideLactique-Ka-5pts.pdf;https://www.labolycee.org/sites/default/files/2021-06/2021-AmNord-Sujet1-ExoA-AcideLactique-Ka-5pts-Correction.pdf
Savon de Marseille;https://labolycee.org/savon-de-marseille;5 points;Tale Spécialité Physique Chimie | Synthèse organique;53 minutes;https://www.labolycee.org/sites/default/files/2024-04/2022-Asie-J2-ExoB-Sujet-Savon-5pts.pdf;https://www.labolycee.org/sites/default/files/2023-06/2022-Asie-J2-ExoB-Correction-Savon-5pts.pdf
Synthèse dun conservateur;https://labolycee.org/synthese-dun-conservateur-0;5 points;Tale Spécialité Physique Chimie | Synthèse organique;53 minutes;https://www.labolycee.org/sites/default/files/2023-02/2022-09-Metro-J2-ExoA-Sujet-ConservateurE210-5pts.pdf;https://www.labolycee.org/sites/default/files/2023-02/2022-09-Metro-J2-ExoA-Correction-ConservateurE210-5pts.pdf
Synthèse dun biocarburant;https://labolycee.org/synthese-dun-biocarburant;5 points;Tale Spécialité Physique Chimie | Synthèse organique;53 minutes;https://www.labolycee.org/sites/default/files/2022-03/2021-Asie-Sujet1-ExoB-SyntheseEster-Biocarburant-5pts.pdf;https://www.labolycee.org/sites/default/files/2026-01/2021-Asie-Sujet1-ExoB-Correction-Biocarburant-5pts.pdf
Vers lISS;https://labolycee.org/vers-liss;10 points;Tale Spécialité Physique Chimie | 2nde Loi Newton | Satellites, Lois de Kepler;30 minutes;https://www.labolycee.org/sites/default/files/2024-04/2022-CentresEtrangers2-SI-J1-Exo2-Sujet-ISS.pdf;https://www.labolycee.org/sites/default/files/2022-06/2022-CentresEtrangers2-SI-J1-Exo2-Correction-ISS.pdf
La physique du jonglage;https://labolycee.org/la-physique-du-jonglage;5 points;Tale Spécialité Physique Chimie | 2nde Loi Newton | Mouvement dans un champ de pesanteur uniforme;53 minutes;https://www.labolycee.org/sites/default/files/2024-09/2022-Metropole-J1-ExoA-Sujet-Jonglage-5pts.pdf;https://www.labolycee.org/sites/default/files/2023-03/2022-Metropole-J1-ExoA-Correction-Jonglage-5pts.pdf
Water bottle flip;https://labolycee.org/water-bottle-flip;5 points;Tale Spécialité Physique Chimie | 2nde Loi Newton | Mouvement dans un champ de pesanteur uniforme | Python;53 minutes;https://www.labolycee.org/sites/default/files/2022-03/2021-Asie-Sujet2-ExoB-BottleFlip-MvtChpPesanteur-5pts.pdf;https://www.labolycee.org/sites/default/files/2025-01/2021-Asie-Sujet2-ExoB-Correction-BottleFlip-MvtChpPesanteur-5pts.pdf
Linstallation de lHomme sur la Lune;https://labolycee.org/linstallation-de-lhomme-sur-la-lune;5 points;Tale Spécialité Physique Chimie | 2nde Loi Newton | Mouvement dans un champ de pesanteur uniforme | Satellites, Lois de Kepler;55 minutes;https://www.labolycee.org/sites/default/files/2022-03/2021-Polynesie-Sujet-ExoB-HommeLune-5pts.pdf;https://www.labolycee.org/sites/default/files/2025-03/2021-Polynesie-Correction-ExoB-HommeLune-5pts.pdf
Vol dune montgolfière;https://labolycee.org/vol-dune-montgolfiere;10 points;Tale Spécialité Physique Chimie | 2nde Loi Newton | Thermodynamique;1 heure 45 minutes;https://www.labolycee.org/sites/default/files/2022-04/2021-09-Metro-Sujet1-Exo1-Mongolfiere-MecaThermo-10pts.pdf;https://www.labolycee.org/sites/default/files/2025-06/2021-09-Metro-Sujet1-Exo1-Correction-Mongolfiere-MecaThermo-10pts_0.pdf
Détermination de la masse de la Lune;https://labolycee.org/determination-de-la-masse-de-la-lune;5 points;Tale Spécialité Physique Chimie | 2nde Loi Newton | Mouvement dans un champ de pesanteur uniforme;55 minutes;https://www.labolycee.org/sites/default/files/2024-04/2021-Liban-Sujet1-ExoB-Sujet-ScottChuteMLune-5pts.pdf;https://www.labolycee.org/sites/default/files/2024-05/2021-Liban-Sujet1-ExoB-Correction-ScottChuteMLune-5pts.pdf
Le jeu du cornhole;https://labolycee.org/le-jeu-du-cornhole;10 points;Tale Spécialité Physique Chimie | 2nde Loi Newton | Mouvement dans un champ de pesanteur uniforme | Python;1 heure 45 minutes;https://www.labolycee.org/sites/default/files/2021-06/2021-03-Metro-Sujet1-Exo1-Cornhole-10pts.pdf;https://www.labolycee.org/sites/default/files/2021-07/2021-03-Metro-Sujet1-Exo1-Cornhole-10pts-Correction.pdf
Performance dune voiture électrique au démarrage;https://labolycee.org/performance-dune-voiture-electrique-au-demarrage;3 points;Tale Spécialité Physique Chimie | 2nde Loi Newton;30 minutes;https://www.labolycee.org/sites/default/files/2022-01/2021-06-Metro-SI-Sujet1-ExoA-VoitureElec.pdf;https://www.labolycee.org/sites/default/files/2022-01/2021-06-Metro-SI-Sujet1-ExoA-VoitureElec-Correction.pdf
Un vol inaugural un peu particulier;https://labolycee.org/un-vol-inaugural-un-peu-particulier;11 points;Tale Spécialité Physique Chimie | 2nde Loi Newton | Satellites, Lois de Kepler | Thermodynamique;2 heures;https://www.labolycee.org/sites/default/files/2020-09/2020-Tle-SPE-Sujetzero-Exo3-Sujet-FlaconHeavy-11pts.pdf;https://www.labolycee.org/sites/default/files/2022-03/2020-Tle-SPE-Sujetzero-Exo3-Correction-FlaconHeavy-11pts.pdf
Le tweener-lob ou le coup entre les jambes;https://labolycee.org/le-tweener-lob-ou-le-coup-entre-les-jambes;5 points;Tale Spécialité Physique Chimie | Mouvement dans un champ de pesanteur uniforme;53 minutes;https://www.labolycee.org/sites/default/files/2024-08/2023-Reunion-J1-Exo2-Sujet-TweenerLob-5pts.pdf;https://www.labolycee.org/sites/default/files/2023-06/2023-Reunion-J1-Exo2-Correction-TweenerLob-5pts.pdf
Un saut stratosphérique;https://labolycee.org/un-saut-stratospherique;5 points;Tale Spécialité Physique Chimie | 2nde Loi Newton | Mouvement dans un champ de pesanteur uniforme;55 minutes;https://www.labolycee.org/sites/default/files/2021-06/2021-03-Metro-Sujet2-ExoA-Saut-5pts.pdf;https://www.labolycee.org/sites/default/files/2021-06/2021-03-Metro-Sujet2-ExoA-Saut-5pts-Correction.pdf
Un saut parfait;https://labolycee.org/un-saut-parfait;5 points;Tale Spécialité Physique Chimie | Mouvement dans un champ de pesanteur uniforme;1 heure;https://www.labolycee.org/sites/default/files/2024-03/2023-Asie-J2-Exo2-Sujet-SautSki-5-5pts.pdf;https://www.labolycee.org/sites/default/files/2026-02/2023-Asie-J2-Exo2-Correction-SautSki-5-5pts.pdf
Protection des crapauds;https://labolycee.org/protection-des-crapauds;5 points;Tale Spécialité Physique Chimie | Mouvement dans un champ de pesanteur uniforme;53 minutes;https://www.labolycee.org/sites/default/files/2024-08/2023-Metropole-J2-Exo2-Sujet-SautCrapauds-5pts.pdf;https://www.labolycee.org/sites/default/files/2023-03/2023-Metropole-J2-Exo2-Correction-SautCrapauds-5pts_0.pdf
Forces aérodynamiques sur un volant de badminton;https://labolycee.org/forces-aerodynamiques-sur-un-volant-de-badminton;10 points;Tale Spécialité Physique Chimie | Mouvement dans un champ de pesanteur uniforme;30 minutes;https://www.labolycee.org/sites/default/files/2024-08/2023-Metro-SI-J1-ExoA-Sujet-Badminton-10pts-30min.pdf;https://www.labolycee.org/sites/default/files/2023-03/2023-Metro-SI-J1-ExoA-Correction-Badminton-10pts-30min.pdf
Étude du vol dune balle de golf;https://labolycee.org/etude-du-vol-dune-balle-de-golf-0;10 points;Tale Spécialité Physique Chimie | Mouvement dans un champ de pesanteur uniforme;30 minutes;https://www.labolycee.org/sites/default/files/2024-08/2023-Polynesie-SI-ExoA-Sujet-VolGolf-10pts-30min.pdf;https://www.labolycee.org/sites/default/files/2023-03/2023-Polynesie-SI-Exo1-Correction-VolGolf-10pts-30min.pdf
Modélisation dun service au tennis;https://labolycee.org/modelisation-dun-service-au-tennis;5 points;Tale Spécialité Physique Chimie | Mouvement dans un champ de pesanteur uniforme;53 minutes;https://www.labolycee.org/sites/default/files/2024-09/2022-NelleCaledo-J2-ExoB-Sujet-Tennis-5pts.pdf;https://www.labolycee.org/sites/default/files/2023-03/2022-NelleCaledo-J2-ExoB-Correction-Tennis-5pts.pdf
Valoriser lénergie cinétique dune rame de métro;https://labolycee.org/valoriser-lenergie-cinetique-dune-rame-de-metro;10 points;Tale Spécialité Physique Chimie | Mouvement dans un champ de pesanteur uniforme | Satellites, Lois de Kepler;30 minutes;https://www.labolycee.org/sites/default/files/2024-09/2022-Metropole-SI-J2-ExoA-Sujet-Mouvement-VolantInertie.pdf;https://www.labolycee.org/sites/default/files/2022-06/2022-Metropole-SI-J2-ExoA-Correction-Mouvement-VolantInertie.pdf
La panenka;https://labolycee.org/la-panenka;10 points;Tale Spécialité Physique Chimie | Mouvement dans un champ de pesanteur uniforme;30 minutes;https://www.labolycee.org/sites/default/files/2024-08/2022-Metropole-SI-J1-ExoA-Sujet-Panenka.pdf;https://www.labolycee.org/sites/default/files/2022-05/2022-Metropole-SI-J1-ExoA-Correction-Panenka.pdf
Cesta punta;https://labolycee.org/cesta-punta;5 points;Tale Spécialité Physique Chimie | Mouvement dans un champ de pesanteur uniforme;53 minutes;https://www.labolycee.org/sites/default/files/2022-04/2021-09-Metro-ExoC-Sujet-CestaPunta-5pts.pdf;https://www.labolycee.org/sites/default/files/2022-04/2021-09-Metro-ExoC-Correction-CestaPunta-5pts.pdf
Correction de la trajectoire dun nanosatellite;https://labolycee.org/correction-de-la-trajectoire-dun-nanosatellite;10 points;Tale Spécialité Physique Chimie | Satellites, Lois de Kepler;30 minutes;https://www.labolycee.org/sites/default/files/2024-04/2023-CtresEtrangers1-J1-SI-Exo1-Sujet-Nanosatellite-30min-10pts.pdf;https://www.labolycee.org/sites/default/files/2023-03/2023-CtresEtrangers1-J1-SI-Exo1-Correction-Nanosatellite-30min-10pts.pdf
à la recherche dune autre Terre;https://labolycee.org/la-recherche-dune-autre-terre;6 points;Tale Spécialité Physique Chimie | Satellites, Lois de Kepler;1 heure 3 minutes;https://www.labolycee.org/sites/default/files/2024-12/2023-CtresEtrangers1-J1-Exo2-Sujet-Exoplanete-6pts.pdf;https://www.labolycee.org/sites/default/files/2023-03/2023-CtresEtrangers1-J1-Exo2-Correction-Exoplanete-6pts_0.pdf
Des satellites pour mieux connaître les océans;https://labolycee.org/des-satellites-pour-mieux-connaitre-les-oceans;10 points;Tale Spécialité Physique Chimie | Satellites, Lois de Kepler;30 minutes;https://www.labolycee.org/sites/default/files/2024-04/2022-NelleCaledo-SI-J1-Exo1-Sujet-SatelliteJason-10pts.pdf;https://www.labolycee.org/sites/default/files/2022-12/2022-NelleCaledo-SI-J1-Exo1-Correction-SatelliteJason-10pts.pdf
Vitesse de la station spatiale internationale;https://labolycee.org/vitesse-de-la-station-spatiale-internationale;5 points;Tale Spécialité Physique Chimie | Satellites, Lois de Kepler;53 minutes;https://www.labolycee.org/sites/default/files/2026-06/2022-09-Metro-J1-ExoB-Sujet-ISS-Chronophoto-5pts.pdf;https://www.labolycee.org/sites/default/files/2023-01/2022-09-Metro-J1-ExoB-Correction-ISS-Chronophoto-5pts.pdf
La trajectoire du satellite SOHO;https://labolycee.org/la-trajectoire-du-satellite-soho;10 points;Tale Spécialité Physique Chimie | Satellites, Lois de Kepler;30 minutes;https://www.labolycee.org/sites/default/files/2025-09/2022-09-SI-Metro-J2-ExoB-Sujet-SatelliteSOHO-10pts%20.pdf;https://www.labolycee.org/sites/default/files/2026-03/2022-09-SI-Metro-J2-ExoB-Correction-SatelliteSOHO-10pts.pdf
Mesure de la masse de Jupiter et du Soleil;https://labolycee.org/mesure-de-la-masse-de-jupiter-et-du-soleil;5 points;Tale Spécialité Physique Chimie | Satellites, Lois de Kepler;53 minutes;https://www.labolycee.org/sites/default/files/2024-08/2022-CentresEtrangers1-J2-ExoB-Sujet-MassesSoleilJupiter-5pts.pdf;https://www.labolycee.org/sites/default/files/2022-07/2022-CentresEtrangers1-J2-ExoB-Correction-MassesSoleilJupiter-5pts.pdf
La planète Mercure;https://labolycee.org/la-planete-mercure;5 points;Tale Spécialité Physique Chimie | Satellites, Lois de Kepler;53 minutes;https://www.labolycee.org/sites/default/files/2024-10/2022-Polynesie-J2-ExoB-Sujet-KeplerMercure-5pts.pdf;https://www.labolycee.org/sites/default/files/2022-11/2022-Polynesie-J2-ExoB-Correction-Mercure-5pts.pdf
Un tracteur gravitationnel pour dévier un astéroïde;https://labolycee.org/un-tracteur-gravitationnel-pour-devier-un-asteroide;5 points;Tale Spécialité Physique Chimie | Satellites, Lois de Kepler;53 minutes;https://www.labolycee.org/sites/default/files/2024-04/2022-Polynesie-J1-ExoA-Sujet-TracteurGravitationnel-5pts.pdf;https://www.labolycee.org/sites/default/files/2023-01/2022-Polynesie-J1-ExoA-Correction-TracteurGravitationnel-5pts_0.pdf
Parker Solar Probe;https://labolycee.org/parker-solar-probe;10 points;Tale Spécialité Physique Chimie | Python | Satellites, Lois de Kepler | Thermodynamique;1 heure 45 minutes;https://www.labolycee.org/sites/default/files/2022-03/2021-Asie-Sujet1-Exo1-SolarProbe-Satellite-Thermo-10pts.pdf;https://www.labolycee.org/sites/default/files/2022-03/2021-Asie-Sujet1-Exo1-Correction-SolarProbe-Satellite-Thermo-10pts.pdf
étude de la deuxième loi de Kepler;https://labolycee.org/etude-de-la-deuxieme-loi-de-kepler;3 points;Tale Spécialité Physique Chimie | Satellites, Lois de Kepler;30 minutes;https://www.labolycee.org/sites/default/files/2022-05/2021-06-Metro-SI-Sujet2-ExoA-Kepler.pdf;https://www.labolycee.org/sites/default/files/2022-05/2021-06-Metro-SI-Sujet2-ExoA-Correction-Kepler.pdf
En orbite autour de la Lune;https://labolycee.org/en-orbite-autour-de-la-lune;3 points;Tale Spécialité Physique Chimie | Satellites, Lois de Kepler;30 minutes;https://www.labolycee.org/sites/default/files/2022-05/2021-09-Metro-SI-ExoA-Sujet-OrbiteLune.pdf;https://www.labolycee.org/sites/default/files/2023-12/2021-09-Metro-SI-ExoA-Correction-OrbiteLune.pdf
Au plus près du Soleil et de sa couronne;https://labolycee.org/au-plus-pres-du-soleil-et-de-sa-couronne;5 points;Tale Spécialité Physique Chimie | Satellites, Lois de Kepler;53 minutes;https://www.labolycee.org/sites/default/files/2022-04/2021-09-Metro-ExoB-Sujet-Soleil-5pts.pdf;https://www.labolycee.org/sites/default/files/2022-04/2021-09-Metro-ExoB-Correction-Soleil-5pts.pdf
Missions sur la Lune;https://labolycee.org/missions-sur-la-lune;10 points;Tale Spécialité Physique Chimie | Mouvement dans un champ de pesanteur uniforme | Satellites, Lois de Kepler;1 heure 45 minutes;https://www.labolycee.org/sites/default/files/2025-01/2021-06-Metro-Exo1-Sujet-MissionsLune-10pts.pdf;https://www.labolycee.org/sites/default/files/2025-01/2021-06-Metro-Exo1-Correction-MissionsLune-10pts.pdf
Le déploiement des satellites Starlink;https://labolycee.org/le-deploiement-des-satellites-starlink;3 points;Tale Spécialité Physique Chimie | Satellites, Lois de Kepler;30 minutes;https://www.labolycee.org/sites/default/files/2021-06/2021-03-Metro-SI-Sujet2-ExoA-SatellitesStarlinK.pdf;https://www.labolycee.org/sites/default/files/2024-05/2021-03-Metro-SI-Sujet2-ExoA-SatellitesStarlinK-Correction.pdf
La mission GRACE-FO;https://labolycee.org/la-mission-grace-fo;10 points;Tale Spécialité Physique Chimie | Circuits RC | Interférences | Satellites, Lois de Kepler;1 heure 15 minutes;https://www.labolycee.org/sites/default/files/2025-09/2021-AmNord-Sujet2-Exo1-SatelliteGraceFo-10pts.pdf;https://www.labolycee.org/sites/default/files/2021-08/2021-AmNord-Sujet2-Exo1-SatelliteGraceFo-10pts-Correction.pdf
Embouteillages et collisions dans lespace;https://labolycee.org/embouteillages-et-collisions-dans-lespace;3 points;Tale Spécialité Physique Chimie | Satellites, Lois de Kepler;30 minutes;https://www.labolycee.org/sites/default/files/2021-06/2021-Sujet-Zero-SI-ExoB-Sujet-DebrisSpatiaux-30minutes.pdf;https://www.labolycee.org/sites/default/files/2021-06/2021-Sujet-Zero-SI-ExoB-CorrectionOfficielle-DebrisSpatiaux-30minutes.pdf
Chute dune bille dans un liquide visqueux;https://labolycee.org/chute-dune-bille-dans-un-liquide-visqueux;4 points;Bac S 2003-2012 | Tronc commun | Physique | Évolution temporelle des systèmes mécaniques | Chutes;52 minutes;https://www.labolycee.org/sites/default/files/exos/sujets/2009/2009-Pondichery-Exo3-Sujet-ChuteBille-4pts.pdf;https://www.labolycee.org/sites/default/files/exos/corriges/2009/2009-Pondichery-Exo3-Correction-ChuteBille-4pts.pdf
Frottements avec lair: quen dit la NASA?;https://labolycee.org/frottements-avec-lair-quen-dit-la-nasa;5 points;Bac S 2003-2012 | Tronc commun | Physique | Évolution temporelle des systèmes mécaniques | Chutes;1 heure 5 minutes;https://www.labolycee.org/sites/default/files/exos/sujets/2009/2009-Metropole-Exo2-Sujet.pdf;https://www.labolycee.org/sites/default/files/exos/corriges/2009/2009-Metropole-Exo2-Correction.pdf
Les lois de Newton;https://labolycee.org/les-lois-de-newton;5 points;Bac S 2003-2012 | Tronc commun | Physique | Évolution temporelle des systèmes mécaniques | Chutes;1 heure 5 minutes;https://www.labolycee.org/sites/default/files/exos/sujets/2008/2008-Asie-Exo3-Sujet-Lois-Newton-5-5pts.pdf;https://www.labolycee.org/sites/default/files/exos/corriges/2008/2008-Asie-Exo3-Correction-Lois-Newton-5-5pts.pdf
Détermination de la viscosité du glycérol;https://labolycee.org/determination-de-la-viscosite-du-glycerol;5 points;Bac S 2003-2012 | Tronc commun | Physique | Évolution temporelle des systèmes mécaniques | Chutes;1 heure 5 minutes;https://www.labolycee.org/sites/default/files/exos/sujets/2008/2008-AmNord-Exo2-Sujet-Viscosite-5pts.pdf;https://www.labolycee.org/sites/default/files/exos/corriges/2008/2008-AmNord-Exo2-Correction-Viscosite-5pts.pdf
Recherche dun modèle de force de frottement;https://labolycee.org/recherche-dun-modele-de-force-de-frottement;5 points;Bac S 2003-2012 | Tronc commun | Physique | Évolution temporelle des systèmes mécaniques | Chutes;1 heure 5 minutes;https://www.labolycee.org/sites/default/files/exos/sujets/2005/2005-Reunion-Sujet-Exo1-Ffrottement-5-5pts.pdf;https://www.labolycee.org/sites/default/files/exos/corriges/2005/2005-Reunion-Correction-Exo1-Ffrottement-5-5pts.pdf
Principe de fonctionnement dun bac à décantation à flux horizontal;https://labolycee.org/principe-de-fonctionnement-dun-bac-decantation-flux-horizontal;5 points;Bac S 2003-2012 | Tronc commun | Physique | Évolution temporelle des systèmes mécaniques | Chutes;1 heure 5 minutes;https://www.labolycee.org/sites/default/files/exos/sujets/2004/2004-Polynesie-Sujet-Exo2-BacDecantation-5-5pts.pdf;https://www.labolycee.org/sites/default/files/exos/corriges/2004/2004-Polynesie-correction-Exo2-ChuteFluide.pdf
Le grand saut: une chute libre?;https://labolycee.org/le-grand-saut-une-chute-libre;5 points;Bac S 2003-2012 | Tronc commun | Physique | Évolution temporelle des systèmes mécaniques | Chutes;1 heure 5 minutes;https://www.labolycee.org/sites/default/files/exos/sujets/2003/2003-AmSud-Sujet-Exo2-ChuteLibre-5-5pts.pdf;https://www.labolycee.org/sites/default/files/exos/corriges/2003/2003-Amsud-Correction-Exo2-GrandSaut-5-5pts.pdf
Etude thermique dun méthanier;https://labolycee.org/etude-thermique-dun-methanier;10 points;Tale Spécialité Physique Chimie | Thermodynamique;30 minutes;https://www.labolycee.org/sites/default/files/2025-09/2023-Metro-SI-J1-ExoB-Sujet-ThermiqueMethanier-10pts.pdf;https://www.labolycee.org/sites/default/files/2024-03/2023-Metro-SI-J1-ExoB-Correction-ThermiqueMethanier-10pts.pdf
Transfert thermique et gastronomie;https://labolycee.org/transfert-thermique-et-gastronomie;10 points;Tale Spécialité Physique Chimie | Thermodynamique;30 minutes;https://www.labolycee.org/sites/default/files/2025-09/2023-CtresEtrangers1-J2-SI-ExoA-Sujet-TruffadeThermo-30min-10pts.pdf;https://www.labolycee.org/sites/default/files/2023-03/2023-CtresEtrangers1-J2-SI-ExoA-Correction-TruffadeThermo-30min-10pts.pdf
Etude thermique dune construction;https://labolycee.org/etude-thermique-dune-construction;10 points;Tale Spécialité Physique Chimie | Thermodynamique;30 minutes;https://www.labolycee.org/sites/default/files/2023-03/2023-CtresEtrangers1-J1-SI-Exo2-Sujet-Thermique-30min-10pts.pdf;https://www.labolycee.org/sites/default/files/2023-03/2023-CtresEtrangers1-J1-SI-Exo2-Correction-Thermique-30min-10pts_0.pdf
Four à céramique;https://labolycee.org/four-ceramique;5 points;Tale Spécialité Physique Chimie | Thermodynamique;53 minutes;https://www.labolycee.org/sites/default/files/2023-03/2023-CtresEtrangers1-J1-Exo3-Sujet-FourCeramique-5pts_0.pdf;https://www.labolycee.org/sites/default/files/2024-04/2023-CtresEtrangers1-J1-Exo3-Correction-Four-5pts.pdf
Lintérêt énergétique dune PAC;https://labolycee.org/linteret-energetique-dune-pac;10 points;Tale Spécialité Physique Chimie | Thermodynamique;30 minutes;https://www.labolycee.org/sites/default/files/2023-02/2022-NelleCaledo-SI-J2-Exo3-Sujet-PAC-10pts.pdf;https://www.labolycee.org/sites/default/files/2023-02/2022-NelleCaledo-SI-J2-Exo3-Correction-PAC-10pts.pdf
La thalassothermie;https://labolycee.org/la-thalassothermie;10 points;Tale Spécialité Physique Chimie | Thermodynamique;30 minutes;https://www.labolycee.org/sites/default/files/2025-06/2022-NelleCaledo-SI-J1-Exo2-Sujet-Thalassothermie-10pts.pdf;https://www.labolycee.org/sites/default/files/2023-02/2022-NelleCaledo-SI-J1-Exo2-Correction-Thalassothermie-10pts_0.pdf
Solarisation dune piscine hors sol;https://labolycee.org/solarisation-dune-piscine-hors-sol;5 points;Tale Spécialité Physique Chimie | Thermodynamique;53 minutes;https://www.labolycee.org/sites/default/files/2023-02/2022-NelleCaledo-J2-ExoA-Sujet-Piscine-5pts.pdf;https://www.labolycee.org/sites/default/files/2023-02/2022-NelleCaledo-J2-ExoA-Correction-Piscine-5pts.pdf
Le spa gonflable;https://labolycee.org/le-spa-gonflable;10 points;Tale Spécialité Physique Chimie | Thermodynamique;30 minutes;https://www.labolycee.org/sites/default/files/2025-06/2022-09-SI-Metro-J1-ExoB-Sujet-SpaThermo-10pts.pdf;https://www.labolycee.org/sites/default/files/2024-03/2022-09-SI-Metro-J1-ExoB-Correction-SpaThermo-10pts.pdf
Protection des pompiers par leur manteau;https://labolycee.org/protection-des-pompiers-par-leur-manteau;10 points;Tale Spécialité Physique Chimie | Thermodynamique;30 minutes;https://www.labolycee.org/sites/default/files/2025-07/2022-09-SI-Metro-J2-ExoC-Sujet-ThermiquePompier-10pts.pdf;https://www.labolycee.org/sites/default/files/2022-12/2022-09-SI-Metro-J2-ExoC-Correction-ThermiquePompier-10pts_0.pdf
Etude dun système de refroidissement pour microprocesseur;https://labolycee.org/etude-dun-systeme-de-refroidissement-pour-microprocesseur;10 points;Tale Spécialité Physique Chimie | Thermodynamique;30 minutes;https://www.labolycee.org/sites/default/files/2025-06/2022-Metropole-SI-J2-ExoC-Sujet-Thermo-MicroProcesseur.pdf;https://www.labolycee.org/sites/default/files/2022-06/2022-Metropole-SI-J2-ExoC-Correction-Thermo-MicroProcesseur.pdf
Combien de temps un parapentiste peut-il rester en vol avant dêtre en danger dhypothermie ?;https://labolycee.org/combien-de-temps-un-parapentiste-peut-il-rester-en-vol-avant-detre-en-danger-dhypothermie;10 points;Tale Spécialité Physique Chimie | Thermodynamique;30 minutes;https://www.labolycee.org/sites/default/files/2022-06/2022-Polynesie-SI-J2-Exo2-Sujet-Thermo-Parapente.pdf;https://www.labolycee.org/sites/default/files/2022-06/2022-Polynesie-SI-J2-Exo2-Correction-Thermo-Parapente.pdf
Dispositif de chauffage par roto moulage solaire;https://labolycee.org/dispositif-de-chauffage-par-roto-moulage-solaire;10 points;Tale Spécialité Physique Chimie | Thermodynamique;30 minutes;https://www.labolycee.org/sites/default/files/2022-06/2022-Polynesie-SI-J1-Exo1-Sujet-RotomoulageSolaire.pdf;https://www.labolycee.org/sites/default/files/2022-07/2022-Polynesie-SI-J1-Exo1-Correction-RotomoulageSolaire.pdf
Eau chaude sanitaire;https://labolycee.org/eau-chaude-sanitaire;10 points;Tale Spécialité Physique Chimie | Thermodynamique;30 minutes;https://www.labolycee.org/sites/default/files/2025-06/2022-CentresEtrangers2-SI-J2-Exo2-Sujet-ChauffeEau-10pts_0.pdf;https://www.labolycee.org/sites/default/files/2022-07/2022-CentresEtrangers2-SI-J2-Exo2-Correction-ChauffeEau.pdf
Isolation thermique du rover Persévérance;https://labolycee.org/isolation-thermique-du-rover-perseverance;10 points;Tale Spécialité Physique Chimie | Thermodynamique;30 minutes;https://www.labolycee.org/sites/default/files/2025-06/2022-CentresEtrangers2-SI-J1-Exo3-Sujet-ThermoPerseverance-10pts.pdf;https://www.labolycee.org/sites/default/files/2022-07/2022-CentresEtrangers2-SI-J1-Exo3-Correction-ThermoPerseverance.pdf
Rafraîchir une boisson;https://labolycee.org/rafraichir-une-boisson;5 points;Tale Spécialité Physique Chimie | Thermodynamique;53 minutes;https://www.labolycee.org/sites/default/files/2024-08/2022-CentresEtrangers2-J1-ExoC-Sujet-RafraichirBoisson-5pts.pdf;https://www.labolycee.org/sites/default/files/2024-01/2022-CentresEtrangers2-J1-ExoC-Correction-RafraichirBoisson-5pts.pdf
Capacité thermique massique du cuivre;https://labolycee.org/capacite-thermique-massique-du-cuivre;5 points;Tale Spécialité Physique Chimie | Thermodynamique;53 minutes;https://www.labolycee.org/sites/default/files/2024-08/2022-CentresEtrangers1-J2-ExoC-Sujet-CmCu-Thermo-5pts.pdf;https://www.labolycee.org/sites/default/files/2022-06/2022-CentresEtrangers1-J2-ExoC-Correction-CmCu-Thermo-5pts_0.pdf
La fermentation lactique du yaourt;https://labolycee.org/la-fermentation-lactique-du-yaourt;10 points;Tale Spécialité Physique Chimie | Thermodynamique;30 minutes;https://www.labolycee.org/sites/default/files/2025-06/2022-Metropole-SI-J1-ExoB-Sujet-Fermentation-10pts.pdf;https://www.labolycee.org/sites/default/files/2022-06/2022-Metropole-SI-J1-ExoB-Correction-Fermentation-5pts.pdf
Capteurs solaires passifs, le mur Trombe-Michel;https://labolycee.org/capteurs-solaires-passifs-le-mur-trombe-michel;5 points;Tale Spécialité Physique Chimie | Thermodynamique;53 minutes;https://www.labolycee.org/sites/default/files/2025-05/2022-AmNord-J2-ExoC-Sujet-Thermo-Mur-5pts.pdf;https://www.labolycee.org/sites/default/files/2023-03/2022-AmNord-J2-ExoC-Correction-Thermo-Mur-5pts.pdf
Refroidissement dun fer à cheval;https://labolycee.org/refroidissement-dun-fer-cheval;5 points;Tale Spécialité Physique Chimie | Thermodynamique;53 minutes;https://www.labolycee.org/sites/default/files/2024-08/2022-Metropole-J1-ExoB-Sujet-FerAcheval-Thermo-5pts.pdf;https://www.labolycee.org/sites/default/files/2022-05/2022-Metropole-J1-ExoB-Correction-FerAcheval-Thermo-5pts_0.pdf
Caractère ondulatoire de la lumière;https://labolycee.org/caractere-ondulatoire-de-la-lumiere;4 points;Bac S 2003-2012 | Tronc commun | Physique | Propagation d'une onde - ondes progressives | Diffraction;52 minutes;https://www.labolycee.org/sites/default/files/exos/sujets/2009/2009-11-AmSud-Exo3-Sujet-Diffraction-Dispersion-4pts.pdf;https://www.labolycee.org/sites/default/files/exos/corriges/2009/2009-11-AmSud-Exo3-Correction-Diffraction-Dispersion-4pts.pdf
La lumière une onde;https://labolycee.org/la-lumiere-une-onde;4 points;Bac S 2003-2012 | Tronc commun | Physique | Propagation d'une onde - ondes progressives | Diffraction;52 minutes;https://www.labolycee.org/sites/default/files/exos/sujets/2003/2003-09-National-Sujet-SSCalc-LaLumiere-4pts.pdf;https://www.labolycee.org/sites/default/files/exos/corriges/2003/2003-09-National-Correction-SSCalc-LaLumiere-4pts.pdf
Lunette ou télescope;https://labolycee.org/lunette-ou-telescope;4 points;Bac S 2003-2012 | Specialite | Physique | Produire des images, observer | Lunette;52 minutes;https://www.labolycee.org/sites/default/files/exos/sujets/2003/2003-Amsud-Spe-Sujet-Exo1-Lunette-Telescope.pdf;https://www.labolycee.org/sites/default/files/exos/corriges/2003/2003-Amsud-Spe-Correction-Lunette-Telescope.pdf
Observer les cratères lunaires Messier;https://labolycee.org/observer-les-crateres-lunaires-messier;5 points;Tale Spécialité Physique Chimie | Lunette astronomique;55 minutes;https://www.labolycee.org/sites/default/files/2020-12/2021-Sujet-Zero-Exo4-LunetteCratere-5pts_0.pdf;https://www.labolycee.org/sites/default/files/2021-02/2021-Sujet-Zero-Exo4-Correction-LunetteCratere-5pts.pdf
Étude dun film de savon;https://labolycee.org/etude-dun-film-de-savon;5 points;Tale Spécialité Physique Chimie | Interférences;55 minutes;https://www.labolycee.org/sites/default/files/2024-09/2021-06-Metro-ExoC-Sujet2-FilmSavon-5pts.pdf;https://www.labolycee.org/sites/default/files/2021-10/2021-06-Metro-ExoC-Sujet2-FilmSavon-5pts-Correction.pdf
Un système de détection de passager;https://labolycee.org/un-systeme-de-detection-de-passager;5 points;Tale Spécialité Physique Chimie | Circuits RC;55 minutes;https://www.labolycee.org/sites/default/files/2021-06/2021-03-Metro-Sujet2-ExoB-CondensateurSiege-5pts.pdf;https://www.labolycee.org/sites/default/files/2021-06/2021-03-Metro-Sujet2-ExoB-Correction-CondensateurSiege-5pts.pdf
Un microaccéléromètre capacitif;https://labolycee.org/un-microaccelerometre-capacitif;5 points;Tale Spécialité Physique Chimie | Circuits RC;55 minutes;https://www.labolycee.org/sites/default/files/2021-03/2021-Sujet-Zero-Exo2-RC-Accelerometre-5pts.pdf;https://www.labolycee.org/sites/default/files/2021-03/2021-Sujet-Zero-Exo2-Correction-RC-Accelerometre-5pts.pdf
vol au-dessus des montagnes;https://labolycee.org/vol-au-dessus-des-montagnes;6 points;Bac S 2013-2020 | Physique | Temps, cinématique, dynamique newtonienne;1 heure;https://www.labolycee.org/sites/default/files/exos/sujets/2018/2018-AmSud-Exo1-Sujet-Tyrolienne-6pts.pdf;https://www.labolycee.org/sites/default/files/exos/corriges/2018/2018-AmSud-Exo1-Correction-Tyrolienne-6pts.pdf
Mission Apollo XIV;https://labolycee.org/mission-apollo-xiv;9 points;Bac S 2013-2020 | Physique | Temps, cinématique, dynamique newtonienne;1 heure 30 minutes;https://www.labolycee.org/sites/default/files/exos/sujets/2017/2017-CtresEtrangers-Exo1-Sujet-GolfLune-9pts.pdf;https://www.labolycee.org/sites/default/files/exos/corriges/2017/2017-CtresEtrangers-Exo1-Correction-GolfLune-9pts.pdf
Un étonnant ascenseur à bateaux : The Falkirk wheel;https://labolycee.org/un-etonnant-ascenseur-bateaux-falkirk-wheel;6 points;Bac S 2013-2020 | Physique | Temps, cinématique, dynamique newtonienne;1 heure;https://www.labolycee.org/sites/default/files/exos/sujets/2016/2016-AmSud-Exo1-Sujet-Ascenseur-6pts.pdf;https://www.labolycee.org/sites/default/files/exos/corriges/2016/2016-AmSud-Exo1-Correction-Ascenseur-6pts.pdf
Les tirs au but;https://labolycee.org/les-tirs-au;6 points;Bac S 2013-2020 | Physique | Temps, cinématique, dynamique newtonienne | Mouvement dans un champ de pesanteur uniforme;1 heure;https://www.labolycee.org/sites/default/files/exos/sujets/2015/2015-Antilles-Exo1-Sujet-Panenka-6pts.pdf;https://www.labolycee.org/sites/default/files/exos/corriges/2015/2015-Antilles-Exo1-Correction-Panenka-6pts.pdf
Les trois records de Félix Baumgartner;https://labolycee.org/les-trois-records-de-felix-baumgartner;6 points;Bac S 2013-2020 | Physique | Temps, cinématique, dynamique newtonienne | Mouvement dans un champ de pesanteur uniforme;1 heure;https://www.labolycee.org/sites/default/files/exos/sujets/2015/2015-Metropole-Exo1-Sujet-SautFelix-6-5pts.pdf;https://www.labolycee.org/sites/default/files/exos/corriges/2015/2015-Metropole-Exo1-Correction-SautFelix-6-5pts.pdf
Le saut de Félix Baumgartner;https://labolycee.org/le-saut-de-felix-baumgartner;5 points;Bac S 2013-2020 | Physique | Temps, cinématique, dynamique newtonienne | Mouvement dans un champ de pesanteur uniforme;50 minutes;https://www.labolycee.org/sites/default/files/exos/sujets/2015/2015-AmsSud-Exo1-Sujet-SautFelix-5pts.pdf;https://www.labolycee.org/sites/default/files/exos/corriges/2015/2015-AmsSud-Exo1-Correction-SautFelix-5pts.pdf
Des atomes froids pour mesurer le temps;https://labolycee.org/des-atomes-froids-pour-mesurer-le-temps;11 points;Bac S 2013-2020 | Physique | Temps, cinématique, dynamique newtonienne | Mouvement dans un champ de pesanteur uniforme;1 heure 50 minutes;https://www.labolycee.org/sites/default/files/exos/sujets/2015/2015-09-Metro-Exo2-Sujet-TempsAtomesFroids-11pts.pdf;https://www.labolycee.org/sites/default/files/exos/corriges/2015/2015-09-Metro-Exo2-Correction-TempsAtomesFroids-11pts.pdf
La nouvelle façon de se poser sur Mars;https://labolycee.org/la-nouvelle-facon-de-se-poser-sur-mars;6 points;Bac S 2013-2020 | Physique | Temps, cinématique, dynamique newtonienne | Mouvement dans un champ de pesanteur uniforme;1 heure;https://www.labolycee.org/sites/default/files/exos/sujets/2014/2014-CtresEtrangers-Exo2-Sujet-Mars-Meca-6pts.pdf;https://www.labolycee.org/sites/default/files/exos/corriges/2014/2014-CtresEtrangers-Exo2-Correction-Mars-Meca-6pts.pdf
Un peu de balistique;https://labolycee.org/un-peu-de-balistique;8 points;Bac S 2013-2020 | Physique | Temps, cinématique, dynamique newtonienne | Mouvement dans un champ de pesanteur uniforme;1 heure 20 minutes;https://www.labolycee.org/sites/default/files/exos/sujets/2014/2014-11-AmSud-Exo1-Sujet-Balistique-8pts.pdf;https://www.labolycee.org/sites/default/files/exos/corriges/2014/2014-11-AmSud-Exo1-Correction-Balistique-8pts.pdf
Granulométrie dune poudre;https://labolycee.org/granulometrie-dune-poudre;5 points;Bac S 2013-2020 | Physique | Ondes et matière;50 minutes;https://www.labolycee.org/sites/default/files/exos/sujets/2017/2017-09-Polynesie-Exo3-Sujet-Diffraction-5pts.pdf;https://www.labolycee.org/sites/default/files/exos/corriges/2017/2017-09-Polynesie-Exo3-Correction-Diffraction-5pts.pdf
La soie daraignée;https://labolycee.org/la-soie-daraignee;9 points;Bac S 2013-2020 | Chimie | Physique | Ondes et matière;1 heure 30 minutes;https://www.labolycee.org/sites/default/files/exos/sujets/2016/2016-Liban-Exo2-Sujet-Soie-9pts.pdf;https://www.labolycee.org/sites/default/files/exos/corriges/2016/2016-Liban-Exo2-Correction-Soie-9pts.pdf
La communication chez les baleines;https://labolycee.org/la-communication-chez-les-baleines;5 points;Bac S 2013-2020 | Physique | Ondes et matière;50 minutes;https://www.labolycee.org/sites/default/files/exos/sujets/2014/2014-11-NelleCaledo-Exo3-Sujet-Baleine-5pts.pdf;https://www.labolycee.org/sites/default/files/exos/corriges/2014/2014-11-NelleCaledo-Exo3-Correction-Baleine-5pts.pdf
Nettoyage en archéologie;https://labolycee.org/nettoyage-en-archeologie;7 points;Bac S 2013-2020 | Physique | Ondes et matière | Chimie;1 heure 10 minutes;https://www.labolycee.org/sites/default/files/exos/sujets/2014/2014-11-AmSud-Exo2-Sujet-Nettoyage-7pts.pdf;https://www.labolycee.org/sites/default/files/exos/corriges/2014/2014-11-AmSud-Exo2-Correction-Nettoyage-7pts.pdf
La télémétrie LASER;https://labolycee.org/la-telemetrie-laser;7 points;Bac S 2013-2020 | Physique | Ondes et matière;1 heure 10 minutes;https://www.labolycee.org/sites/default/files/exos/sujets/2013/2013-CtresEtrangers-Exo1-Sujet-TelemetrieLaser-7pts.pdf;https://www.labolycee.org/sites/default/files/exos/corriges/2013/2013-CtresEtrangers-Exo1-Correction-TelemetrieLaser-7pts.pdf
Guitare et physique;https://labolycee.org/guitare-et-physique;4 points;Bac S 2003-2012 | Specialite | Physique | Produire des sons, écouter | Instrument;52 minutes;https://www.labolycee.org/sites/default/files/exos/sujets/2004/2004-Pondichery-spe-Sujet-Exo3-guitare.pdf;https://www.labolycee.org/sites/default/files/exos/corriges/2004/2004-Pondichery-spe-correction-Exo3-guitare.pdf
Comment accorder une guitare;https://labolycee.org/comment-accorder-une-guitare;4 points;Bac S 2003-2012 | Specialite | Physique | Produire des sons, écouter | Instrument;52 minutes;https://www.labolycee.org/sites/default/files/exos/sujets/2004/2004-AmSud-Spe-Sujet-Exo1-Guitare.pdf;https://www.labolycee.org/sites/default/files/exos/corriges/2004/2004-AmSud-Spe-Correction-Exo1-Guitare.pdf
La physique et le violon;https://labolycee.org/la-physique-et-le-violon;4 points;Bac S 2003-2012 | Specialite | Physique | Produire des sons, écouter | Instrument;52 minutes;https://www.labolycee.org/sites/default/files/exos/sujets/2004/2004-11-NelleCaledonie-Spe-Sujet-Exo1-Violon-4pts.pdf;https://www.labolycee.org/sites/default/files/exos/corriges/2004/2004-11-NelleCaledonie-Spe-Correction-Exo1-Violon-4pts.pdf
Suivi spectrophotométrique;https://labolycee.org/suivi-spectrophotometrique;4 points;Bac S 2003-2012 | Tronc commun | Chimie | La transformation d'un système chimique est-elle toujours rapide ? | Spectrophotométrie;52 minutes;https://www.labolycee.org/sites/default/files/exos/sujets/2009/2009-Reunion-Exo3-Sujet-Cinetique-Spectro-4pts.pdf;https://www.labolycee.org/sites/default/files/exos/corriges/2009/2009-Reunion-Exo3-Correction-Cinetique-Spectro-4pts.pdf
Taux dalcoolémie;https://labolycee.org/taux-dalcoolemie;4 points;Bac S 2003-2012 | Tronc commun | Chimie | La transformation d'un système chimique est-elle toujours rapide ? | Spectrophotométrie;52 minutes;https://www.labolycee.org/sites/default/files/exos/sujets/2008/2008-Reunion-Exo3-Sujet-Alcoolemie-4pts.pdf;https://www.labolycee.org/sites/default/files/exos/corriges/2008/2008-Reunion-Exo3-Correction-Alcoolemie-4pts.pdf
Le bleu de bromothymol;https://labolycee.org/le-bleu-de-bromothymol;3 points;Bac S 2003-2012 | Tronc commun | Chimie | La transformation d'un système chimique est-elle toujours rapide ? | Spectrophotométrie | La transformation d'un système chimique est-elle toujours totale ? | Indicateurs;39 minutes;https://www.labolycee.org/sites/default/files/exos/sujets/2008/2008-09-Polynesie-Exo2-Sujet-BBT-3pts.pdf;https://www.labolycee.org/sites/default/files/exos/corriges/2008/2008-09-Polynesie-Exo2-Correction-BBT-3pts.pdf
Titrage avec une réaction lente;https://labolycee.org/titrage-avec-une-reaction-lente;6 points;Bac S 2003-2012 | Tronc commun | Chimie | La transformation d'un système chimique est-elle toujours rapide ? | Spectrophotométrie;1 heure 18 minutes;https://www.labolycee.org/sites/default/files/exos/sujets/2007/2007-09-Polynesie-Exo1-Sujet-TitrageSpectro-6-5pts.pdf;https://www.labolycee.org/sites/default/files/exos/corriges/2007/2007-09-Polynesie-Exo1-Correction-TitrageSpectro-6-5pts.pdf
Teneur en CO2 dun vin;https://labolycee.org/teneur-en-co2-dun-vin;3 points;Bac S 2003-2012 | Tronc commun | Chimie | La transformation d'un système chimique est-elle toujours rapide ? | Spectrophotométrie;39 minutes;https://www.labolycee.org/sites/default/files/exos/sujets/2006/2006-Liban-Exo2-Sujet-CO2Vin-3pts.pdf;https://www.labolycee.org/sites/default/files/exos/corriges/2006/2006-Liban-Exo2-Correction-CO2Vin-3pts.pdf
Deux antiseptiques;https://labolycee.org/deux-antiseptiques;6 points;Bac S 2003-2012 | Tronc commun | Chimie | La transformation d'un système chimique est-elle toujours rapide ? | Spectrophotométrie;1 heure 18 minutes;https://www.labolycee.org/sites/default/files/exos/sujets/2005/2005-11-NelleCaledonie-Sujet-Exo2-Antiseptique-6-5pts.pdf;https://www.labolycee.org/sites/default/files/exos/corriges/2005/2005-11-NelleCaledonie-Correction-Exo2-Antiseptique-6-5pts.pdf
Fermentation dans le vin;https://labolycee.org/fermentation-dans-le-vin;6 points;Bac S 2003-2012 | Tronc commun | Chimie | La transformation d'un système chimique est-elle toujours rapide ? | Spectrophotométrie;1 heure 18 minutes;https://www.labolycee.org/sites/default/files/exos/sujets/2005/2005-09-Polynesie-Sujet-Exo2-Fermentation-Vin-6-5pts.pdf;https://www.labolycee.org/sites/default/files/exos/corriges/2005/2005-09-Polynesie-Correction-Exo2-Vin-6-5pts.pdf
Etat final dun système chimique: étude par spectrophotométrie et titrage;https://labolycee.org/etat-final-dun-systeme-chimique-etude-par-spectrophotometrie-et-titrage;6 points;Bac S 2003-2012 | Tronc commun | Chimie | La transformation d'un système chimique est-elle toujours rapide ? | Spectrophotométrie;1 heure 18 minutes;https://www.labolycee.org/sites/default/files/exos/sujets/2004/2004-11-NelleCaledonie-Sujet-Exo2-spectro-titrage-6-5pts.pdf;https://www.labolycee.org/sites/default/files/exos/corriges/2004/2004-11-NelleCaledonie-Correction-Exo2-spectro-titrage-6-5pts.pdf
Choix dun matériau pour une mission sur Mars;https://labolycee.org/choix-dun-materiau-pour-une-mission-sur-mars;5 points;Bac S 2013-2020 | Spécialité | Matériaux;50 minutes;https://www.labolycee.org/sites/default/files/exos/sujets/2014/2014-Asie-Spe-Exo3-Sujet-Materiau-5pts.pdf;https://www.labolycee.org/sites/default/files/exos/corriges/2014/2014-Asie-Spe-Exo3-Correction-Materiau-5pts.pdf
Comment restaurer un canon ancien ?;https://labolycee.org/comment-restaurer-un-canon-ancien;5 points;Bac S 2013-2020 | Spécialité | Matériaux;50 minutes;https://www.labolycee.org/sites/default/files/exos/sujets/2014/2014-11-AmSud-Spe-Exo3-Sujet-CanonElectrolyse-5pts.pdf;https://www.labolycee.org/sites/default/files/exos/corriges/2014/2014-11-AmSud-Spe-Exo3-Correction-CanonElectrolyse-5pts.pdf
ça farte!;https://labolycee.org/ca-farte;5 points;Bac S 2013-2020 | Spécialité | Matériaux;50 minutes;https://www.labolycee.org/sites/default/files/exos/sujets/2013/2013-CtresEtrangers-Spe-Exo3-Sujet-Tribologie-5pts.pdf;https://www.labolycee.org/sites/default/files/exos/corriges/2013/2013-CtresEtrangers-Spe-Exo3-Correction-Tribologie-5pts.pdf
Comment protéger la coque dun bateau de la corrosion;https://labolycee.org/comment-proteger-la-coque-dun-bateau-de-la-corrosion;5 points;Bac S 2013-2020 | Spécialité | Matériaux;50 minutes;https://www.labolycee.org/sites/default/files/exos/sujets/2013/2013-Metro-Exo3-Spe-Sujet-Corrosion-5pts.pdf;https://www.labolycee.org/sites/default/files/exos/corriges/2013/2013-Metro-Exo3-Spe-Correction-Corrosion-5pts.pdf
Etude de la fabrication dun ponton en milieu marin;https://labolycee.org/etude-de-la-fabrication-dun-ponton-en-milieu-marin;5 points;Bac S 2013-2020 | Spécialité | Matériaux;50 minutes;https://www.labolycee.org/sites/default/files/exos/sujets/2013/2013-Asie-Spe-Exo3-Sujet-Corrosion-5pts.pdf;https://www.labolycee.org/sites/default/files/exos/corriges/2013/2013-Asie-Spe-Exo3-Correction-Corrosion-5pts.pdf
Utilisation dune installation couplant voiture à hydrogène et panneaux photovoltaïques;https://labolycee.org/utilisation-dune-installation-couplant-voiture-hydrogene-et-panneaux-photovoltaiques;5 points;Bac S 2013-2020 | Spécialité | Matériaux;50 minutes;https://www.labolycee.org/sites/default/files/exos/sujets/2013/2013-11-NelleCaledo-Spe-Exo3-Sujet-PileH2-PanneauxPhotovoltaiques-5pts.pdf;https://www.labolycee.org/sites/default/files/exos/corriges/2013/2013-11-NelleCaledo-Spe-Exo3-Correction-PileH2-PanneauxPhotovoltaiques-5pts.pdf
Autour des nanotubes de carbone;https://labolycee.org/autour-des-nanotubes-de-carbone;5 points;Bac S 2013-2020 | Spécialité | Matériaux;50 minutes;https://www.labolycee.org/sites/default/files/exos/sujets/2013/2014-03-NelleCaledo-Exo3-Spe-Sujet-Nanotubes-5pts.pdf;https://www.labolycee.org/sites/default/files/exos/corriges/2013/2014-03-NelleCaledo-Exo3-Spe-Correction-Nanotubes-5pts.pdf
Analyse dune eau minérale;https://labolycee.org/analyse-dune-eau-minerale;5 points;Bac S 2013-2020 | Spécialité | L'eau;50 minutes;https://www.labolycee.org/sites/default/files/exos/sujets/2015/2015-Polynesie-Spe-Exo3-Sujet-EauMineraleTAC.pdf;https://www.labolycee.org/sites/default/files/exos/corriges/2015/2015-Polynesie-Spe-Exo3-Correction-EauMineraleTAC.pdf
Dépollution des eaux;https://labolycee.org/depollution-des-eaux;5 points;Bac S 2013-2020 | Spécialité | L'eau;50 minutes;https://www.labolycee.org/sites/default/files/exos/sujets/2015/2015-CtresEtrangers-Spe-Exo3-Sujet-DepollutionEau.pdf;https://www.labolycee.org/sites/default/files/exos/corriges/2015/2015-CtresEtrangers-Spe-Exo3-Correction-DepollutionEau.pdf
Un aspect du réchauffement climatique;https://labolycee.org/un-aspect-du-rechauffement-climatique;5 points;Bac S 2013-2020 | Spécialité | L'eau;50 minutes;https://www.labolycee.org/sites/default/files/exos/sujets/2015/2015-Metropole-Spe-Exo3-Sujet-Climat.pdf;https://www.labolycee.org/sites/default/files/exos/corriges/2015/2015-Metropole-Spe-Exo3-Correction-Climat.pdf
Le lagunage;https://labolycee.org/le-lagunage;5 points;Bac S 2013-2020 | Spécialité | L'eau;50 minutes;https://www.labolycee.org/sites/default/files/exos/sujets/2015/2016-03-NelleCaledo-Exo3-Spe-Sujet-Lagunage-5pts.pdf;https://www.labolycee.org/sites/default/files/exos/corriges/2015/2016-03-NelleCaledo-Exo3-Spe-Correction-Lagunage-5pts.pdf
Tensioactifs et dureté de leau;https://labolycee.org/tensioactifs-et-durete-de-leau;5 points;Bac S 2013-2020 | Spécialité | L'eau;50 minutes;https://www.labolycee.org/sites/default/files/exos/sujets/2014/2014-Polynesie-Spe-Exo3-Sujet-Tensioactif-5pts.pdf;https://www.labolycee.org/sites/default/files/exos/corriges/2014/2014-Polynesie-Spe-Exo3-Correction-Tensioactif-5pts.pdf
Le lait de chèvre;https://labolycee.org/le-lait-de-chevre;5 points;Bac S 2013-2020 | Chimie;50 minutes;https://www.labolycee.org/sites/default/files/2019-10/2019-AmNord-Exo3-Sujet-LaitChevre-5pts.pdf;https://www.labolycee.org/sites/default/files/exos/corriges/2019/2019-AmNord-Exo3-Correction-LaitChevre-5pts.pdf
Mission Apollo;https://labolycee.org/mission-apollo;5 points;Bac S 2013-2020 | Spécialité | L'eau;50 minutes;https://www.labolycee.org/sites/default/files/exos/sujets/2014/2014-09-Antilles-Spe-Exo3-Sujet-Apollo.pdf;https://www.labolycee.org/sites/default/files/exos/corriges/2014/2014-09-Antilles-Spe-Exo3-Correction-Apollo.pdf
Un marqueur fluorescent, la fluorescéine;https://labolycee.org/un-marqueur-fluorescent-la-fluoresceine;10 points;Bac S 2013-2020 | Chimie;1 heure 40 minutes;https://www.labolycee.org/sites/default/files/exos/sujets/2019/2019-Liban-Exo1-Sujet-Fluoresceine-10pts.pdf;https://www.labolycee.org/sites/default/files/exos/corriges/2019/2019-Liban-Exo1-Correction-Fluoresceine-10pts.pdf
De la noix de muscade à la cosmétique;https://labolycee.org/de-la-noix-de-muscade-la-cosmetique;9 points;Bac S 2013-2020 | Chimie;1 heure 30 minutes;https://www.labolycee.org/sites/default/files/exos/sujets/2019/2019-Metro-Exo1-Sujet-Muscade-9pts.pdf;https://www.labolycee.org/sites/default/files/exos/corriges/2019/2019-Metro-Exo1-Correction-Muscade-9pts.pdf
Le manioc;https://labolycee.org/le-manioc;4 points;Bac S 2013-2020 | Chimie;40 minutes;https://www.labolycee.org/sites/default/files/exos/sujets/2018/2018-Liban-Exo2-Sujet-Manioc-4pts.pdf;https://www.labolycee.org/sites/default/files/exos/corriges/2018/2018-Liban-Exo2-Correction-Manioc-4pts.pdf
Lacide cinnamique;https://labolycee.org/lacide-cinnamique;5 points;Bac S 2013-2020 | Chimie;50 minutes;https://www.labolycee.org/sites/default/files/exos/sujets/2018/2018-Pondichery-Exo3-Sujet-AcideCinnamique-5pts.pdf;https://www.labolycee.org/sites/default/files/exos/corriges/2018/2018-Pondichery-Exo3-Correction-AcideCinnamique-5pts.pdf
Lhuile essentielle danis étoilé;https://labolycee.org/lhuile-essentielle-danis-etoile;9 points;Bac S 2013-2020 | Chimie;1 heure 30 minutes;https://www.labolycee.org/sites/default/files/exos/sujets/2018/2018-AmNord-Exo1-Sujet-HuileAnis-9pts.pdf;https://www.labolycee.org/sites/default/files/exos/corriges/2018/2018-AmNord-Exo1-Correction-HuileAnis-9pts.pdf
LUnivers aurait un goût de framboise et une odeur de rhum;https://labolycee.org/lunivers-aurait-un-gout-de-framboise-et-une-odeur-de-rhum;5 points;Bac S 2013-2020 | Chimie;50 minutes;https://www.labolycee.org/sites/default/files/exos/sujets/2018/2018-CtresEtrangers-Exo3-Sujet-ParfumUnivers-5pts.pdf;https://www.labolycee.org/sites/default/files/exos/corriges/2018/2018-CtresEtrangers-Exo3-Correction-ParfumUnivers-5pts.pdf
Lacide citrique au quotidien;https://labolycee.org/lacide-citrique-au-quotidien;9 points;Bac S 2013-2020 | Chimie;1 heure 30 minutes;https://www.labolycee.org/sites/default/files/exos/sujets/2018/2018-Asie-Exo1-Sujet-AcideCitrique-9pts.pdf;https://www.labolycee.org/sites/default/files/exos/corriges/2018/2018-Asie-Exo1-Correction-AcideCitrique-9pts.pdf
Vitamine C;https://labolycee.org/vitamine-c;4 points;Bac S 2013-2020 | Chimie;40 minutes;https://www.labolycee.org/sites/default/files/exos/sujets/2018/2018-Metro-Exo1-Sujet-VitamineC-4pts.pdf;https://www.labolycee.org/sites/default/files/exos/corriges/2018/2018-Metro-Exo1-Correction-VitamineC-4pts.pdf
Crème anesthésiante;https://labolycee.org/creme-anesthesiante;5 points;Bac S 2013-2020 | Chimie;50 minutes;https://www.labolycee.org/sites/default/files/exos/sujets/2018/2018-Metro-Exo3-Sujet-CremeAnesthesiante-5pts.pdf;https://www.labolycee.org/sites/default/files/exos/corriges/2018/2018-Metro-Exo3-Correction-CremeAnesthesiante-5pts.pdf
Analyse de la salinité de leau dun delta;https://labolycee.org/analyse-de-la-salinite-de-leau-dun-delta;5 points;Bac S 2013-2020 | Chimie;50 minutes;https://www.labolycee.org/sites/default/files/exos/sujets/2018/2018-Antilles-Exo3-Sujet-SaliniteDelta-5pts.pdf;https://www.labolycee.org/sites/default/files/exos/corriges/2018/2018-Antilles-Exo3-Correction-SaliniteDelta-5pts.pdf
Autour du salicylate de méthyle;https://labolycee.org/autour-du-salicylate-de-methyle;4 points;Bac S 2013-2020 | Chimie;40 minutes;https://www.labolycee.org/sites/default/files/exos/sujets/2018/2018-Antilles-Exo2-Sujet-Salicylate-4pts.pdf;https://www.labolycee.org/sites/default/files/exos/corriges/2018/2018-Antilles-Exo2-Correction-Salicylate-4pts.pdf
Un acide aminé au rôle majeur, la glutamine;https://labolycee.org/un-acide-amine-au-role-majeur-la-glutamine;5 points;Bac S 2013-2020 | Chimie;50 minutes;https://www.labolycee.org/sites/default/files/exos/sujets/2018/2018-Polynesie-Exo3-Sujet-Glutamine-5pts.pdf;https://www.labolycee.org/sites/default/files/exos/corriges/2018/2018-Polynesie-Exo3-Correction-Glutamine-5pts.pdf
Du vin au vinaigre;https://labolycee.org/du-vin-au-vinaigre;4 points;Bac S 2013-2020 | Chimie;40 minutes;https://www.labolycee.org/sites/default/files/exos/sujets/2018/2018-NelleCaledo-Exo1-Sujet-Vinaigre-4pts.pdf;https://www.labolycee.org/sites/default/files/exos/corriges/2018/2018-NelleCaledo-Exo1-Correction-Vinaigre-4pts.pdf
Des bonbons salés à la réglisse;https://labolycee.org/des-bonbons-sales-la-reglisse;5 points;Bac S 2013-2020 | Chimie;50 minutes;https://www.labolycee.org/sites/default/files/exos/sujets/2018/2018-09-Metropole-Exo3-Sujet-BonbonReglisse-5pts.pdf;https://www.labolycee.org/sites/default/files/exos/corriges/2018/2018-09-Metropole-Exo3-Correction-BonbonReglisse-5pts.pdf
Paracétamol;https://labolycee.org/paracetamol;9 points;Bac S 2013-2020 | Chimie;1 heure 30 minutes;https://www.labolycee.org/sites/default/files/exos/sujets/2018/2018-09-Antilles-Exo1-Sujet-Paracetamol-9pts.pdf;
Contrôle du dioxyde de carbone dans leau dun aquarium;https://labolycee.org/controle-du-dioxyde-de-carbone-dans-leau-dun-aquarium;5 points;Bac S 2013-2020 | Chimie;50 minutes;https://www.labolycee.org/sites/default/files/exos/sujets/2018/2018-NelleCaledo-Exo3-Sujet-AquariumCO2-5pts.pdf;https://www.labolycee.org/sites/default/files/exos/corriges/2018/2018-NelleCaledo-Exo3-Correction-AquariumCO2-5pts.pdf
Synthèse dun ester;https://labolycee.org/synthese-dun-ester;4 points;Bac S 2003-2012 | Tronc commun | Chimie | Comment le chimiste contrôle-t-il les transformations de la matière ? | Ester;52 minutes;https://www.labolycee.org/sites/default/files/exos/sujets/2007/2007-National-Exo3-Sujet-Ester-4points.pdf;https://www.labolycee.org/sites/default/files/2022-03/2007-National-Exo3-Correction-Ester-4points.pdf
Synthèse de larome abricot;https://labolycee.org/synthese-de-larome-abricot;2 points;Bac S 2003-2012 | Tronc commun | Chimie | Comment le chimiste contrôle-t-il les transformations de la matière ? | Ester;26 minutes;https://www.labolycee.org/sites/default/files/exos/sujets/2007/2007-09-Antilles-Exo2-Sujet-EsterAbricot-2-5pts.pdf;https://www.labolycee.org/sites/default/files/exos/corriges/2007/2007-09-Antilles-Exo2-Correction-EsterAbricot-2-5pts.pdf
De Marcellin Berthelot à Yves Chauvin;https://labolycee.org/de-marcellin-berthelot-yves-chauvin;4 points;Bac S 2003-2012 | Tronc commun | Chimie | Comment le chimiste contrôle-t-il les transformations de la matière ? | Ester;52 minutes;https://www.labolycee.org/sites/default/files/exos/sujets/2008/2008-09-Polynesie-Exo3-Sujet-Catalyse-Esterification-4pts.pdf;https://www.labolycee.org/sites/default/files/exos/corriges/2008/2008-09-Polynesie-Exo3-Correction-Esterification-4pts.pdf
Des esters dans nos cosmétiques;https://labolycee.org/des-esters-dans-nos-cosmetiques;6 points;Bac S 2003-2012 | Tronc commun | Chimie | Comment le chimiste contrôle-t-il les transformations de la matière ? | Ester;1 heure 18 minutes;https://www.labolycee.org/sites/default/files/exos/sujets/2007/2007-Asie-Exo1-Sujet-Ester-6-5pts.pdf;https://www.labolycee.org/sites/default/files/exos/corriges/2007/2007-Asie-Exo1-Correction-Cosmetique-6-5pts.pdf
Communication entre les insectes: les phéromones;https://labolycee.org/communication-entre-les-insectes-les-pheromones;3 points;Bac S 2003-2012 | Tronc commun | Chimie | Comment le chimiste contrôle-t-il les transformations de la matière ? | Ester;39 minutes;https://www.labolycee.org/sites/default/files/exos/sujets/2004/2004-USA-Sujet-Exo2-CommunicationInsectes-3pts.pdf;https://www.labolycee.org/sites/default/files/exos/corriges/2004/2004-USA-correction-Exo2-Pheromones-Esterification.pdf
Synthèse dun additif alimentaire à odeur de rhum;https://labolycee.org/synthese-dun-additif-alimentaire-odeur-de-rhum;4 points;Bac S 2003-2012 | Tronc commun | Chimie | Comment le chimiste contrôle-t-il les transformations de la matière ? | Ester;52 minutes;https://www.labolycee.org/sites/default/files/exos/sujets/2003/2003-Polynesie-Sujet-Exo3-Synthese-Rhum.pdf;https://www.labolycee.org/sites/default/files/exos/corriges/2003/2003-Polynesie-Correction-Exo3-Synthese-Rhum.pdf
Etude de lestérification;https://labolycee.org/etude-de-lesterification;4 points;Bac S 2003-2012 | Tronc commun | Chimie | Comment le chimiste contrôle-t-il les transformations de la matière ? | Ester;52 minutes;https://www.labolycee.org/sites/default/files/exos/sujets/2003/2003-Liban-Sujet-Exo3-Esterification-4pts.pdf;https://www.labolycee.org/sites/default/files/exos/corriges/2003/2003-Liban-Correction-Exo3-Esterification-4pts.pdf
Larôme de banane;https://labolycee.org/larome-de-banane;6 points;Bac S 2003-2012 | Tronc commun | Chimie | Comment le chimiste contrôle-t-il les transformations de la matière ? | Ester;1 heure 18 minutes;https://www.labolycee.org/sites/default/files/exos/sujets/2003/2003-09-National-Sujet-SSCalc-Exo2-AromeBanane-6-5pts.pdf;https://www.labolycee.org/sites/default/files/exos/corriges/2003/2003-09-National-Correction-Exo2-Banane-6-5pts.pdf
Latome dhydrogène;https://labolycee.org/latome-dhydrogene;4 points;Bac S 2003-2012 | Tronc commun | Physique | Évolution temporelle des systèmes mécaniques | Mecanique quantique;52 minutes;https://www.labolycee.org/sites/default/files/exos/sujets/2010/2010-09-Antilles-Exo3-Sujet-AtomeBohr-4pts.pdf;https://www.labolycee.org/sites/default/files/exos/corriges/2010/2010-09-Antilles-Exo3-Correction-AtomeBohr-4pts.pdf
Autour dun texte de Brahic;https://labolycee.org/autour-dun-texte-de-brahic;4 points;Bac S 2003-2012 | Tronc commun | Physique | Évolution temporelle des systèmes mécaniques | Mecanique quantique;52 minutes;https://www.labolycee.org/sites/default/files/exos/sujets/2009/2009-Afrique-Exo3-Sujet-Quantique-Brahic-4pts.pdf;https://www.labolycee.org/sites/default/files/exos/corriges/2009/2009-Afrique-Exo3-Correction-Quantique-Brahic-4pts.pdf
Détermination de la concentration en dioxyde de soufre de lair dune grande agglomération;https://labolycee.org/determination-de-la-concentration-en-dioxyde-de-soufre-de-lair-dune-grande-agglomeration;4 points;Bac S 2003-2012 | Tronc commun | Physique | Évolution temporelle des systèmes mécaniques | Mecanique quantique;52 minutes;https://www.labolycee.org/sites/default/files/exos/sujets/2007/2007-USA-Exo3-Sujet-Soufre-4pts.pdf;https://www.labolycee.org/sites/default/files/exos/corriges/2007/2007-USA-Exo3-Correction-MecaQSO2-4pts.pdf
Léchographie: comment ça marche?;https://labolycee.org/lechographie-comment-ca-marche;4 points;Bac S 2003-2012 | Tronc commun | Physique | Propagation d'une onde - ondes progressives | Son;52 minutes;https://www.labolycee.org/sites/default/files/exos/sujets/2009/2009-09-Metropole-Exo3-Sujet-Echographie-4pts.pdf;https://www.labolycee.org/sites/default/files/exos/corriges/2009/2009-09-Metropole-Exo3-Correction-Echographie-4pts.pdf
Ondes ultrasonores et deux applications;https://labolycee.org/ondes-ultrasonores-et-deux-applications;4 points;Bac S 2003-2012 | Tronc commun | Physique | Propagation d'une onde - ondes progressives | Son;52 minutes;https://www.labolycee.org/sites/default/files/exos/sujets/2007/2007-Asie-Exo3-Sujet-Ultrasons-4pts.pdf;https://www.labolycee.org/sites/default/files/exos/corriges/2007/2007-Asie-Exo3-Correction-US-4pts.pdf
Comment déterminer le relief du fond marin avec un sondeur;https://labolycee.org/comment-determiner-le-relief-du-fond-marin-avec-un-sondeur;5 points;Bac S 2003-2012 | Tronc commun | Physique | Propagation d'une onde - ondes progressives | Son;1 heure 5 minutes;https://www.labolycee.org/sites/default/files/exos/sujets/2007/2007-USA-Exo2-Sujet-OndeSonar-5-5pts.pdf;https://www.labolycee.org/sites/default/files/exos/corriges/2007/2007-USA-Exo2-Correction-OndeSonar-5-5pts.pdf
Les sons chez les dauphins;https://labolycee.org/les-sons-chez-les-dauphins;4 points;Bac S 2003-2012 | Tronc commun | Physique | Propagation d'une onde - ondes progressives | Son;52 minutes;https://www.labolycee.org/sites/default/files/exos/sujets/2005/2005-Liban-Sujet-Exo3-Sons-4pts.pdf;https://www.labolycee.org/sites/default/files/exos/corriges/2005/2005-Liban-Correction-Exo3-Sons-4pts.pdf
Le téléphone pot de yaourt;https://labolycee.org/le-telephone-pot-de-yaourt;5 points;Bac S 2003-2012 | Tronc commun | Physique | Propagation d'une onde - ondes progressives | Son;1 heure 5 minutes;https://www.labolycee.org/sites/default/files/exos/sujets/2005/2005-USA-Sujet-Exo2-Ondes-5pts.pdf;https://www.labolycee.org/sites/default/files/exos/corriges/2005/2005-USA-Correction-Exo2-Ondes-5pts.pdf
Un jour dorage;https://labolycee.org/un-jour-dorage;4 points;Bac S 2003-2012 | Tronc commun | Physique | Propagation d'une onde - ondes progressives;52 minutes;https://www.labolycee.org/sites/default/files/exos/sujets/2008/2008-11-NelleCaledo-Exo3-Sujet-Orage-4-pts.pdf;https://www.labolycee.org/sites/default/files/exos/corriges/2008/2008-11-NelleCaledo-Exo3-Correction-Orage-4-pts.pdf
Un titre de transport intelligent;https://labolycee.org/un-titre-de-transport-intelligent;5 points;Bac S 2003-2012 | Tronc commun | Physique | Évolution temporelle des systèmes électriques | Propagation d'une onde - ondes progressives;1 heure 5 minutes;https://www.labolycee.org/sites/default/files/exos/sujets/2009/2009-03-NelleCaledo-Exo2-Sujet-RFID-5-5pts.pdf;https://www.labolycee.org/sites/default/files/exos/corriges/2009/2009-03-NelleCaledo-Exo2-Correction-RFID-5-5pts.pdf
Cinétique chimique et lumière;https://labolycee.org/cinetique-chimique-et-lumiere;7 points;Bac S 2003-2012 | Tronc commun | Chimie | La transformation d'un système chimique est-elle toujours rapide ? | Physique | Évolution temporelle des systèmes mécaniques | Propagation d'une onde - ondes progressives;1 heure 31 minutes;https://www.labolycee.org/sites/default/files/exos/sujets/2007/2007-AmSud-Exo2-Sujet-Cinetique-Lumiere-7pts.pdf;https://www.labolycee.org/sites/default/files/exos/corriges/2007/2007-AmSud-Exo2-Correction-Cinetique-Lumiere-7pts.pdf
Lampe à vapeur de sodium;https://labolycee.org/lampe-vapeur-de-sodium;5 points;Bac S 2003-2012 | Tronc commun | Physique | Évolution temporelle des systèmes mécaniques | Propagation d'une onde - ondes progressives;1 heure 5 minutes;https://www.labolycee.org/sites/default/files/exos/sujets/2007/2007-09-Polynesie-Exo2-Sujet-LampeNa-5-5pts.pdf;https://www.labolycee.org/sites/default/files/exos/corriges/2007/2007-09-Polynesie-Exo2-Correction-LampeNa-5-5pts.pdf
Le dioxyde de carbone atmosphérique;https://labolycee.org/le-dioxyde-de-carbone-atmospherique;9 points;Bac S 2003-2012 | Tronc commun | Physique | Évolution temporelle des systèmes mécaniques | Propagation d'une onde - ondes progressives | Transformations nucléaires;1 heure 57 minutes;https://www.labolycee.org/sites/default/files/exos/sujets/2007/2007-09-Antilles-Exo1-Sujet-CO2_atmosph-9-5pts.pdf;https://www.labolycee.org/sites/default/files/exos/corriges/2007/2007-09-Antilles-Exo1-Correction-CO2_atmosph-9-5pts.pdf
Découvertes liées à des éclipses de Soleil;https://labolycee.org/decouvertes-liees-des-eclipses-de-soleil;5 points;Bac S 2003-2012 | Tronc commun | Physique | Évolution temporelle des systèmes mécaniques | Propagation d'une onde - ondes progressives;1 heure 5 minutes;https://www.labolycee.org/sites/default/files/2019-09/2007-National-Exo2-Sujet-Ondes-5pts.pdf;https://www.labolycee.org/sites/default/files/exos/corriges/2007/2007-National-Exo2-Correction-Ondes-5pts.pdf
Où il est question de la lumière;https://labolycee.org/ou-il-est-question-de-la-lumiere;6 points;Bac S 2003-2012 | Tronc commun | Chimie | La transformation d'un système chimique est-elle toujours rapide ? | Physique | Propagation d'une onde - ondes progressives;1 heure 18 minutes;https://www.labolycee.org/sites/default/files/exos/sujets/2006/2006-Polynesie-Exo2-Sujet-lumiere-6pts.pdf;https://www.labolycee.org/sites/default/files/exos/corriges/2006/2006-Polynesie-Exo2-Correction-Lumiere-6pts.pdf
A propos de lumière;https://labolycee.org/propos-de-lumiere;4 points;Bac S 2003-2012 | Tronc commun | Physique | Évolution temporelle des systèmes mécaniques | Propagation d'une onde - ondes progressives;52 minutes;https://www.labolycee.org/sites/default/files/exos/sujets/2006/2006-Antilles-Exo3-Sujet-Lumiere.pdf;https://www.labolycee.org/sites/default/files/exos/corriges/2006/2006-Antilles-Exo3-Correction-Lumiere.pdf
Céramique et ultrasons;https://labolycee.org/ceramique-et-ultrasons;4 points;Bac S 2003-2012 | Tronc commun | Physique | Évolution temporelle des systèmes électriques | Propagation d'une onde - ondes progressives;52 minutes;https://www.labolycee.org/sites/default/files/exos/sujets/2006/2006-National-Exo3-Sujet-US-4pts.pdf;https://www.labolycee.org/sites/default/files/exos/corriges/2006/2006-National-Exo3-Correction-US-4pts.pdf
La houle;https://labolycee.org/la-houle-0;4 points;Bac S 2003-2012 | Tronc commun | Physique | Propagation d'une onde - ondes progressives;52 minutes;https://www.labolycee.org/sites/default/files/exos/sujets/2006/2006-Afrique-Exo3-Sujet-houle-4pts.pdf;https://www.labolycee.org/sites/default/files/exos/corriges/2006/2006-Afrique-Exo3-Correction-Houle-4pts.pdf
Etude de quelques énergies renouvelables;https://labolycee.org/etude-de-quelques-energies-renouvelables;4 points;Bac S 2003-2012 | Tronc commun | Physique | Évolution temporelle des systèmes mécaniques | Propagation d'une onde - ondes progressives;52 minutes;https://www.labolycee.org/sites/default/files/exos/sujets/2006/2006-09-Polynesie-Exo3-Sujet-Energies-4pts.pdf;https://www.labolycee.org/sites/default/files/exos/corriges/2006/2006-09-Polynesie-Exo3-Correction-Energies-4pts.pdf
Un séisme dans le Jura;https://labolycee.org/un-seisme-dans-le-jura;5 points;Bac S 2003-2012 | Tronc commun | Physique | Évolution temporelle des systèmes mécaniques | Propagation d'une onde - ondes progressives;1 heure 5 minutes;https://www.labolycee.org/sites/default/files/exos/sujets/2006/2006-11-NelleCaledonie-Exo1-Sujet-Seisme-5-5pts.pdf;https://www.labolycee.org/sites/default/files/exos/corriges/2006/2006-11-NelleCaledonie-Exo1-Correction-Seisme-5-5pts.pdf
Propagation dune onde;https://labolycee.org/propagation-dune-onde;4 points;Bac S 2003-2012 | Tronc commun | Physique | Propagation d'une onde - ondes progressives;52 minutes;https://www.labolycee.org/sites/default/files/exos/sujets/2006/2006-Reunion-Exo3-Sujet-Ondes-4pts.pdf;https://www.labolycee.org/sites/default/files/exos/corriges/2006/2006-Reunion-Exo3-Correction-Ondes-4pts.pdf
Le chien, la poule et le pigeon;https://labolycee.org/le-chien-la-poule-et-le-pigeon;4 points;Bac S 2003-2012 | Tronc commun | Physique | Évolution temporelle des systèmes mécaniques | Propagation d'une onde - ondes progressives;52 minutes;https://www.labolycee.org/sites/default/files/exos/sujets/2007/2007-03-NelleCaledonie-Exo3-Sujet-OndesMeca-4pts.pdf;https://www.labolycee.org/sites/default/files/exos/corriges/2007/2007-03-NelleCaledonie-Exo3-Correction-OndesMeca-4pts.pdf
Evolution temporelle des systèmes physiques et chimiques;https://labolycee.org/evolution-temporelle-des-systemes-physiques-et-chimiques;7 points;Bac S 2003-2012 | Tronc commun | Chimie | La transformation d'un système chimique est-elle toujours rapide ? | Physique | Évolution temporelle des systèmes électriques | Propagation d'une onde - ondes progressives | Transformations nucléaires;1 heure 31 minutes;https://www.labolycee.org/sites/default/files/exos/sujets/2006/2006-AmSud-Exo3-Sujet-EvolTemp-7pts.pdf;https://www.labolycee.org/sites/default/files/exos/corriges/2006/2006-AmSud-Exo3-Correction-EvolTemp-7pts.pdf
Parlons CD;https://labolycee.org/parlons-cd;4 points;Bac S 2003-2012 | Tronc commun | Chimie | Le sens spontané d'évolution d'un système est-il prévisible ? Peut-il être inversé ? | Physique | Évolution temporelle des systèmes mécaniques | Propagation d'une onde - ondes progressives;52 minutes;https://www.labolycee.org/sites/default/files/exos/sujets/2005/2005-Polynesie-Sujet-Exo2-CD-4-5pts.pdf;https://www.labolycee.org/sites/default/files/exos/corriges/2005/2005-Polynesie-Correction-Exo2-CD-4-5pts.pdf
Système dallumage classique dans un moteur à essence;https://labolycee.org/systeme-dallumage-classique-dans-un-moteur-essence;5 points;Bac S 2003-2012 | Tronc commun | Physique | Évolution temporelle des systèmes électriques | Oscillations;1 heure 5 minutes;https://www.labolycee.org/sites/default/files/exos/sujets/2007/2007-09-National-Exo2-Sujet-Allumage-5-5pts.pdf;https://www.labolycee.org/sites/default/files/exos/corriges/2007/2007-09-National-Exo2-Correction-Allumage-5-5pts.pdf
Filtre pour enceinte;https://labolycee.org/filtre-pour-enceinte;4 points;Bac S 2003-2012 | Tronc commun | Physique | Évolution temporelle des systèmes électriques | Oscillations;52 minutes;https://www.labolycee.org/sites/default/files/exos/sujets/2007/2007-Liban-Exo3-Sujet-RC-RL-4pts.pdf;https://www.labolycee.org/sites/default/files/exos/corriges/2007/2007-Liban-Exo3-Correction-RC-RL-4pts.pdf
Evolution énergétique dun circuit RLC série;https://labolycee.org/evolution-energetique-dun-circuit-rlc-serie;4 points;Bac S 2003-2012 | Tronc commun | Physique | Évolution temporelle des systèmes électriques | Oscillations;52 minutes;https://www.labolycee.org/sites/default/files/exos/sujets/2006/2006-11-NelleCaledonie-Sujet-Exo3-RLC-4pts.pdf;https://www.labolycee.org/sites/default/files/exos/corriges/2006/2006-11-NelleCaledonie-Exo3-Correction-RLC-4pts.pdf
Le piège photo;https://labolycee.org/le-piege-photo;5 points;Bac S 2003-2012 | Tronc commun | Physique | Évolution temporelle des systèmes électriques | Oscillations;1 heure 5 minutes;https://www.labolycee.org/sites/default/files/exos/sujets/2006/2006-USA-Exo1-Sujet-Elec-5pts.pdf;https://www.labolycee.org/sites/default/files/exos/corriges/2006/2006-USA-Exo1-Correction-Elec-5pts.pdf
Oscillateur électrique;https://labolycee.org/oscillateur-electrique;5 points;Bac S 2003-2012 | Tronc commun | Physique | Évolution temporelle des systèmes électriques | Oscillations;1 heure 5 minutes;https://www.labolycee.org/sites/default/files/exos/sujets/2005/2005-Liban-Sujet-Exo2-OscillElec-5pts.pdf;https://www.labolycee.org/sites/default/files/exos/corriges/2005/2005-Liban-Correction-Exo2-OscillElec-5pts.pdf
Réalisation artisanale dun diapason électronique;https://labolycee.org/realisation-artisanale-dun-diapason-electronique;4 points;Bac S 2003-2012 | Tronc commun | Physique | Évolution temporelle des systèmes électriques | Oscillations;52 minutes;https://www.labolycee.org/sites/default/files/exos/sujets/2004/2004-09-Antilles-Sujet-Exo3-RLC-4pts.pdf;https://www.labolycee.org/sites/default/files/exos/corriges/2004/2004-09-Antilles-Correction-Exo3-Diapason-4pts.pdf
Dipôle RLC;https://labolycee.org/dipole-rlc;4 points;Bac S 2003-2012 | Tronc commun | Physique | Évolution temporelle des systèmes électriques | Oscillations;52 minutes;https://www.labolycee.org/sites/default/files/exos/sujets/2003/2003-USA-Sujet-Exo3-DipoLeRLC-4pts.pdf;https://www.labolycee.org/sites/default/files/exos/corriges/2003/2003-USA-Correction-Exo3-DipoLeRLC-4pts.pdf
Les oscillations dans le haut-parleur;https://labolycee.org/les-oscillations-dans-le-haut-parleur;4 points;Bac S 2003-2012 | Tronc commun | Physique | Évolution temporelle des systèmes mécaniques | Oscillateurs;52 minutes;https://www.labolycee.org/sites/default/files/exos/sujets/2011/2011-03-NelleCaledo-Exo3-Sujet-HPOscillations-4pts.pdf;https://www.labolycee.org/sites/default/files/exos/corriges/2011/2011-03-NelleCaledo-Exo3-Correction-HPOscillations-4pts.pdf
Loscillateur élastique horizontal;https://labolycee.org/loscillateur-elastique-horizontal;4 points;Bac S 2003-2012 | Tronc commun | Physique | Évolution temporelle des systèmes mécaniques | Oscillateurs;52 minutes;https://www.labolycee.org/sites/default/files/exos/sujets/2009/2009-Liban-Exo3-Sujet-Oscillateur-4pts.pdf;https://www.labolycee.org/sites/default/files/exos/corriges/2009/2009-Liban-Exo3-Correction-Oscillateur-4pts.pdf
étude dun oscillateur mécanique;https://labolycee.org/etude-dun-oscillateur-mecanique;5 points;Bac S 2003-2012 | Tronc commun | Physique | Évolution temporelle des systèmes mécaniques | Oscillateurs;1 heure 5 minutes;https://www.labolycee.org/sites/default/files/exos/sujets/2009/2009-Reunion-Exo1-Sujet-OscillateurHorizontal-5pts.pdf;https://www.labolycee.org/sites/default/files/exos/corriges/2009/2009-Reunion-Exo1-Correction-OscillateurHorizontal-5pts.pdf
Pendule élastique;https://labolycee.org/pendule-elastique;4 points;Bac S 2003-2012 | Tronc commun | Physique | Évolution temporelle des systèmes mécaniques | Oscillateurs;52 minutes;https://www.labolycee.org/sites/default/files/exos/sujets/2008/2008-Reunion-Exo2-Sujet-Pendule-Elastique-4pts.pdf;https://www.labolycee.org/sites/default/files/exos/corriges/2008/2008-Reunion-Exo2-Correction-Pendule-Elastique-4pts.pdf
étude dun système solide-ressort;https://labolycee.org/etude-dun-systeme-solide-ressort;5 points;Bac S 2003-2012 | Tronc commun | Physique | Évolution temporelle des systèmes mécaniques | Oscillateurs;1 heure 5 minutes;https://www.labolycee.org/sites/default/files/exos/sujets/2007/2007-Asie-Exo2-Sujet-SolideRessort-5pts.pdf;https://www.labolycee.org/sites/default/files/exos/corriges/2007/2007-Asie-Exo2-Correction-SolideRessort-5.5pts.pdf
Les oscillateurs mécaniques;https://labolycee.org/les-oscillateurs-mecaniques;5 points;Bac S 2003-2012 | Tronc commun | Physique | Évolution temporelle des systèmes mécaniques | Oscillateurs;1 heure 5 minutes;https://www.labolycee.org/sites/default/files/exos/sujets/2005/2005-AmSud-Sujet-Exo2-Oscill-Meca-5-5pts.pdf;https://www.labolycee.org/sites/default/files/exos/corriges/2005/2005-AmSud-Correction-Exo2-Oscill-Meca-5-5pts.pdf
Energies dun système solide-ressort;https://labolycee.org/energies-dun-systeme-solide-ressort;4 points;Bac S 2003-2012 | Tronc commun | Physique | Évolution temporelle des systèmes mécaniques | Oscillateurs;52 minutes;https://www.labolycee.org/sites/default/files/exos/sujets/2004/2004-Asie-Sujet-Exo3-Solide-ressort-4pts.pdf;https://www.labolycee.org/sites/default/files/exos/corriges/2004/2004-Asie-Correction-Exo3-Solide-ressort.pdf
Etude dun oscillateur;https://labolycee.org/etude-dun-oscillateur;5 points;Bac S 2003-2012 | Tronc commun | Physique | Évolution temporelle des systèmes mécaniques | Oscillateurs;1 heure 5 minutes;https://www.labolycee.org/sites/default/files/exos/sujets/2005/2005-09-Polynesie-Sujet-Exo1-Oscillateur-5-5pts.pdf;https://www.labolycee.org/sites/default/files/exos/corriges/2005/2005-09-Polynesie-Correction-Exo1-Oscillateur-5-5pts.pdf
Oscillateur solide - ressort;https://labolycee.org/oscillateur-solide-ressort;5 points;Bac S 2003-2012 | Tronc commun | Physique | Évolution temporelle des systèmes mécaniques | Oscillateurs;1 heure 5 minutes;https://www.labolycee.org/sites/default/files/exos/sujets/2005/2005-03-NelleCaledonie-Sujet-Exo3-OscillateurMeca-5-5pts.pdf;https://www.labolycee.org/sites/default/files/exos/corriges/2005/2005-03-NelleCaledonie-Correction-Exo3-OscillateurMeca-5-5.pdf
Oscillations libres et forcées;https://labolycee.org/oscillations-libres-et-forcees;5 points;Bac S 2003-2012 | Tronc commun | Physique | Évolution temporelle des systèmes mécaniques | Oscillateurs;1 heure 5 minutes;https://www.labolycee.org/sites/default/files/exos/sujets/2003/2003-Reunion-Sujet-Exo1-OscillationsLibresForcees-5-5pts.pdf;https://www.labolycee.org/sites/default/files/exos/corriges/2003/2003-Reunion-Correction-Exo1-OscillationsLibresForcees-5-5pts.pdf
Pendule simple et énergie;https://labolycee.org/pendule-simple-et-energie;4 points;Bac S 2003-2012 | Tronc commun | Physique | Évolution temporelle des systèmes mécaniques | Oscillateurs;52 minutes;https://www.labolycee.org/sites/default/files/exos/sujets/2002/2002-AmSud-Sujet-E-Pendule.pdf;https://www.labolycee.org/sites/default/files/exos/corriges/2002/2002-AmSud-Correction-E-Pendule.pdf
Production dénergie nucléaire;https://labolycee.org/production-denergie-nucleaire;4 points;Bac S 2003-2012 | Tronc commun | Physique | Transformations nucléaires | Fusion;52 minutes;https://www.labolycee.org/sites/default/files/exos/sujets/2006/2006-USA-Exo3-Sujet-Nucleaire-4pts.pdf;https://www.labolycee.org/sites/default/files/exos/corriges/2006/2006-USA-Exo3-Correction-Nucleaire-4pts.pdf
Fusion deutérium tritium;https://labolycee.org/fusion-deuterium-tritium;4 points;Bac S 2003-2012 | Tronc commun | Physique | Transformations nucléaires | Fusion;52 minutes;https://www.labolycee.org/sites/default/files/exos/sujets/2006/2006-Pondichery-Exo3-Sujet-Fusion-4pts.pdf;https://www.labolycee.org/sites/default/files/exos/corriges/2006/2006-Pondichery-Exo3-Correction-fusion.pdf
Nucléosynthèse des éléments chimiques;https://labolycee.org/nucleosynthese-des-elements-chimiques;4 points;Bac S 2003-2012 | Tronc commun | Physique | Transformations nucléaires | Fusion;52 minutes;https://www.labolycee.org/sites/default/files/exos/sujets/2006/2006-09-National-Exo3-Sujet-Nucleosynthese-4pts.pdf;https://www.labolycee.org/sites/default/files/exos/corriges/2006/2006-09-National-Exo3-Correction-Nucleosynthese-4pts.pdf
Du Big Bang aux éléments chimiques;https://labolycee.org/du-big-bang-aux-elements-chimiques;6 points;Bac S 2003-2012 | Tronc commun | Physique | Transformations nucléaires | Fusion;1 heure 18 minutes;https://www.labolycee.org/sites/default/files/exos/sujets/2004/2004-AmSud-Sujet-Exo2-BigBang-6pts.pdf;https://www.labolycee.org/sites/default/files/exos/corriges/2004/2004-AmSud-Correction-Exo2-BigBang.pdf
Radioactivité dans la famille de luranium;https://labolycee.org/radioactivite-dans-la-famille-de-luranium;5 points;Bac S 2003-2012 | Tronc commun | Physique | Transformations nucléaires | Fusion;1 heure 5 minutes;https://www.labolycee.org/sites/default/files/exos/sujets/2003/2003-Antilles-Sujet-Exo2-FamilleUranium-5-5pts.pdf;https://www.labolycee.org/sites/default/files/exos/corriges/2003/2003-Antilles-Correction-Exo2-FamilleUranium-5-5pts.pdf
Mécanisme de fusion de lhydrogène dans une étoile;https://labolycee.org/mecanisme-de-fusion-de-lhydrogene-dans-une-etoile;4 points;Bac S 2003-2012 | Tronc commun | Physique | Transformations nucléaires | Fusion;52 minutes;https://www.labolycee.org/sites/default/files/exos/sujets/2003/2003-Reunion-Sujet-SSCALC-Exo3-FusionEtoile-4pts.pdf;https://www.labolycee.org/sites/default/files/exos/corriges/2003/2003-Reunion-Correction-SSCALC-Exo3-FusionEtoile-4pts.pdf
Alimentation simplifiée dun injecteur dautomobile;https://labolycee.org/alimentation-simplifiee-dun-injecteur-dautomobile;4 points;Bac S 2003-2012 | Tronc commun | Physique | Évolution temporelle des systèmes électriques | Circuits RL;52 minutes;https://www.labolycee.org/sites/default/files/exos/sujets/2008/2008-09-Antilles-Exo2-Sujet-InjecteurAuto-RL-4pts.pdf;https://www.labolycee.org/sites/default/files/exos/corriges/2008/2008-09-Antilles-Exo2-Correction-InjecteurAuto-RL-4pts.pdf
Bobine dun woofer;https://labolycee.org/bobine-dun-woofer;5 points;Bac S 2003-2012 | Tronc commun | Physique | Évolution temporelle des systèmes électriques | Circuits RL;1 heure 5 minutes;https://www.labolycee.org/sites/default/files/exos/sujets/2008/2008-11-AmSud-Exo2-Sujet-RL-Woofer-5-5pts.pdf;https://www.labolycee.org/sites/default/files/exos/corriges/2008/2008-11-AmSud-Exo2-Correction-RL-Woofer-5-5pts.pdf
Résistance dune bobine réelle;https://labolycee.org/resistance-dune-bobine-reelle;6 points;Bac S 2003-2012 | Tronc commun | Physique | Évolution temporelle des systèmes électriques | Circuits RL;1 heure 18 minutes;https://www.labolycee.org/sites/default/files/exos/sujets/2006/2006-Polynesie-Exo1-Sujet-Bobine-6pts.pdf;https://www.labolycee.org/sites/default/files/exos/corriges/2006/2006-Polynesie-Exo1-Correction-Bobine.pdf
Etude dun circuit RL;https://labolycee.org/etude-dun-circuit-rl;4 points;Bac S 2003-2012 | Tronc commun | Physique | Évolution temporelle des systèmes électriques | Circuits RL;52 minutes;https://www.labolycee.org/sites/default/files/exos/sujets/2005/2005-Pondichery-Sujet-Exo3-CircuitRL-4pts.pdf;https://www.labolycee.org/sites/default/files/exos/corriges/2005/2005-Pondichery-Correction-ExoIII-RL-4pts.pdf
Etude dun dipole RL;https://labolycee.org/etude-dun-dipole-rl;4 points;Bac S 2003-2012 | Tronc commun | Physique | Évolution temporelle des systèmes électriques | Circuits RL;52 minutes;https://www.labolycee.org/sites/default/files/exos/sujets/2005/2005-AmSud-Sujet-Exo1-RL-4pts.pdf;https://www.labolycee.org/sites/default/files/exos/corriges/2005/2005-AmSud-Correction-Exo1-RL-4pts.pdf
Etude expérimentale dune bobine;https://labolycee.org/etude-experimentale-dune-bobine;6 points;Bac S 2003-2012 | Tronc commun | Physique | Évolution temporelle des systèmes électriques | Circuits RL;1 heure 18 minutes;https://www.labolycee.org/sites/default/files/exos/sujets/2004/2004-Asie-Sujet-Etude-bobine-6pts.pdf;https://www.labolycee.org/sites/default/files/exos/corriges/2004/2004-Asie-Correction-Etude-bobine.pdf
à propos dune lampe à incandescence;https://labolycee.org/propos-dune-lampe-incandescence;6 points;Bac S 2003-2012 | Tronc commun | Physique | Évolution temporelle des systèmes électriques | Circuits RL;1 heure 18 minutes;https://www.labolycee.org/sites/default/files/exos/sujets/2004/2004-03-NelleCaledo-Exo2-Sujet-LampeIncandescence-6-5pts.pdf;https://www.labolycee.org/sites/default/files/exos/corriges/2004/2004-03-NelleCaledo-Exo2-Correction-LampeIncandescence-6-5pts.pdf
Stockage de lénergie solaire;https://labolycee.org/stockage-de-lenergie-solaire;6 points;Bac S 2003-2012 | Tronc commun | Physique | Évolution temporelle des systèmes électriques;1 heure 18 minutes;https://www.labolycee.org/sites/default/files/exos/sujets/2008/2008-03-NelleCaledonie-Exo1-Sujet-Solaire-6-5pts.pdf;https://www.labolycee.org/sites/default/files/exos/corriges/2008/2008-03-NelleCaledonie-Exo1-Correction-Solaire-6-5pts.pdf
Radioactivité tellurique;https://labolycee.org/radioactivite-tellurique;6 points;Bac S 2003-2012 | Tronc commun | Physique | Évolution temporelle des systèmes électriques;1 heure 18 minutes;https://www.labolycee.org/sites/default/files/exos/sujets/2007/2007-NelleCaledo-Exo2-Sujet-Radioactivite-6-5pts.pdf;https://www.labolycee.org/sites/default/files/exos/corriges/2007/2007-NelleCaledo-Exo2-Correction-CompteurGeiger.pdf
Principe de lallumage dune voiture;https://labolycee.org/principe-de-lallumage-dune-voiture;6 points;Bac S 2003-2012 | Tronc commun | Physique | Évolution temporelle des systèmes électriques;1 heure 18 minutes;https://www.labolycee.org/sites/default/files/exos/sujets/2007/2007-Afrique-Exo1-Sujet-Batterie-RL-6-5pts.pdf;https://www.labolycee.org/sites/default/files/exos/corriges/2007/2007-Afrique-Exo1-Correction-AllumageVoiture-6-5pts.pdf
La Logan au banc dessai;https://labolycee.org/la-logan-au-banc-dessai;9 points;Bac S 2003-2012 | Tronc commun | Physique | Évolution temporelle des systèmes électriques;1 heure 57 minutes;https://www.labolycee.org/sites/default/files/exos/sujets/2006/2006-Liban-Exo1-Sujet-Meca-Logan-9pts.pdf;https://www.labolycee.org/sites/default/files/exos/corriges/2006/2006-Liban-Exo1-Correction-Meca-Logan-9pts.pdf
Analogies électromécaniques;https://labolycee.org/analogies-electromecaniques;5 points;Bac S 2003-2012 | Tronc commun | Physique | Évolution temporelle des systèmes électriques;1 heure 5 minutes;https://www.labolycee.org/sites/default/files/exos/sujets/2006/2006-Pondichery-Exo2-Sujet-Analogie_Elec_Meca-5pts.pdf;https://www.labolycee.org/sites/default/files/exos/corriges/2006/2006-Pondichery-Exo2-Correction-Analogie_Elec_Meca-5pts.pdf
Utilisation du technétium en médecine nucléaire;https://labolycee.org/utilisation-du-technetium-en-medecine-nucleaire;4 points;Bac S 2003-2012 | Tronc commun | Physique | Transformations nucléaires | Decroissance;52 minutes;https://www.labolycee.org/sites/default/files/exos/sujets/2008/2008-11-AmSud-Exo3-Sujet-MedecineNucleaire-4pts.pdf;https://www.labolycee.org/sites/default/files/exos/corriges/2008/2008-11-AmSud-Exo3-Correction-MedecineNucleaire-4pts.pdf
Le radon et ses effets néfastes;https://labolycee.org/le-radon-et-ses-effets-nefastes;4 points;Bac S 2003-2012 | Tronc commun | Physique | Transformations nucléaires | Decroissance;52 minutes;https://www.labolycee.org/sites/default/files/exos/sujets/2007/2007-09-Polynesie-Exo3-Sujet-Radon.pdf;https://www.labolycee.org/sites/default/files/exos/corriges/2007/2007-09-Polynesie-Exo3-Correction-Radon.pdf
La découverte de la radioactivité artificielle;https://labolycee.org/la-decouverte-de-la-radioactivite-artificielle;5 points;Bac S 2003-2012 | Tronc commun | Physique | Transformations nucléaires | Decroissance;1 heure 5 minutes;https://www.labolycee.org/sites/default/files/exos/sujets/2007/2007-Antilles-Exo2-Sujet-RadioactiviteArtificielle-5.5pts.pdf;https://www.labolycee.org/sites/default/files/exos/corriges/2007/2007-Antilles-Exo2-Correction-RadioactiviteArtificielle-5.5pts.pdf
A propos des noyaux dargent;https://labolycee.org/propos-des-noyaux-dargent;5 points;Bac S 2003-2012 | Tronc commun | Physique | Transformations nucléaires | Decroissance;1 heure 5 minutes;https://www.labolycee.org/sites/default/files/exos/sujets/2006/2006-Asie-Exo3-Sujet-Radioactivite-5-5pts.pdf;https://www.labolycee.org/sites/default/files/exos/corriges/2006/2006-Asie-Exo3-Correction-Radioactivite-5-5pts.pdf
Controler la fusion nucléaire;https://labolycee.org/controler-la-fusion-nucleaire;5 points;Bac S 2003-2012 | Tronc commun | Physique | Transformations nucléaires | Decroissance;1 heure 5 minutes;https://www.labolycee.org/sites/default/files/exos/sujets/2007/2007-03-NelleCaledonie-Exo2-Sujet-Fusion-5-5pts.pdf;https://www.labolycee.org/sites/default/files/exos/corriges/2007/2007-03-NelleCaledonie-Exo2-Correction-Fusion-5-5pts.pdf
Scintigraphie thyroïdienne;https://labolycee.org/scintigraphie-thyroidienne;4 points;Bac S 2003-2012 | Tronc commun | Physique | Transformations nucléaires | Decroissance;52 minutes;https://www.labolycee.org/sites/default/files/exos/sujets/2005/2005-Reunion-Sujet-Exo3-Scintigraphie-4pts.pdf;https://www.labolycee.org/sites/default/files/2024-01/2005-Reunion-Correction-Exo3-Scintigraphie-4pts.pdf
Le polonium;https://labolycee.org/le-polonium;4 points;Bac S 2003-2012 | Tronc commun | Physique | Transformations nucléaires | Decroissance;52 minutes;https://www.labolycee.org/sites/default/files/exos/sujets/2005/2005-09-Polynesie-Exo3-Polonium-4pts.pdf;https://www.labolycee.org/sites/default/files/exos/corriges/2005/2005-09-Polynesie-Correction-Exo3-Polonium-4pts.pdf
Deux isotopes de liode pour étudier la thyroïde;https://labolycee.org/deux-isotopes-de-liode-pour-etudier-la-thyroide;4 points;Bac S 2003-2012 | Tronc commun | Physique | Transformations nucléaires | Decroissance;52 minutes;https://www.labolycee.org/sites/default/files/2024-01/2004-11-NelleCaledonie-Sujet-Exo1-Iode-Thyroide-4pts.pdf;https://www.labolycee.org/sites/default/files/exos/corriges/2004/2004-11-NelleCaledonie-Correction-Exo1-Iode-Thyroide-4pts.pdf
La tomographie par émission de positons: une technique dimagerie médicale;https://labolycee.org/la-tomographie-par-emission-de-positons-une-technique-dimagerie-medicale;4 points;Bac S 2003-2012 | Tronc commun | Physique | Transformations nucléaires | Decroissance;52 minutes;https://www.labolycee.org/sites/default/files/exos/sujets/2005/2005-03-NelleCaledonie-Sujet-Exo1-Tomographie-4pts.pdf;https://www.labolycee.org/sites/default/files/exos/corriges/2005/2005-03-NelleCaledonie-Correction-Exo1-Tomographie-4pts.pdf
Le radon un danger méconnu;https://labolycee.org/le-radon-un-danger-meconnu;4 points;Bac S 2003-2012 | Tronc commun | Physique | Transformations nucléaires | Decroissance;52 minutes;https://www.labolycee.org/sites/default/files/exos/sujets/2003/2003-AmSud-Sujet-Exo1-Radon-4pts.pdf;https://www.labolycee.org/sites/default/files/exos/corriges/2003/2003-AmSud-Correction-Exo1-Radon-4pts.pdf
Lâge de la Terre;https://labolycee.org/lage-de-la-terre;4 points;Bac S 2003-2012 | Tronc commun | Physique | Transformations nucléaires | Decroissance;52 minutes;https://www.labolycee.org/sites/default/files/exos/sujets/2003/2003-09-Antilles-Sujet-Exo1-AgeTerre-4pts.pdf;https://www.labolycee.org/sites/default/files/exos/corriges/2003/2003-09-Antilles-Correction-Exo1-AgeTerre-4pts.pdf
Radioactivité et datation au carbone 14;https://labolycee.org/radioactivite-et-datation-au-carbone-14;4 points;Bac S 2003-2012 | Tronc commun | Physique | Transformations nucléaires | Datation;52 minutes;https://www.labolycee.org/sites/default/files/exos/sujets/2007/2007-Reunion-Exo3-Sujet-RadiactiviteC14-4pts.pdf;https://www.labolycee.org/sites/default/files/exos/corriges/2007/2007-Reunion-Exo3-Correction-RadiactiviteC14-4pts.pdf
La radioactivité au service de larchéologie;https://labolycee.org/la-radioactivite-au-service-de-larcheologie;5 points;Bac S 2003-2012 | Tronc commun | Physique | Transformations nucléaires | Datation;1 heure 5 minutes;https://www.labolycee.org/sites/default/files/exos/sujets/2006/2006-National-Exo1-Sujet-radioactivite-5-5pts.pdf;https://www.labolycee.org/sites/default/files/exos/corriges/2006/2006-National-Exo1-Correction-radioactivite-5-5pts.pdf
Datation des séismes en Californie;https://labolycee.org/datation-des-seismes-en-californie;5 points;Bac S 2003-2012 | Tronc commun | Physique | Transformations nucléaires | Datation;1 heure 5 minutes;https://www.labolycee.org/sites/default/files/exos/sujets/2005/2005-11-NelleCaledonie-Sujet-Exo3-Datation-5-5pts.pdf;https://www.labolycee.org/sites/default/files/exos/corriges/2005/2005-11-NelleCaledonie-Correction-Exo3-Datation-5-5pts.pdf
Enquête sur un homicide;https://labolycee.org/enquete-sur-un-homicide;5 points;Bac S 2003-2012 | Tronc commun | Physique | Transformations nucléaires | Datation;1 heure 5 minutes;https://www.labolycee.org/sites/default/files/exos/sujets/2004/2004-Liban-Sujet-Exo2-Enquete_sur_un_homicide.pdf;https://www.labolycee.org/sites/default/files/exos/corriges/2004/2004-Liban-correction-Exo2-Enquete_sur_un_homicide.pdf
Datation au carbone 14;https://labolycee.org/datation-au-carbone-14;5 points;Bac S 2003-2012 | Tronc commun | Physique | Transformations nucléaires | Datation;1 heure 5 minutes;https://www.labolycee.org/sites/default/files/2025-03/2004-Maroc-Sujet-Datation_0.pdf;https://www.labolycee.org/sites/default/files/exos/corriges/2004/2004-Maroc-correction-Datation.pdf
Les applications technologiques de la radioactivité;https://labolycee.org/les-applications-technologiques-de-la-radioactivite;6 points;Bac S 2003-2012 | Tronc commun | Physique | Transformations nucléaires | Datation;1 heure 18 minutes;https://www.labolycee.org/sites/default/files/exos/sujets/2003/2003-Asie-Sujet-Nucleaire-Medecine-6-5pts.pdf;https://www.labolycee.org/sites/default/files/exos/corriges/2003/2003-Asie-Correction-Nucleaire-Medecine-6-5pts.pdf
Déchets radioactifs et synthèse organique;https://labolycee.org/dechets-radioactifs-et-synthese-organique;8 points;Bac S 2003-2012 | Tronc commun | Chimie | Comment le chimiste contrôle-t-il les transformations de la matière ? | Physique | Transformations nucléaires;1 heure 44 minutes;https://www.labolycee.org/sites/default/files/exos/sujets/2008/2008-09-Antilles-Exo1-Sujet-Nucleaire-Ester-8pts.pdf;https://www.labolycee.org/sites/default/files/exos/corriges/2008/2008-09-Antilles-Exo1-Correction-Nucleaire-Ester-8pts.pdf
A propos des sous-marins;https://labolycee.org/propos-des-sous-marins;5 points;Bac S 2003-2012 | Tronc commun | Physique | Évolution temporelle des systèmes mécaniques | Transformations nucléaires;1 heure 5 minutes;https://www.labolycee.org/sites/default/files/exos/sujets/2008/2008-11-NelleCaledo-Exo2-Sujet-SSMarinNucleaire-5-5pts.pdf;https://www.labolycee.org/sites/default/files/exos/corriges/2008/2008-11-NelleCaledo-Exo2-Correction-SSMarinNucleaire-5-5pts.pdf
Mission sur mars;https://labolycee.org/mission-sur-mars;7 points;Bac S 2003-2012 | Tronc commun | Chimie | Le sens spontané d'évolution d'un système est-il prévisible ? Peut-il être inversé ? | Physique | Évolution temporelle des systèmes mécaniques | Transformations nucléaires;1 heure 31 minutes;https://www.labolycee.org/sites/default/files/exos/sujets/2006/2006-09-Antilles-Exo1-Sujet-Mars-7pts.pdf;https://www.labolycee.org/sites/default/files/exos/corriges/2006/2006-09-Antilles-Exo1-Correction-Mars-7pts.pdf
Lhydrogène: un combustible davenir;https://labolycee.org/lhydrogene-un-combustible-davenir;7 points;Bac S 2003-2012 | Tronc commun | Chimie | Le sens spontané d'évolution d'un système est-il prévisible ? Peut-il être inversé ? | Physique | Transformations nucléaires;1 heure 31 minutes;https://www.labolycee.org/sites/default/files/exos/sujets/2005/2005-Afrique-Sujet-Exo1-Hydrogene-7pts.pdf;https://www.labolycee.org/sites/default/files/exos/corriges/2005/2005-Maroc-Correction-Exo1.pdf
Du chlore dans leau;https://labolycee.org/du-chlore-dans-leau;7 points;Bac S 2003-2012 | Tronc commun | Chimie | La transformation d'un système chimique est-elle toujours rapide ? | Physique | Transformations nucléaires;1 heure 31 minutes;https://www.labolycee.org/sites/default/files/exos/sujets/2004/2004-09-National-Sujet-Du_chlore_dans_eau.pdf;https://www.labolycee.org/sites/default/files/exos/corriges/2004/2004-09-National-correction-chlore_eau.pdf
Feu dartifice et élément cuivre;https://labolycee.org/feu-dartifice-et-element-cuivre;6 points;Bac S 2003-2012 | Tronc commun | Chimie | La transformation d'un système chimique est-elle toujours rapide ? | Physique | Évolution temporelle des systèmes mécaniques;1 heure 18 minutes;https://www.labolycee.org/sites/default/files/exos/sujets/2009/2009-11-NelleCaledo-Exo1-Sujet-Feu-artifice-6-5pts.pdf;https://www.labolycee.org/sites/default/files/exos/corriges/2009/2009-11-NelleCaledo-Exo1-Correction-Feu-artifice-6-5pts.pdf
Histoire des savons;https://labolycee.org/histoire-des-savons;4 points;Bac S 2003-2012 | Tronc commun | Chimie | Comment le chimiste contrôle-t-il les transformations de la matière ? | Savon;52 minutes;https://www.labolycee.org/sites/default/files/exos/sujets/2008/2008-09-National-Exo3-Sujet-Savons-4pts.pdf;https://www.labolycee.org/sites/default/files/exos/corriges/2008/2008-09-National-Exo3-Correction-Savons-4pts.pdf
Un constituant du beurre;https://labolycee.org/un-constituant-du-beurre;4 points;Bac S 2003-2012 | Tronc commun | Chimie | Comment le chimiste contrôle-t-il les transformations de la matière ? | Savon;52 minutes;https://www.labolycee.org/sites/default/files/exos/sujets/2009/2009-03-NelleCaledo-Exo3-Sujet-Beurre-4pts.pdf;https://www.labolycee.org/sites/default/files/exos/corriges/2009/2009-03-NelleCaledo-Exo3-Correction-Beurre-4pts.pdf
Un biocarburant : le Diester;https://labolycee.org/un-biocarburant-le-diester;6 points;Bac S 2003-2012 | Tronc commun | Chimie | Comment le chimiste contrôle-t-il les transformations de la matière ? | Savon;1 heure 18 minutes;https://www.labolycee.org/sites/default/files/exos/sujets/2006/2006-09-Polynesie-Exo1-Sujet-diester-6-5pts.pdf;https://www.labolycee.org/sites/default/files/exos/corriges/2006/2006-09-Polynesie-Exo1-Correction-diester-6-5pts.pdf
Utilisons le beurre pour dissoudre une tache de graisse!;https://labolycee.org/utilisons-le-beurre-pour-dissoudre-une-tache-de-graisse;4 points;Bac S 2003-2012 | Tronc commun | Chimie | Comment le chimiste contrôle-t-il les transformations de la matière ? | Savon;52 minutes;https://www.labolycee.org/sites/default/files/exos/sujets/2005/2005-Afrique-Sujet-Exo3-Beurre-4pts.pdf;https://www.labolycee.org/sites/default/files/exos/corriges/2005/2005-Maroc-Correction-Exo3.pdf
Préparation dun savon parfumé à la lavande;https://labolycee.org/preparation-dun-savon-parfume-la-lavande;6 points;Bac S 2003-2012 | Tronc commun | Chimie | Comment le chimiste contrôle-t-il les transformations de la matière ? | Savon;1 heure 18 minutes;https://www.labolycee.org/sites/default/files/exos/sujets/2004/2004-AmSud-Sujet-Exo3-SavonLavande.pdf;https://www.labolycee.org/sites/default/files/exos/corriges/2004/2004-AmSud-Correction-Exo3-SavonLavande.pdf
Fabrication et propriétés dun savon;https://labolycee.org/fabrication-et-proprietes-dun-savon;4 points;Bac S 2003-2012 | Tronc commun | Chimie | Comment le chimiste contrôle-t-il les transformations de la matière ? | Savon;52 minutes;https://www.labolycee.org/sites/default/files/exos/sujets/2003/2003-Asie-Sujet-Exo1-Savon-4pts.pdf;https://www.labolycee.org/sites/default/files/exos/corriges/2003/2003-Asie-Exo1-Savon-correction.pdf
Détermination de la teneur en élément azote dun engrais;https://labolycee.org/determination-de-la-teneur-en-element-azote-dun-engrais;6 points;Bac S 2003-2012 | Tronc commun | Chimie | La transformation d'un système chimique est-elle toujours totale ? | pH;1 heure 18 minutes;https://www.labolycee.org/sites/default/files/exos/sujets/2007/2007-USA-Exo1-Sujet-Azote-6-5pts.pdf;https://www.labolycee.org/sites/default/files/exos/corriges/2007/2007-USA-Exo1-Correction-Azote-6-5pts.pdf
pH dun mélange;https://labolycee.org/ph-dun-melange;4 points;Bac S 2003-2012 | Tronc commun | Chimie | La transformation d'un système chimique est-elle toujours totale ? | pH;52 minutes;https://www.labolycee.org/sites/default/files/exos/sujets/2006/2006-Liban-Exo3-Sujet-pHpKa-4pts.pdf;https://www.labolycee.org/sites/default/files/exos/corriges/2006/2006-Liban-Exo3-Correction-pHpKa-4pts.pdf
Détermination de la constante dacidité dun indicateur coloré: le vert de bromocrésol;https://labolycee.org/determination-de-la-constante-dacidite-dun-indicateur-colore-le-vert-de-bromocresol;4 points;Bac S 2003-2012 | Tronc commun | Chimie | La transformation d'un système chimique est-elle toujours totale ? | pH;52 minutes;https://www.labolycee.org/sites/default/files/exos/sujets/2006/2006-AmSud-Exo1-Sujet-pKaVertBromo-4pts.pdf;https://www.labolycee.org/sites/default/files/exos/corriges/2006/2006-AmSud-Exo1-Correction-pKaVertBromo-4pts.pdf
A quoi est due la couleur des fleurs dhortensias;https://labolycee.org/quoi-est-due-la-couleur-des-fleurs-dhortensias;2 points;Bac S 2003-2012 | Tronc commun | Chimie | La transformation d'un système chimique est-elle toujours totale ? | pH;26 minutes;https://www.labolycee.org/sites/default/files/exos/sujets/2005/2005-09-Antilles-Sujet-Exo2-Hortensias-2-5pts.pdf;https://www.labolycee.org/sites/default/files/2021-03/2005-09-Antilles-Correction-Exo2-Hortensias-2-5pts.pdf
Aïe, jai une crampe;https://labolycee.org/aie-jai-une-crampe;6 points;Bac S 2003-2012 | Tronc commun | Chimie | La transformation d'un système chimique est-elle toujours totale ? | pH;1 heure 18 minutes;https://www.labolycee.org/sites/default/files/2026-02/2004-Polynesie-Sujet-Exo1-Crampe.pdf;https://www.labolycee.org/sites/default/files/exos/corriges/2004/2004-Polynesie-Correction-Exo1-pHsang.pdf
Réactions acido-basiques;https://labolycee.org/reactions-acido-basiques;4 points;Bac S 2003-2012 | Tronc commun | Chimie | La transformation d'un système chimique est-elle toujours totale ? | pH;52 minutes;https://www.labolycee.org/sites/default/files/exos/sujets/2003/2003-Afrique-Sujet-Exo3-Acido-basique-4pts.pdf;https://www.labolycee.org/sites/default/files/exos/corriges/2003/2003-Afrique-Correction-Exo3-Acide-base.pdf
Etude cinétique dune réaction;https://labolycee.org/etude-cinetique-dune-reaction;4 points;Bac S 2003-2012 | Tronc commun | Chimie | La transformation d'un système chimique est-elle toujours rapide ? | Conductimetrie;52 minutes;https://www.labolycee.org/sites/default/files/exos/sujets/2007/2007-Afrique-Exo3-Sujet-Cinetique-4pts.pdf;https://www.labolycee.org/sites/default/files/exos/corriges/2007/2007-Afrique-Exo3-Correction-Cinetique.pdf
Corrosion des gouttières;https://labolycee.org/corrosion-des-gouttieres;6 points;Bac S 2003-2012 | Tronc commun | Chimie | La transformation d'un système chimique est-elle toujours rapide ? | Pression;1 heure 18 minutes;https://www.labolycee.org/sites/default/files/exos/sujets/2006/2006-National-Exo2-Sujet-Corrosion-6-5pts.pdf;https://www.labolycee.org/sites/default/files/exos/corriges/2006/2006-National-Exo2-Correction-Corrosion-6-5pts.pdf
Chimie et spéléologie;https://labolycee.org/chimie-et-speleologie;6 points;Bac S 2003-2012 | Tronc commun | Chimie | La transformation d'un système chimique est-elle toujours rapide ? | Pression;1 heure 18 minutes;https://www.labolycee.org/sites/default/files/exos/sujets/2004/2004-Liban-Sujet-Exo1-Chimie-Speleologie.pdf;https://www.labolycee.org/sites/default/files/exos/corriges/2004/2004-liban-correction-Exo1-Chimie-Speleologie.pdf
Oxydation du propan-2-ol;https://labolycee.org/oxydation-du-propan-2-ol;4 points;Bac S 2003-2012 | Tronc commun | Chimie | La transformation d'un système chimique est-elle toujours rapide ?;52 minutes;https://www.labolycee.org/sites/default/files/exos/sujets/2009/2009-09-Polynesie-Exo3-Sujet-Cinetique-Titrage-Propan-2-ol-4pts.pdf;https://www.labolycee.org/sites/default/files/exos/corriges/2009/2009-09-Polynesie-Exo3-Correction-Cinetique-Titrage-Propan-2-ol-4pts.pdf
Synthèse dun composé aromatique présent dans lolivier de Bohème;https://labolycee.org/synthese-dun-compose-aromatique-present-dans-lolivier-de-boheme;6 points;Bac S 2003-2012 | Tronc commun | Chimie | Comment le chimiste contrôle-t-il les transformations de la matière ? | La transformation d'un système chimique est-elle toujours rapide ? | La transformation d'un système chimique est-elle toujours totale ?;1 heure 18 minutes;https://www.labolycee.org/sites/default/files/exos/sujets/2007/2007-Antilles-Exo1-Sujet-BenzoateEthyle-6.5pts.pdf;https://www.labolycee.org/sites/default/files/exos/corriges/2007/2007-Antilles-Exo1-Correction-BenzoateMethyle-5.5pts.pdf
Etude cinétique de la réaction de dismutation de leau oxygénée;https://labolycee.org/etude-cinetique-de-la-reaction-de-dismutation-de-leau-oxygenee;6 points;Bac S 2003-2012 | Tronc commun | Chimie | La transformation d'un système chimique est-elle toujours rapide ? | La transformation d'un système chimique est-elle toujours totale ?;1 heure 18 minutes;https://www.labolycee.org/sites/default/files/exos/sujets/2007/2007-Reunion-Exo1-Sujet-Dismutation-6-5pts.pdf;https://www.labolycee.org/sites/default/files/exos/corriges/2007/2007-Reunion-Exo1-Correction-Dismutation-6-5pts.pdf
La bouteille magique;https://labolycee.org/la-bouteille-magique;4 points;Bac S 2003-2012 | Tronc commun | Chimie | La transformation d'un système chimique est-elle toujours rapide ?;52 minutes;https://www.labolycee.org/sites/default/files/exos/sujets/2008/2008-Afrique-Exo3-Sujet-BouteilleMagique-4pts.pdf;https://www.labolycee.org/sites/default/files/exos/corriges/2008/2008-Afrique-Exo3-Correction-BouteilleMagique-4pts.pdf
Comme un poisson dans leau;https://labolycee.org/comme-un-poisson-dans-leau;6 points;Bac S 2003-2012 | Tronc commun | Chimie | La transformation d'un système chimique est-elle toujours rapide ? | La transformation d'un système chimique est-elle toujours totale ? | Le sens spontané d'évolution d'un système est-il prévisible ? Peut-il être inversé ?;1 heure 18 minutes;https://www.labolycee.org/sites/default/files/exos/sujets/2006/2006-09-National-Exo1-Sujet-pHPoisson-6-5pts.pdf;https://www.labolycee.org/sites/default/files/exos/corriges/2006/2006-09-National-Exo1-Correction-pHPoisson-6-5pts.pdf
Chimie et mouvement pour un projet scientifique;https://labolycee.org/chimie-et-mouvement-pour-un-projet-scientifique;5 points;Bac S 2003-2012 | Tronc commun | Chimie | La transformation d'un système chimique est-elle toujours rapide ? | La transformation d'un système chimique est-elle toujours totale ? | Physique | Évolution temporelle des systèmes mécaniques;1 heure 5 minutes;https://www.labolycee.org/sites/default/files/exos/sujets/2007/2007-NelleCaledo-Exo1-Sujet-Chimie-Meca-5-5pts.pdf;https://www.labolycee.org/sites/default/files/exos/corriges/2007/2007-NelleCaledo-Exo1-Correction-ChimieMeca.pdf
Le parfum de la poire;https://labolycee.org/le-parfum-de-la-poire;4 points;Bac S 2003-2012 | Tronc commun | Chimie | Comment le chimiste contrôle-t-il les transformations de la matière ? | La transformation d'un système chimique est-elle toujours rapide ?;52 minutes;https://www.labolycee.org/sites/default/files/exos/sujets/2006/2006-Reunion-Exo2-Sujet-EsterPoire-4pts.pdf;https://www.labolycee.org/sites/default/files/exos/corriges/2006/2006-Reunion-Exo2-Correction-EsterPoire-4pts.pdf
La chimie au service de la parfumerie;https://labolycee.org/la-chimie-au-service-de-la-parfumerie;6 points;Bac S 2003-2012 | Tronc commun | Chimie | Comment le chimiste contrôle-t-il les transformations de la matière ? | La transformation d'un système chimique est-elle toujours rapide ?;1 heure 18 minutes;https://www.labolycee.org/sites/default/files/exos/sujets/2006/2006-Afrique-Exo1-Sujet-Parfum-6-5pts.pdf;https://www.labolycee.org/sites/default/files/exos/corriges/2006/2006-Afrique-Exo1-Correction-Parfum-6-5pts.pdf
Etude dune réaction destérification;https://labolycee.org/etude-dune-reaction-desterification;4 points;Bac S 2003-2012 | Tronc commun | Chimie | Comment le chimiste contrôle-t-il les transformations de la matière ? | La transformation d'un système chimique est-elle toujours rapide ? | La transformation d'un système chimique est-elle toujours totale ? | Le sens spontané d'évolution d'un système est-il prévisible ? Peut-il être inversé ?;52 minutes;https://www.labolycee.org/sites/default/files/exos/sujets/2006/2006-09-Antilles-Exo3-Sujet-Esters-4pts.pdf;https://www.labolycee.org/sites/default/files/exos/corriges/2006/2006-09-Antilles-Exo3-Correction-Esters-4pts.pdf
Savon et parfum;https://labolycee.org/savon-et-parfum;6 points;Bac S 2003-2012 | Tronc commun | Chimie | Comment le chimiste contrôle-t-il les transformations de la matière ? | La transformation d'un système chimique est-elle toujours rapide ?;1 heure 18 minutes;https://www.labolycee.org/sites/default/files/exos/sujets/2006/2006-11-NelleCaledonie-Exo2-Sujet-Savon-6-5pts.pdf;https://www.labolycee.org/sites/default/files/exos/corriges/2006/2006-11-NelleCaledonie-Exo2-Correction-Savon-6-5pts.pdf
La galiote;https://labolycee.org/la-galiote;7 points;Bac S 2003-2012 | Tronc commun | Chimie | Le sens spontané d'évolution d'un système est-il prévisible ? Peut-il être inversé ? | Physique | Évolution temporelle des systèmes mécaniques;1 heure 31 minutes;https://www.labolycee.org/sites/default/files/exos/sujets/2007/2007-National-Exo1-Sujet-Galiote-7pts.pdf;https://www.labolycee.org/sites/default/files/exos/corriges/2007/2007-National-Exo1-Correction-Galiote-7pts.pdf
Evolution dun système chimique;https://labolycee.org/evolution-dun-systeme-chimique;4 points;Bac S 2003-2012 | Tronc commun | Chimie | La transformation d'un système chimique est-elle toujours totale ? | Le sens spontané d'évolution d'un système est-il prévisible ? Peut-il être inversé ?;52 minutes;https://www.labolycee.org/sites/default/files/exos/sujets/2006/2006-Asie-Exo1-Sujet-pHPKA-4pts.pdf;https://www.labolycee.org/sites/default/files/exos/corriges/2006/2006-Asie-Exo1-Correction-pHPKA-4pts.pdf
Transport du dioxygène dans le sang;https://labolycee.org/transport-du-dioxygene-dans-le-sang;6 points;Bac S 2003-2012 | Tronc commun | Chimie | La transformation d'un système chimique est-elle toujours totale ? | Le sens spontané d'évolution d'un système est-il prévisible ? Peut-il être inversé ?;1 heure 18 minutes;https://www.labolycee.org/sites/default/files/exos/sujets/2007/2007-03-NelleCaledonie-Exo1-Sujet-Hemoglobine-6-5pts.pdf;https://www.labolycee.org/sites/default/files/exos/corriges/2007/2007-03-NelleCaledonie-Exo1-Correction-Hemoglobine-6-5pts.pdf
Quand un acide rencontre une base;https://labolycee.org/quand-un-acide-rencontre-une-base;7 points;Bac S 2003-2012 | Tronc commun | Chimie | La transformation d'un système chimique est-elle toujours totale ? | Le sens spontané d'évolution d'un système est-il prévisible ? Peut-il être inversé ?;1 heure 31 minutes;https://www.labolycee.org/sites/default/files/exos/sujets/2006/2006-Pondichery-Exo1-Sujet-Acide-Base-7pts.pdf;https://www.labolycee.org/sites/default/files/exos/corriges/2006/2006-Pondichery-Exo1-Correction-Acide-Base.pdf
Systèmes libres et forcés dans une automobile;https://labolycee.org/systemes-libres-et-forces-dans-une-automobile;6 points;Bac S 2003-2012 | Tronc commun | Chimie | Le sens spontané d'évolution d'un système est-il prévisible ? Peut-il être inversé ? | Physique | Évolution temporelle des systèmes mécaniques;1 heure 18 minutes;https://www.labolycee.org/sites/default/files/exos/sujets/2006/2006-Asie-Exo2-Sujet-Auto-6-5pts.pdf;https://www.labolycee.org/sites/default/files/exos/corriges/2006/2006-Asie-Exo2-Correction-Auto-6-5pts.pdf
Traitement de leau dune piscine;https://labolycee.org/traitement-de-leau-dune-piscine;4 points;Bac S 2003-2012 | Tronc commun | Chimie | La transformation d'un système chimique est-elle toujours totale ? | Le sens spontané d'évolution d'un système est-il prévisible ? Peut-il être inversé ?;52 minutes;https://www.labolycee.org/sites/default/files/exos/sujets/2005/2005-09-National-Sujet-Exo1-EauPiscine-4pts.pdf;https://www.labolycee.org/sites/default/files/exos/corriges/2005/2005-09-National-Correction-Exo1-EauPiscine-4pts.pdf
La menthe poivrée;https://labolycee.org/la-menthe-poivree;4 points;Bac S 2003-2012 | Tronc commun | Chimie | Comment le chimiste contrôle-t-il les transformations de la matière ? | La transformation d'un système chimique est-elle toujours rapide ? | La transformation d'un système chimique est-elle toujours totale ? | Le sens spontané d'évolution d'un système est-il prévisible ? Peut-il être inversé ?;52 minutes;https://www.labolycee.org/sites/default/files/exos/sujets/2005/2005-09-Antilles-Sujet-Exo3-Menthe-4pts.pdf;https://www.labolycee.org/sites/default/files/exos/corriges/2005/2005-09-Antilles-Correction-Exo3-Menthe-4pts.pdf
Q.R.O.C. à propos de lénergie;https://labolycee.org/qroc-propos-de-lenergie;5 points;Bac S 2003-2012 | Tronc commun | Chimie | Le sens spontané d'évolution d'un système est-il prévisible ? Peut-il être inversé ? | Physique | Évolution temporelle des systèmes électriques | Évolution temporelle des systèmes mécaniques;1 heure 5 minutes;https://www.labolycee.org/sites/default/files/exos/sujets/2003/2003-Asie-Sujet-Exo2-QROC-Energie-5-5pts.pdf;https://www.labolycee.org/sites/default/files/exos/corriges/2003/2003-Asie-Correction-Exo2-QROC-Energie.pdf
Acide carboxylique inconnu;https://labolycee.org/acide-carboxylique-inconnu;4 points;Bac S 2003-2012 | Tronc commun | Chimie | La transformation d'un système chimique est-elle toujours totale ? | Titrage;52 minutes;https://www.labolycee.org/sites/default/files/exos/sujets/2008/2008-09-Antilles-Exo3-Sujet-Titrage-DemiEq-pKa-4pts.pdf;https://www.labolycee.org/sites/default/files/exos/corriges/2008/2008-09-Antilles-Exo3-Correction-Titrage-DemiEq-pKa-4pts.pdf
A propos du lait;https://labolycee.org/propos-du-lait;4 points;Bac S 2003-2012 | Tronc commun | Chimie | La transformation d'un système chimique est-elle toujours totale ? | Titrage;52 minutes;https://www.labolycee.org/sites/default/files/exos/sujets/2007/2007-Polynesie-Exo3-Sujet-Lait-4pts.pdf;https://www.labolycee.org/sites/default/files/exos/corriges/2007/2007-Polynesie-Exo3-Correction-Lait-4pts.pdf
Un conservateur alimentaire;https://labolycee.org/un-conservateur-alimentaire;4 points;Bac S 2003-2012 | Tronc commun | Chimie | La transformation d'un système chimique est-elle toujours totale ? | Titrage;52 minutes;https://www.labolycee.org/sites/default/files/exos/sujets/2008/2008-03-NelleCaledo-Exo3-Sujet-Acidebenzoique-4pts.pdf;https://www.labolycee.org/sites/default/files/exos/corriges/2008/2008-03-NelleCaledo-Exo3-Correction-Acidebenzoique-4pts.pdf
Etude dun produit ménager;https://labolycee.org/etude-dun-produit-menager;4 points;Bac S 2003-2012 | Tronc commun | Chimie | La transformation d'un système chimique est-elle toujours totale ? | Titrage;52 minutes;https://www.labolycee.org/sites/default/files/exos/sujets/2005/2005-Polynesie-Sujet-Exo3-Ammoniac-4pts.pdf;https://www.labolycee.org/sites/default/files/exos/corriges/2005/2005-Polynesie-Correction-Exo3-Ammoniac-4pts.pdf
Injections alcalinisantes;https://labolycee.org/injections-alcalinisantes;4 points;Bac S 2003-2012 | Tronc commun | Chimie | La transformation d'un système chimique est-elle toujours totale ? | Titrage;52 minutes;https://www.labolycee.org/sites/default/files/exos/sujets/2003/2003-11-NelleCaledonie-Sujet-Exo1-Injections-4pts.pdf;https://www.labolycee.org/sites/default/files/exos/corriges/2003/2003-11-NelleCaledonie-Correction-Exo1-Injections-4pts.pdf
Etude de la vitamine C;https://labolycee.org/etude-de-la-vitamine-c;4 points;Bac S 2003-2012 | Tronc commun | Chimie | La transformation d'un système chimique est-elle toujours totale ? | Titrage;52 minutes;https://www.labolycee.org/sites/default/files/exos/sujets/2003/2003-National-Sujet-Exo1-VitamineC-4pts.pdf;https://www.labolycee.org/sites/default/files/exos/corriges/2003/2003-National-Correction-Exo1-VitamineC-4pts.pdf
Analyse dun lait;https://labolycee.org/analyse-dun-lait;6 points;Bac S 2003-2012 | Tronc commun | Chimie | La transformation d'un système chimique est-elle toujours totale ? | Conductimetrie;1 heure 18 minutes;https://www.labolycee.org/sites/default/files/exos/sujets/2006/2006-Antilles-Exo2-Sujet-Lait-6-5pts.pdf;https://www.labolycee.org/sites/default/files/exos/corriges/2006/2006-Antilles-Exo2-Correction-Lait.pdf
Evolution de la réaction de lammoniac avec leau;https://labolycee.org/evolution-de-la-reaction-de-lammoniac-avec-leau;6 points;Bac S 2003-2012 | Tronc commun | Chimie | La transformation d'un système chimique est-elle toujours totale ? | Conductimetrie;1 heure 18 minutes;https://www.labolycee.org/sites/default/files/exos/sujets/2005/2005-Reunion-Sujet-Exo2-Ammoniac-6-5pts.pdf;https://www.labolycee.org/sites/default/files/exos/corriges/2005/2005-Reunion-Correction-Exo2-Ammoniac-6-5pts.pdf
Détermination dune constante déquilibre par deux méthodes;https://labolycee.org/determination-dune-constante-dequilibre-par-deux-methodes;6 points;Bac S 2003-2012 | Tronc commun | Chimie | La transformation d'un système chimique est-elle toujours totale ? | Conductimetrie;1 heure 18 minutes;https://www.labolycee.org/sites/default/files/exos/sujets/2005/2005-Antilles-Sujet-Exo2-Ka-6-5pts.pdf;https://www.labolycee.org/sites/default/files/exos/corriges/2005/2005-Antilles-Correction-Exo2-DeterminationK-6-5pts.pdf
A propos de lacide formique;https://labolycee.org/propos-de-lacide-formique;4 points;Bac S 2003-2012 | Tronc commun | Chimie | La transformation d'un système chimique est-elle toujours totale ? | Conductimetrie;52 minutes;https://www.labolycee.org/sites/default/files/exos/sujets/2004/2004-USA-Sujet-Exo3-acideformique-4pts.pdf;https://www.labolycee.org/sites/default/files/exos/corriges/2004/2004-USA-correction-Exo3-AcideFormique-4pts.pdf
A propos de laspirine;https://labolycee.org/propos-de-laspirine;4 points;Bac S 2003-2012 | Tronc commun | Chimie | La transformation d'un système chimique est-elle toujours totale ? | Conductimetrie;52 minutes;https://www.labolycee.org/sites/default/files/exos/sujets/2004/2004-National-sujet-Exo1-Aspirine-pH-conductimetrie-4pts.pdf;https://www.labolycee.org/sites/default/files/exos/corriges/2004/2004-National-correction-Exo1-Aspirine-pH-conductimetrie-4pts.pdf
Constante dacidité de lacide benzoïque;https://labolycee.org/constante-dacidite-de-lacide-benzoique;4 points;Bac S 2003-2012 | Tronc commun | Chimie | La transformation d'un système chimique est-elle toujours totale ? | Conductimetrie;52 minutes;https://www.labolycee.org/sites/default/files/exos/sujets/2004/2004-03-NelleCaledo-Exo1-Sujet-KaAcidebenzoique-4pts.pdf;https://www.labolycee.org/sites/default/files/exos/corriges/2004/2004-03-NelleCaledo-Exo1-Correction-KaAcidebenzoique-4pts.pdf
Quelques propriétés de lacide salicylique;https://labolycee.org/quelques-proprietes-de-lacide-salicylique;6 points;Bac S 2003-2012 | Tronc commun | Chimie | La transformation d'un système chimique est-elle toujours totale ? | Conductimetrie;1 heure 18 minutes;https://www.labolycee.org/sites/default/files/exos/sujets/2003/2003-USA-Sujet-Exo1-Acide_salicylique.pdf;https://www.labolycee.org/sites/default/files/exos/corriges/2003/2003-USA-Correction-Exo1-Acide_salicylique.pdf
Du chou dans labricot;https://labolycee.org/du-chou-dans-labricot;4 points;Bac S 2003-2012 | Tronc commun | Chimie | La transformation d'un système chimique est-elle toujours totale ? | Indicateurs;52 minutes;https://www.labolycee.org/sites/default/files/exos/sujets/2007/2007-09-Antilles-Exo3-Sujet-Chou-Abricot-4pts.pdf;https://www.labolycee.org/sites/default/files/exos/corriges/2007/2007-09-Antilles-Exo3-Correction-Chou-Abricot-4pts.pdf
Les indicateurs colorés naturels de la cuisine à la chimie;https://labolycee.org/les-indicateurs-colores-naturels-de-la-cuisine-la-chimie;6 points;Bac S 2003-2012 | Tronc commun | Chimie | La transformation d'un système chimique est-elle toujours totale ? | Indicateurs;1 heure 18 minutes;https://www.labolycee.org/sites/default/files/2024-02/2005-National-Sujet-Exo3-Chouxrouge-6-5pts.pdf;https://www.labolycee.org/sites/default/files/exos/corriges/2005/2005-National-Correction-Exo3-IndicColor-6-5pts.pdf
Chimie à usage domestique;https://labolycee.org/chimie-usage-domestique;6 points;Bac S 2003-2012 | Tronc commun | Chimie | La transformation d'un système chimique est-elle toujours totale ?;1 heure 18 minutes;https://www.labolycee.org/sites/default/files/exos/sujets/2008/2008-11-NelleCaledo-Exo1-Sujet-Destop-Savon-6-5pts.pdf;https://www.labolycee.org/sites/default/files/exos/corriges/2008/2008-11-NelleCaledo-Exo1-Correction-Destop-Savon-6-5pts.pdf
Conservateur et parfum;https://labolycee.org/conservateur-et-parfum;7 points;Bac S 2003-2012 | Tronc commun | Chimie | Comment le chimiste contrôle-t-il les transformations de la matière ? | La transformation d'un système chimique est-elle toujours totale ?;1 heure 31 minutes;https://www.labolycee.org/sites/default/files/exos/sujets/2006/2006-USA-Exo2-sujet-Acidebenzoique7pts.pdf;https://www.labolycee.org/sites/default/files/exos/corriges/2006/2006-USA-Exo2-Correction-Acidebenzoique7pts.pdf
Hydrolyse dun ester;https://labolycee.org/hydrolyse-dun-ester;4 points;Bac S 2003-2012 | Tronc commun | Chimie | Comment le chimiste contrôle-t-il les transformations de la matière ? | La transformation d'un système chimique est-elle toujours totale ?;52 minutes;https://www.labolycee.org/sites/default/files/exos/sujets/2006/2006-Polynesie-Exo3-Sujet-Hydrolyse-4pts.pdf;https://www.labolycee.org/sites/default/files/exos/corriges/2006/2006-Polynesie-Exo3-Correction-Hydrolyse.pdf
Propriétés de lacide propanoïque;https://labolycee.org/proprietes-de-lacide-propanoique;6 points;Bac S 2003-2012 | Tronc commun | Chimie | Comment le chimiste contrôle-t-il les transformations de la matière ? | La transformation d'un système chimique est-elle toujours totale ?;1 heure 18 minutes;https://www.labolycee.org/sites/default/files/exos/sujets/2005/2005-Pondichery-Sujet-Exo1-AcidePropanoique-6-5pts.pdf;https://www.labolycee.org/sites/default/files/exos/corriges/2005/2005-Pondichery-Correction-ExoI-Acide-Base-Ester.pdf
Aspirine de synthèse;https://labolycee.org/aspirine-de-synthese;4 points;Bac S 2003-2012 | Tronc commun | Chimie | Comment le chimiste contrôle-t-il les transformations de la matière ?;52 minutes;https://www.labolycee.org/sites/default/files/exos/sujets/2007/2007-NelleCaledo-Exo3-Sujet-Aspirine-4pts.pdf;https://www.labolycee.org/sites/default/files/exos/corriges/2007/2007-NelleCaledo-Exo3-Correction-Aspirine-4pts.pdf
De la poudre de tara au gallate de propyle;https://labolycee.org/de-la-poudre-de-tara-au-gallate-de-propyle;7 points;Bac S 2003-2012 | Tronc commun | Chimie | Comment le chimiste contrôle-t-il les transformations de la matière ? | La transformation d'un système chimique est-elle toujours totale ?;1 heure 31 minutes;https://www.labolycee.org/sites/default/files/exos/sujets/2005/2005-Liban-Sujet-Exo1-Synthese-7pts.pdf;https://www.labolycee.org/sites/default/files/exos/corriges/2005/2005-Liban-Correction-Exo1-Synthese-7pts.pdf
De la reine des prés à laspirine;https://labolycee.org/de-la-reine-des-pres-laspirine;6 points;Bac S 2003-2012 | Tronc commun | Chimie | Comment le chimiste contrôle-t-il les transformations de la matière ?;1 heure 18 minutes;https://www.labolycee.org/sites/default/files/exos/sujets/2007/2007-Liban-Exo1-Sujet-Aspirine-6-5pts.pdf;https://www.labolycee.org/sites/default/files/exos/corriges/2007/2007-Liban-Exo1-Correction-Aspirine-6-5pts.pdf
Hémisynthèse de laspirine, contrôle de la pureté du produit formé;https://labolycee.org/hemisynthese-de-laspirine-controle-de-la-purete-du-produit-forme;6 points;Bac S 2003-2012 | Tronc commun | Chimie | Comment le chimiste contrôle-t-il les transformations de la matière ?;1 heure 18 minutes;https://www.labolycee.org/sites/default/files/exos/sujets/2005/2005-Asie-Sujet-Exo3-Aspirine-6-5pts.pdf;https://www.labolycee.org/sites/default/files/exos/corriges/2005/2005-Asie-Correction-Exo3-Aspirine-6-5pts.pdf
Cinétique de la saponification de léthanoate déthyle;https://labolycee.org/cinetique-de-la-saponification-de-lethanoate-dethyle;6 points;Bac S 2003-2012 | Tronc commun | Chimie | Comment le chimiste contrôle-t-il les transformations de la matière ? | La transformation d'un système chimique est-elle toujours rapide ?;1 heure 18 minutes;https://www.labolycee.org/sites/default/files/exos/sujets/2005/2005-AmSud-Sujet-Exo3-Cinetique-Sapo-6-5pts.pdf;https://www.labolycee.org/sites/default/files/exos/corriges/2005/2005-AmSud-Correction-Exo3-Cinetique-Sapo-6-5pts.pdf
La catalyse homogène;https://labolycee.org/la-catalyse-homogene;4 points;Bac S 2003-2012 | Tronc commun | Chimie | Comment le chimiste contrôle-t-il les transformations de la matière ? | La transformation d'un système chimique est-elle toujours rapide ?;52 minutes;https://www.labolycee.org/sites/default/files/exos/sujets/2004/2004-Reunion-Sujet-Exo3-Catalyse-homogene-4pts.pdf;https://www.labolycee.org/sites/default/files/exos/corriges/2004/2004-Reunion-correction-Exo3-Catalyse-homogene-4pts.pdf
Microscope optique;https://labolycee.org/microscope-optique;4 points;Bac S 2003-2012 | Specialite | Physique | Produire des images, observer | Microscope;52 minutes;https://www.labolycee.org/sites/default/files/exos/sujets/2003/2003-09-National-Spe-Sujet-SSCalc-Microscope.pdf;https://www.labolycee.org/sites/default/files/exos/corriges/2003/2003-09-National-Spe-Correction-SSCalc-Microscope.pdf
Modélisation du principe du microscope;https://labolycee.org/modelisation-du-principe-du-microscope;4 points;Bac S 2003-2012 | Specialite | Physique | Produire des images, observer | Microscope;52 minutes;https://www.labolycee.org/sites/default/files/exos/sujets/2003/2003-USA-Spe-Sujet-Microscope.pdf;https://www.labolycee.org/sites/default/files/exos/corriges/2003/2003-USA-Spe-Correction-Microscope.pdf
Modélisation dun microscope sur banc optique;https://labolycee.org/modelisation-dun-microscope-sur-banc-optique;4 points;Bac S 2003-2012 | Specialite | Physique | Produire des images, observer | Microscope;52 minutes;https://www.labolycee.org/sites/default/files/exos/sujets/2003/2003-Reunion-Spe-Sujet-Microscope.pdf;https://www.labolycee.org/sites/default/files/exos/corriges/2003/2003-Reunion-Spe-Correction-Microscope.pdf
Télescope de Newton;https://labolycee.org/telescope-de-newton;4 points;Bac S 2003-2012 | Specialite | Physique | Produire des images, observer | Téléscope;52 minutes;https://www.labolycee.org/sites/default/files/exos/sujets/2003/2003-Pondichery-Spe-Sujet-Telescope_Newton.pdf;https://www.labolycee.org/sites/default/files/exos/corriges/2003/2003-Pondichery-Spe-Correction-Telescope_Newton.pdf
Télescope de Newton;https://labolycee.org/telescope-de-newton-0;4 points;Bac S 2003-2012 | Specialite | Physique | Produire des images, observer | Téléscope;52 minutes;https://www.labolycee.org/sites/default/files/exos/sujets/2003/2003-Antilles-Spe-Sujet-Telescope_Newton.pdf;https://www.labolycee.org/sites/default/files/exos/corriges/2003/2003-Antilles-Spe-Correction-Telescope.pdf
Ondes le long dune corde;https://labolycee.org/ondes-le-long-dune-corde;4 points;Bac S 2003-2012 | Specialite | Physique | Produire des sons, écouter | Corde;52 minutes;https://www.labolycee.org/sites/default/files/exos/sujets/2004/2004-Polynesie-Spe-Sujet-Exo3-Ondes_corde.pdf;https://www.labolycee.org/sites/default/files/exos/corriges/2004/2004-Polynesie-Spe-correction-Exo3-OndesCorde.pdf
Produire des sons, écouter;https://labolycee.org/produire-des-sons-ecouter-0;4 points;Bac S 2003-2012 | Specialite | Physique | Produire des sons, écouter | Corde;52 minutes;https://www.labolycee.org/sites/default/files/exos/sujets/2004/2004-09-Antilles-Spe-Sujet-Son.pdf;https://www.labolycee.org/sites/default/files/exos/corriges/2004/2004-09-Antilles-Spe-Correction-Son.pdf
Le flash électronique;https://labolycee.org/le-flash-electronique;4 points;Bac S 2003-2012 | Tronc commun | Physique | Évolution temporelle des systèmes électriques | Circuits RC;52 minutes;https://www.labolycee.org/sites/default/files/exos/sujets/2003/2003-Pondichery-Sujet-Exo3-FlashC-4pts.pdf;https://www.labolycee.org/sites/default/files/exos/corriges/2003/2003-Pondichery-Correction-Exo3-FlashC-4pts.pdf
Le condensateur dans tous ses états;https://labolycee.org/le-condensateur-dans-tous-ses-etats;5 points;Bac S 2003-2012 | Tronc commun | Physique | Évolution temporelle des systèmes électriques | Circuits RC;1 heure 5 minutes;https://www.labolycee.org/sites/default/files/exos/sujets/2003/2003-09-Polynesie-Sujet-Exo2-Condensateur-5-5pts.pdf;https://www.labolycee.org/sites/default/files/exos/corriges/2003/2003-09-Polynesie-Correction-Exo2-Condensateur.pdf
Etude de la pile cuivre argent;https://labolycee.org/etude-de-la-pile-cuivre-argent;3 points;Bac S 2003-2012 | Tronc commun | Chimie | Le sens spontané d'évolution d'un système est-il prévisible ? Peut-il être inversé ? | Pile;39 minutes;https://www.labolycee.org/sites/default/files/exos/sujets/2003/2003-Liban-Sujet-Exo2-PileCuAg-3pts.pdf;https://www.labolycee.org/sites/default/files/exos/corriges/2003/2003-Liban-Correction-Exo2-PileCuAg-3pts.pdf
Réalisation dune pile nickel-zinc;https://labolycee.org/realisation-dune-pile-nickel-zinc;6 points;Bac S 2003-2012 | Tronc commun | Chimie | Le sens spontané d'évolution d'un système est-il prévisible ? Peut-il être inversé ? | Pile;1 heure 18 minutes;https://www.labolycee.org/sites/default/files/exos/sujets/2003/2003-Antilles-Sujet-Exo1-PileNiZn-6-5pts.pdf;https://www.labolycee.org/sites/default/files/exos/corriges/2003/2003-Antilles-Correction-PileNiZn-6-5pts.pdf
De linfluence des conditions initiales sur le comportement dun système;https://labolycee.org/de-linfluence-des-conditions-initiales-sur-le-comportement-dun-systeme;5 points;Bac S 2003-2012 | Tronc commun | Chimie | Le sens spontané d'évolution d'un système est-il prévisible ? Peut-il être inversé ? | Pile | Physique | Évolution temporelle des systèmes mécaniques;1 heure 5 minutes;https://www.labolycee.org/sites/default/files/exos/sujets/2003/2003-11-NelleCaledonie-Sujet-Exo3-ConditionsIni-5-5pts.pdf;https://www.labolycee.org/sites/default/files/exos/corriges/2003/2003-11-NelleCaledonie-Correction-Exo3-ConditionsIni-5-5pts.pdf
Capture géologique du dioxyde de carbone;https://labolycee.org/capture-geologique-du-dioxyde-de-carbone;4 points;Tale Spécialité Physique Chimie | Acide-Base;45 minutes;https://www.labolycee.org/sites/default/files/2020-09/2020-Tle-SPE-Sujetzero-Exo1-Sujet-CaptureCO2-4pts.pdf;https://www.labolycee.org/sites/default/files/2022-04/2020-Tle-SPE-Sujetzero-Exo1-Correction-CaptureCO2-4pts.pdf
Synthèse de Cannizaro;https://labolycee.org/synthese-de-cannizaro;5 points;Tale Spécialité Physique Chimie | Synthèse organique;55 minutes;https://www.labolycee.org/sites/default/files/2025-01/2021-06-Metro-ExoA-Sujet-SyntheseCannizaro-5pts.pdf;https://www.labolycee.org/sites/default/files/2025-01/2021-06-Metro-ExoA-Correction-SyntheseCannizaro-5pts.pdf
Four à micro-ondes pour synthèse organique;https://labolycee.org/four-micro-ondes-pour-synthese-organique;5 points;Tale Spécialité Physique Chimie | Synthèse organique;55 minutes;https://www.labolycee.org/sites/default/files/2021-06/2021-03-Metro-Sujet1-ExoC-SyntheseMicroonde.pdf;https://www.labolycee.org/sites/default/files/2025-05/2021-03-Metro-Sujet1-ExoC-Correction-SyntheseMicroonde.pdf
Saut à lélastique;https://labolycee.org/saut-lelastique;5 points;Tale Spécialité Physique Chimie | Mouvement dans un champ de pesanteur uniforme;55 minutes;https://www.labolycee.org/sites/default/files/2024-08/2021-06-Metro-ExoA-Sujet2-SautElastique-5pts.pdf;https://www.labolycee.org/sites/default/files/2021-06/2021-06-Metro-ExoA-Sujet2-SautElastique-5pts-Correction.pdf
Etude de la panne dun drône en plein vol;https://labolycee.org/etude-de-la-panne-dun-drone-en-plein-vol;3 points;Tale Spécialité Physique Chimie | Mouvement dans un champ de pesanteur uniforme;30 minutes;https://www.labolycee.org/sites/default/files/2021-06/2021-03-Metro-SI-Sujet1-ExoA-ChuteDrone.pdf;https://www.labolycee.org/sites/default/files/2021-12/2021-03-Metro-SI-Sujet1-ExoA-ChuteDrone-Correction.pdf
Autonomie et confort dune voiture électrique;https://labolycee.org/autonomie-et-confort-dune-voiture-electrique;3 points;Tale Spécialité Physique Chimie | Thermodynamique;30 minutes;https://www.labolycee.org/sites/default/files/2022-01/2021-06-Metro-SI-Sujet2-ExoB-Thermo-Voiture_0.pdf;https://www.labolycee.org/sites/default/files/2022-02/2021-06-Metro-SI-Sujet2-ExoB-Thermo-Voiture-Correction.pdf
Isolation thermique;https://labolycee.org/isolation-thermique;3 points;Tale Spécialité Physique Chimie | Thermodynamique;30 minutes;https://www.labolycee.org/sites/default/files/2022-01/2021-09-Metro-SI-ExoB-Sujet-IsolationThermique.pdf;https://www.labolycee.org/sites/default/files/2022-03/2021-09-Metro-SI-ExoB-Sujet-IsolationThermique-Correction.pdf
La congélation de leau;https://labolycee.org/la-congelation-de-leau;5 points;Tale Spécialité Physique Chimie | Thermodynamique;55 minutes;https://www.labolycee.org/sites/default/files/2022-05/2021-Liban-Sujet1-ExoC-Sujet-CongelationEau-5pts.pdf;https://www.labolycee.org/sites/default/files/2022-05/2021-Liban-Sujet1-ExoC-Correction-CongelationEau-5pts.pdf
Préparer un thé;https://labolycee.org/preparer-un;3 points;Tale Spécialité Physique Chimie | Thermodynamique;30 minutes;https://www.labolycee.org/sites/default/files/2022-01/2021-06-Metro-SI-Sujet1-ExoB-PreparerThe.pdf;https://www.labolycee.org/sites/default/files/2022-01/2021-06-Metro-SI-Sujet1-ExoB-PreparerThe-Correction.pdf
Influence dun écoulement dair sur le refroidissement dun bloc de métal;https://labolycee.org/influence-dun-ecoulement-dair-sur-le-refroidissement-dun-bloc-de-metal;3 points;Tale Spécialité Physique Chimie | Thermodynamique;30 minutes;https://www.labolycee.org/sites/default/files/2021-06/2021-03-Metro-SI-Sujet2-ExoB-Thermique.pdf;https://www.labolycee.org/sites/default/files/2022-02/2021-03-Metro-SI-Sujet2-ExoB-Thermique-Correction.pdf
Analyse énergétique dune bouilloire;https://labolycee.org/analyse-energetique-dune-bouilloire;3 points;Tale Spécialité Physique Chimie | Thermodynamique;30 minutes;https://www.labolycee.org/sites/default/files/2021-06/2021-03-Metro-SI-Sujet1-ExoB-Bouilloire.pdf;https://www.labolycee.org/sites/default/files/2021-06/2021-03-Metro-SI-Sujet1-ExoB-Bouilloire-Correction.pdf
Valoriser la  chaleur fatale  des centres de stockage de données;https://labolycee.org/valoriser-la-chaleur-fatale-des-centres-de-stockage-de-donnees;10 points;Tale Spécialité Physique Chimie | Thermodynamique;30 minutes;https://www.labolycee.org/sites/default/files/2021-04/2021-Sujet-Zero-SI-ExoA-Sujet-Thermo-30minutes.pdf;https://www.labolycee.org/sites/default/files/2021-04/2021-Sujet-Zero-SI-ExoA-Correction-Thermo-30minutes.pdf
Voyage interplanétaire;https://labolycee.org/voyage-interplanetaire;5 points;Bac S 2013-2020 | Physique | Temps, cinématique, dynamique newtonienne;50 minutes;https://www.labolycee.org/sites/default/files/exos/sujets/2014/2014-Metro-Exo3-Sujet-Kepler-5pts.pdf;https://www.labolycee.org/sites/default/files/exos/corriges/2014/2014-Metro-Exo3-Correction-Kepler-5pts.pdf
Le rugby, sport de contact et dévitement;https://labolycee.org/le-rugby-sport-de-contact-et-devitement;8 points;Bac S 2013-2020 | Physique | Temps, cinématique, dynamique newtonienne;1 heure 20 minutes;https://www.labolycee.org/sites/default/files/exos/sujets/2013/2013-Liban-Exo2-Sujet-Rugby-QteMvt-ChpPesanteur-8pts.pdf;https://www.labolycee.org/sites/default/files/exos/corriges/2013/2013-Liban-Exo2-Correction-Rugby-QteMvt-ChpPesanteur-8pts.pdf
Suivi dune réaction lente;https://labolycee.org/suivi-dune-reaction-lente;6 points;Bac S 2003-2012 | Tronc commun | Chimie | La transformation d'un système chimique est-elle toujours rapide ? | Spectrophotométrie;1 heure 18 minutes;https://www.labolycee.org/sites/default/files/exos/sujets/2004/2004-Asie-Sujet-Exo2-CinetiqueAbs-6pts.pdf;https://www.labolycee.org/sites/default/files/exos/corriges/2004/2004-Asie-Correction-Exo2-CinetiqueAbs.pdf
Etude cinétique par suivi spectrophotométrique;https://labolycee.org/etude-cinetique-par-suivi-spectrophotometrique;2 points;Bac S 2003-2012 | Tronc commun | Chimie | La transformation d'un système chimique est-elle toujours rapide ? | Spectrophotométrie;26 minutes;https://www.labolycee.org/sites/default/files/exos/sujets/2003/2003-Polynesie-Sujet-Exo2-Cinetique-2-5pts.pdf;https://www.labolycee.org/sites/default/files/exos/corriges/2003/2003-Polynesie-Correction-Exo2-Cinetique-2-5pts.pdf
Le chewing-gum à la fraise;https://labolycee.org/le-chewing-gum-la-fraise;9 points;Bac S 2013-2020 | Chimie;1 heure 30 minutes;https://www.labolycee.org/sites/default/files/2022-10/2018-AmSud-Exo2-Sujet-ChewingGumFraise-9pts.pdf;https://www.labolycee.org/sites/default/files/2022-10/2018-AmSud-Exo2-Correction-ChewingGumFraise-9pts.pdf
La 5ème saveur;https://labolycee.org/la-5eme-saveur;5 points;Bac S 2013-2020 | Chimie;50 minutes;https://www.labolycee.org/sites/default/files/exos/sujets/2017/2017-Pondichery-Exo3-Sujet-Umami-5pts.pdf;https://www.labolycee.org/sites/default/files/exos/corriges/2017/2017-Pondichery-Exo3-Correction-Umami-5pts.pdf
Lacétate disoamyle;https://labolycee.org/lacetate-disoamyle;5 points;Bac S 2013-2020 | Chimie;50 minutes;https://www.labolycee.org/sites/default/files/exos/sujets/2017/2017-AmNord-Exo3-Sujet-BanansChimieVerte-5pts.pdf;https://www.labolycee.org/sites/default/files/exos/corriges/2017/2017-AmNord-Exo3-Correction-BanansChimieVerte-5pts.pdf
Lacide lévulinique, une molécule qui a de lavenir;https://labolycee.org/lacide-levulinique-une-molecule-qui-de-lavenir;10 points;Bac S 2013-2020 | Chimie;1 heure 40 minutes;https://www.labolycee.org/sites/default/files/exos/sujets/2017/2017-Liban-Exo2-Sujet-AcideLevulinique-10pts.pdf;https://www.labolycee.org/sites/default/files/exos/corriges/2017/2017-Liban-Exo2-Correction-AcideLevulinique-10pts.pdf
Synthèse de la benzoïne;https://labolycee.org/synthese-de-la-benzoine;6 points;Bac S 2013-2020 | Chimie;1 heure;https://www.labolycee.org/sites/default/files/exos/sujets/2017/2017-CtresEtrangers-Exo2-Sujet-SyntheseBenzoine-6pts.pdf;https://www.labolycee.org/sites/default/files/exos/corriges/2017/2017-CtresEtrangers-Exo2-Correction-SyntheseBenzoine-6pts.pdf
Valorisation du dioxyde de carbone;https://labolycee.org/valorisation-du-dioxyde-de-carbone;5 points;Bac S 2013-2020 | Chimie;50 minutes;https://www.labolycee.org/sites/default/files/exos/sujets/2017/2017-CtresEtrangers-Exo3-Sujet-ValorisationCO2-5pts.pdf;https://www.labolycee.org/sites/default/files/exos/corriges/2017/2017-CtresEtrangers-Exo3-Correction-ValorisationCO2-5pts.pdf
Arome de menthe;https://labolycee.org/arome-de-menthe;9 points;Bac S 2013-2020 | Chimie;1 heure 30 minutes;https://www.labolycee.org/sites/default/files/exos/sujets/2017/2017-Polynesie-Exo2-Sujet-Menthe-9pts.pdf;https://www.labolycee.org/sites/default/files/exos/corriges/2017/2017-Polynesie-Exo2-Correction-Menthe-9pts.pdf
Synthèse de la carvone à partir du limonène;https://labolycee.org/synthese-de-la-carvone-partir-du-limonene;4 points;Bac S 2013-2020 | Chimie;40 minutes;https://www.labolycee.org/sites/default/files/exos/sujets/2017/2017-Metropole-Exo1-Sujet-Carvone-4pts.pdf;https://www.labolycee.org/sites/default/files/exos/corriges/2017/2017-Metropole-Exo1-Correction-Carvone-4pts.pdf
Eliminer le tartre;https://labolycee.org/eliminer-le-tartre;5 points;Bac S 2013-2020 | Chimie;50 minutes;https://www.labolycee.org/sites/default/files/exos/sujets/2017/2017-Metropole-Exo3-Sujet-Tartre-5pts.pdf;https://www.labolycee.org/sites/default/files/2022-12/2017-Metropole-Exo3-Correction-Tartre-5pts.pdf
à la recherche de la vie dans lespace;https://labolycee.org/la-recherche-de-la-vie-dans-lespace;5 points;Bac S 2013-2020 | Chimie;50 minutes;https://www.labolycee.org/sites/default/files/exos/sujets/2017/2017-Antilles-Exo3-Sujet-VieEspace-5pts.pdf;https://www.labolycee.org/sites/default/files/exos/corriges/2017/2017-Antilles-Exo3-Correction-VieEspace-5pts.pdf
Lacide glycolique;https://labolycee.org/lacide-glycolique;9 points;Bac S 2013-2020 | Chimie;1 heure 30 minutes;https://www.labolycee.org/sites/default/files/exos/sujets/2017/2017-Asie-Exo1-Sujet-AcideGlycolique-9pts.pdf;https://www.labolycee.org/sites/default/files/exos/corriges/2017/2017-Asie-Exo1-Correction-AcideGlycolique-9pts.pdf
Du fromage et du beurre;https://labolycee.org/du-fromage-et-du-beurre;4 points;Bac S 2013-2020 | Chimie;40 minutes;https://www.labolycee.org/sites/default/files/exos/sujets/2017/2017-09-Metro-Exo1-Sujet-FromageBeurre-4pts.pdf;https://www.labolycee.org/sites/default/files/exos/corriges/2017/2017-09-Metro-Exo1-Correction-FromageBeurre-4pts.pdf
La méthanisation;https://labolycee.org/la-methanisation;5 points;Bac S 2013-2020 | Chimie;50 minutes;https://www.labolycee.org/sites/default/files/exos/sujets/2017/2017-09-Metro-Exo3-Sujet-Methanisation-5pts.pdf;https://www.labolycee.org/sites/default/files/exos/corriges/2017/2017-09-Metro-Exo3-Correction-Methanisation-5pts.pdf
Lutte contre les moustiques;https://labolycee.org/lutte-contre-les-moustiques;9 points;Bac S 2013-2020 | Chimie;1 heure 30 minutes;https://www.labolycee.org/sites/default/files/exos/sujets/2017/2017-11-NelleCaledo-Exo1-Sujet-LutteMoustique-9pts.pdf;https://www.labolycee.org/sites/default/files/exos/corriges/2017/2017-11-NelleCaledo-Exo1-Correction-LutteMoustique-9pts.pdf
La fermentation malolactique des vins;https://labolycee.org/la-fermentation-malolactique-des-vins;10 points;Bac S 2013-2020 | Chimie;1 heure 40 minutes;https://www.labolycee.org/sites/default/files/exos/sujets/2017/2017-09-Antilles-Exo1-Sujet-Vin-10pts.pdf;https://www.labolycee.org/sites/default/files/exos/corriges/2017/2017-09-Antilles-Exo1-Correction-Vin-10pts.pdf
La chimie du miel;https://labolycee.org/la-chimie-du-miel;8 points;Bac S 2013-2020 | Chimie;1 heure 20 minutes;https://www.labolycee.org/sites/default/files/exos/sujets/2017/2017-09-Polynesie-Exo2-Sujet-ChimieMiel-8pts.pdf;https://www.labolycee.org/sites/default/files/exos/corriges/2017/2017-09-Polynesie-Exo2-Correction-ChimieMiel-8pts.pdf
Une odeur dananas;https://labolycee.org/une-odeur-dananas;5 points;Bac S 2013-2020 | Chimie;50 minutes;https://www.labolycee.org/sites/default/files/exos/sujets/2017/2017-AmSud-Exo3-Sujet-OdeurAnanas-5pts.pdf;https://www.labolycee.org/sites/default/files/exos/corriges/2017/2017-AmSud-Exo3-Correction-OdeurAnanas-5pts.pdf
Le diester;https://labolycee.org/le-diester;4 points;Bac S 2013-2020 | Chimie;40 minutes;https://www.labolycee.org/sites/default/files/exos/sujets/2016/2016-Pondichery-Exo1-Sujet-Diester-4pts.pdf;https://www.labolycee.org/sites/default/files/exos/corriges/2016/2016-Pondichery-Exo1-Correction-Diester-4pts.pdf
Adaptation du pH de leau dun aquarium;https://labolycee.org/adaptation-du-ph-de-leau-dun-aquarium;5 points;Bac S 2013-2020 | Chimie;50 minutes;https://www.labolycee.org/sites/default/files/exos/sujets/2016/2016-Pondichery-Exo3-Sujet-pHAquarium-5pts.pdf;https://www.labolycee.org/sites/default/files/exos/corriges/2016/2016-Pondichery-Exo3-Correction-pHAquarium-5pts.pdf
A propos de lacide fumarique;https://labolycee.org/propos-de-lacide-fumarique;10 points;Bac S 2013-2020 | Chimie;1 heure 40 minutes;https://www.labolycee.org/sites/default/files/exos/sujets/2016/2016-AmNord-Exo1-Sujet-Acide%20fumarique-10pts.pdf;https://www.labolycee.org/sites/default/files/exos/corriges/2016/2016-AmNord-Exo1-Correction-Acide%20fumarique-10pts.pdf
étude dune lotion capillaire;https://labolycee.org/etude-dune-lotion-capillaire;5 points;Bac S 2013-2020 | Chimie;50 minutes;https://www.labolycee.org/sites/default/files/exos/sujets/2016/2016-Liban-Exo3-Sujet-PetroleHahn-5pts.pdf;https://www.labolycee.org/sites/default/files/exos/corriges/2016/2016-Liban-Exo3-Correction-PetroleHahn-5pts.pdf
Sucre et électrons;https://labolycee.org/sucre-et-electrons;9 points;Bac S 2013-2020 | Chimie;1 heure 30 minutes;https://www.labolycee.org/sites/default/files/exos/sujets/2016/2016-CtresEtrangers-Exo2-Sujet-Sucre-e-9pts.pdf;https://www.labolycee.org/sites/default/files/exos/corriges/2016/2016-CtresEtrangers-Exo2-Correction-Sucre-e-9pts.pdf
Propagation dune onde le long dune corde;https://labolycee.org/propagation-dune-onde-le-long-dune-corde;4 points;Bac S 2003-2012 | Tronc commun | Physique | Propagation d'une onde - ondes progressives;52 minutes;https://www.labolycee.org/sites/default/files/exos/sujets/2005/2005-Asie-Sujet-Exo1-OndeCorde-4pts.pdf;https://www.labolycee.org/sites/default/files/exos/corriges/2005/2005-Asie-Correction-Exo1-Corde-4pts.pdf
Propagation des ondes;https://labolycee.org/propagation-des-ondes;4 points;Bac S 2003-2012 | Tronc commun | Physique | Propagation d'une onde - ondes progressives;52 minutes;https://www.labolycee.org/sites/default/files/exos/sujets/2005/2005-11-NelleCaledonie-Sujet-Exo1-Ondes-4pts.pdf;https://www.labolycee.org/sites/default/files/exos/corriges/2005/2005-11-NelleCaledonie-Correction-Exo1-Ondes4pts.pdf
Ondes en questions;https://labolycee.org/ondes-en-questions;4 points;Bac S 2003-2012 | Tronc commun | Physique | Propagation d'une onde - ondes progressives;52 minutes;https://www.labolycee.org/sites/default/files/exos/sujets/2004/2004-Polynesie-Sujet-Exo3-QCM-Ondes-4pts.pdf;https://www.labolycee.org/sites/default/files/exos/corriges/2004/2004-Polynesie-correction-Exo3-Ondes.pdf
Voyager en se repérant: le G.P.S. et les horloges;https://labolycee.org/voyager-en-se-reperant-le-gps-et-les-horloges;9 points;Bac S 2003-2012 | Tronc commun | Physique | Évolution temporelle des systèmes mécaniques | Propagation d'une onde - ondes progressives;1 heure 57 minutes;https://www.labolycee.org/sites/default/files/exos/sujets/2004/2004-09-Polynesie-Sujet-GPS-Satellite-Ondes-Horloges.pdf;https://www.labolycee.org/sites/default/files/exos/corriges/2004/2004-09-Polynesie-Correction-GPS-Satellite-Ondes-Horloges.pdf
Bizarre, bizarre...;https://labolycee.org/bizarre-bizarre;5 points;Bac S 2003-2012 | Tronc commun | Chimie | Comment le chimiste contrôle-t-il les transformations de la matière ? | Physique | Évolution temporelle des systèmes mécaniques | Propagation d'une onde - ondes progressives;1 heure 5 minutes;https://www.labolycee.org/sites/default/files/exos/sujets/2004/2004-National-Sujet-Exo3-MecaQ-Savons-5-5pts.pdf;https://www.labolycee.org/sites/default/files/exos/corriges/2004/2004-National-correction-Exo3-MecaQ-Savons.pdf
Lampe à vapeur de sodium;https://labolycee.org/lampe-vapeur-de-sodium-0;4 points;Bac S 2003-2012 | Tronc commun | Physique | Évolution temporelle des systèmes mécaniques | Propagation d'une onde - ondes progressives;52 minutes;https://www.labolycee.org/sites/default/files/exos/sujets/2004/2004-Pondichery-Sujet-Exo3-LampeVapeurSodium-4pts.pdf;https://www.labolycee.org/sites/default/files/exos/corriges/2004/2004-Pondichery-correction-Exo3-LampeVapeurSodium.pdf
Des oscillations électriques à la cuve à ondes;https://labolycee.org/des-oscillations-electriques-la-cuve-ondes;9 points;Bac S 2003-2012 | Tronc commun | Physique | Évolution temporelle des systèmes électriques | Propagation d'une onde - ondes progressives;1 heure 57 minutes;https://www.labolycee.org/sites/default/files/exos/sujets/2003/2003-Polynesie-Sujet-Exo1-Onde-Elec-9-5pts.pdf;https://www.labolycee.org/sites/default/files/exos/corriges/2003/2003-Polynesie-Correction-Exo1-Onde-Elec-9-5pts.pdf
La houle;https://labolycee.org/la-houle;4 points;Bac S 2003-2012 | Tronc commun | Physique | Propagation d'une onde - ondes progressives;52 minutes;https://www.labolycee.org/sites/default/files/exos/sujets/2003/2003-09-Polynesie-Sujet-Exo3-Ondes-Houle.pdf;https://www.labolycee.org/sites/default/files/exos/corriges/2003/2003-09-Polynesie-Correction-Exo3-Ondes-Houle.pdf
Les ondes sismiques;https://labolycee.org/les-ondes-sismiques;9 points;Bac S 2003-2012 | Tronc commun | Physique | Évolution temporelle des systèmes mécaniques | Propagation d'une onde - ondes progressives;1 heure 57 minutes;https://www.labolycee.org/sites/default/files/exos/sujets/2003/2003-Afrique-Sujet-Exo1-Ondes-sismiques-9-5pts.pdf;https://www.labolycee.org/sites/default/files/exos/corriges/2003/2003-Afrique-Correction-Exo1-Ondes-sismiques-9-5pts.pdf
Brouillard et vitesse;https://labolycee.org/brouillard-et-vitesse;9 points;Bac S 2003-2012 | Tronc commun | Physique | Évolution temporelle des systèmes électriques;1 heure 57 minutes;https://www.labolycee.org/sites/default/files/exos/sujets/2004/2004-Antilles-Sujet-Exo1-Brouillard-Vitesse-9-5pts.pdf;https://www.labolycee.org/sites/default/files/exos/corriges/2004/2004-Antilles-Correction-Exo1-Brouillard-Vitesse-9-5pts.pdf
Temps caractéristiques de quelques systèmes;https://labolycee.org/temps-caracteristiques-de-quelques-systemes;5 points;Bac S 2003-2012 | Tronc commun | Physique | Évolution temporelle des systèmes électriques;1 heure 5 minutes;https://www.labolycee.org/sites/default/files/exos/sujets/2003/2003-09-National-Sujet-SSCalc-Exo3-TempsCaracteristiques-5-5pts.pdf;https://www.labolycee.org/sites/default/files/exos/corriges/2003/2003-09-National-Correction-SSCalc-Exo3.pdf
Evolution temporelle de deux oscillateurs;https://labolycee.org/evolution-temporelle-de-deux-oscillateurs;9 points;Bac S 2003-2012 | Tronc commun | Physique | Évolution temporelle des systèmes électriques;1 heure 57 minutes;https://www.labolycee.org/sites/default/files/exos/sujets/2003/2003-Liban-Sujet-Exo1-OscillateursMeca-Elec-9pts.pdf;https://www.labolycee.org/sites/default/files/exos/corriges/2003/2003-Liban-Correction-Exo1-OscillateursMeca-Elec-9pts.pdf
Autour du radium;https://labolycee.org/autour-du-radium;5 points;Bac S 2003-2012 | Tronc commun | Physique | Transformations nucléaires;1 heure 5 minutes;https://www.labolycee.org/sites/default/files/exos/sujets/2003/2003-National-Sujet-Autour-radium-5pts.pdf;https://www.labolycee.org/sites/default/files/exos/corriges/2003/2003-National-Correction-Autour-radium-5pts.pdf
Temps de demi-vie et de demi-réaction;https://labolycee.org/temps-de-demi-vie-et-de-demi-reaction;5 points;Bac S 2003-2012 | Tronc commun | Chimie | La transformation d'un système chimique est-elle toujours rapide ? | Physique | Transformations nucléaires;1 heure 5 minutes;https://www.labolycee.org/sites/default/files/exos/sujets/2004/2004-03-NelleCaledonie-Sujet-Exo3-TempsDemiVie-DemiReaction-4pts.pdf;https://www.labolycee.org/sites/default/files/exos/corriges/2004/2004-03-NelleCaledonie-Correction-Exo3-TempsDemiVie-DemiReaction-4pts.pdf
Sur une balançoire;https://labolycee.org/sur-une-balancoire;6 points;Bac S 2003-2012 | Tronc commun | Physique | Évolution temporelle des systèmes mécaniques;1 heure 18 minutes;https://www.labolycee.org/sites/default/files/exos/sujets/2009/2009-03-NelleCaledo-Exo1-Sujet-Balancoire-6-5pts.pdf;https://www.labolycee.org/sites/default/files/exos/corriges/2009/2009-03-NelleCaledo-Exo1-Correction-Balancoire-6-5pts.pdf
Hydrolyse basique des esters;https://labolycee.org/hydrolyse-basique-des-esters;6 points;Bac S 2003-2012 | Tronc commun | Chimie | Comment le chimiste contrôle-t-il les transformations de la matière ? | La transformation d'un système chimique est-elle toujours rapide ?;1 heure 18 minutes;https://www.labolycee.org/sites/default/files/exos/sujets/2004/2004-09-Antilles-Sujet-Exo2-Saponification-6-5pts.pdf;https://www.labolycee.org/sites/default/files/exos/corriges/2004/2004-09-Antilles-Correction-Exo2-Saponification-G-6-5pts.pdf
Etude dune esterification;https://labolycee.org/etude-dune-esterification;6 points;Bac S 2003-2012 | Tronc commun | Chimie | Comment le chimiste contrôle-t-il les transformations de la matière ? | La transformation d'un système chimique est-elle toujours rapide ? | La transformation d'un système chimique est-elle toujours totale ?;1 heure 18 minutes;https://www.labolycee.org/sites/default/files/exos/sujets/2003/2003-Pondichery-Sujet-Exo1-Esterification-6pts.pdf;https://www.labolycee.org/sites/default/files/exos/corriges/2003/2003-Pondichery-Correction-Exo1-Esterification-6pts.pdf
Espèces acides en solution;https://labolycee.org/especes-acides-en-solution;6 points;Bac S 2003-2012 | Tronc commun | Chimie | La transformation d'un système chimique est-elle toujours rapide ? | La transformation d'un système chimique est-elle toujours totale ?;1 heure 18 minutes;https://www.labolycee.org/sites/default/files/exos/sujets/2003/2003-09-Antilles-Exo2-Sujet-Acides-6-5pts.pdf;https://www.labolycee.org/sites/default/files/exos/corriges/2003/2003-09-Antilles-Exo2-Correction-Acides-6-5pts.pdf
Estérification;https://labolycee.org/esterification;4 points;Bac S 2003-2012 | Tronc commun | Chimie | Comment le chimiste contrôle-t-il les transformations de la matière ?;52 minutes;https://www.labolycee.org/sites/default/files/exos/sujets/2004/2004-09-Polynesie-Sujet-Esterification.pdf;https://www.labolycee.org/sites/default/files/exos/corriges/2004/2004-09-Polynesie-Correction-Exo3-Esterification.pdf
Mal de tête;https://labolycee.org/mal-de-tete;4 points;Bac S 2003-2012 | Tronc commun | Chimie | Comment le chimiste contrôle-t-il les transformations de la matière ?;52 minutes;https://www.labolycee.org/sites/default/files/exos/sujets/2004/2004-09-National-Sujet-Titrage-synthese-aspirine.pdf;https://www.labolycee.org/sites/default/files/exos/corriges/2004/2004-09-National-Correction-Exo1-Titrage-synthese-aspirine.pdf
Fabrication puis titrage de laspirine;https://labolycee.org/fabrication-puis-titrage-de-laspirine;6 points;Bac S 2003-2012 | Tronc commun | Chimie | Comment le chimiste contrôle-t-il les transformations de la matière ?;1 heure 18 minutes;https://www.labolycee.org/sites/default/files/exos/sujets/2004/2004-Pondichery-Sujet-Exo2-Fabrication_Titrage_Aspirine.pdf;https://www.labolycee.org/sites/default/files/exos/corriges/2004/2004-Pondichery-Correction-Exo2-Fabric_Titrage_Aspirine.pdf
Synthèse et titrage de laspirine;https://labolycee.org/synthese-et-titrage-de-laspirine;4 points;Bac S 2003-2012 | Tronc commun | Chimie | Comment le chimiste contrôle-t-il les transformations de la matière ?;52 minutes;https://www.labolycee.org/sites/default/files/exos/sujets/2004/2004-Antilles-Sujet-Exo3-Synthese-TitrageAspirine-4pts.pdf;https://www.labolycee.org/sites/default/files/exos/corriges/2004/2004-Antilles-correction-Exo3-Aspirine-4pts.pdf
Hémisynthèse de laspirine au laboratoire;https://labolycee.org/hemisynthese-de-laspirine-au-laboratoire;6 points;Bac S 2003-2012 | Tronc commun | Chimie | Comment le chimiste contrôle-t-il les transformations de la matière ?;1 heure 18 minutes;https://www.labolycee.org/sites/default/files/exos/sujets/2003/2003-AmSud-Sujet-Exo3-Hemisynthese-Aspirine-6-5pts.pdf;https://www.labolycee.org/sites/default/files/exos/corriges/2003/2003-AmSud-Correction-Exo3-Hemisynthese-Aspirine-6-5pts.pdf
Du jus de pomme au vinaigre;https://labolycee.org/du-jus-de-pomme-au-vinaigre;5 points;Bac S 2013-2020 | Chimie;50 minutes;https://www.labolycee.org/sites/default/files/exos/sujets/2016/2016-Polynesie-Exo3-Sujet-TitragePomme-5pts.pdf;https://www.labolycee.org/sites/default/files/exos/corriges/2016/2016-Polynesie-Exo3-Correction-TitragePomme-5pts.pdf
Autour du styrène;https://labolycee.org/autour-du-styrene;9 points;Bac S 2013-2020 | Chimie;1 heure 30 minutes;https://www.labolycee.org/sites/default/files/exos/sujets/2016/2016-Antilles-Exo2-Sujet-Styrene-9pts.pdf;https://www.labolycee.org/sites/default/files/exos/corriges/2016/2016-Antilles-Exo2-Correction-Styrene-9pts.pdf
Synthèse asymétrique du menthol;https://labolycee.org/synthese-asymetrique-du-menthol;5 points;Bac S 2013-2020 | Chimie;50 minutes;https://www.labolycee.org/sites/default/files/exos/sujets/2016/2016-Asie-Exo3-Sujet-Menthol-5pts.pdf;https://www.labolycee.org/sites/default/files/exos/corriges/2016/2016-Asie-Exo3-Correction-Menthol-5pts.pdf
Un peu de chimie chez les abeilles;https://labolycee.org/un-peu-de-chimie-chez-les-abeilles;5 points;Bac S 2013-2020 | Chimie;50 minutes;https://www.labolycee.org/sites/default/files/exos/sujets/2016/2016-Asie-Exo1-Sujet-ChimieAbeille-5pts.pdf;https://www.labolycee.org/sites/default/files/exos/corriges/2016/2016-Asie-Exo1-Correction-Abeilles-5pts.pdf
De la betterave sucrière aux carburants;https://labolycee.org/de-la-betterave-sucriere-aux-carburants;9 points;Bac S 2013-2020 | Chimie;1 heure 30 minutes;https://www.labolycee.org/sites/default/files/exos/sujets/2016/2016-Metropole-Exo2-Sujet-Betterave-9pts.pdf;https://www.labolycee.org/sites/default/files/exos/corriges/2016/2016-Metropole-Exo2-Correction-Betterave-9pts.pdf
La tyrosine;https://labolycee.org/la-tyrosine;9 points;Bac S 2013-2020 | Chimie;1 heure 30 minutes;https://www.labolycee.org/sites/default/files/2023-11/2016-09-Antilles-Exo2-Sujet-Tyrosine-9pts.pdf;https://www.labolycee.org/sites/default/files/exos/corriges/2016/2016-09-Antilles-Exo2-Correction-Tyrosine-9pts.pdf
Synthese dun médicament;https://labolycee.org/synthese-dun-medicament;9 points;Bac S 2013-2020 | Chimie;1 heure 30 minutes;https://www.labolycee.org/sites/default/files/exos/sujets/2016/2016-AmSud-Exo2-Sujet-Benzaldehyde-9pts.pdf;https://www.labolycee.org/sites/default/files/exos/corriges/2016/2016-AmSud-Exo2-Correction-Benzaldehyde-9pts.pdf
La vitamine C;https://labolycee.org/la-vitamine-c;9 points;Bac S 2013-2020 | Chimie;1 heure 30 minutes;https://www.labolycee.org/sites/default/files/exos/sujets/2015/2015-Pondichery-Exo1-Sujet-Vitamine%20C-9%20pts.pdf;https://www.labolycee.org/sites/default/files/exos/corriges/2015/2015-Pondichery-Exo1-Correction-Vitamine%20C-9%20pts.pdf
Lhuile dolive, matière première et aliment;https://labolycee.org/lhuile-dolive-matiere-premiere-et-aliment;9 points;Bac S 2013-2020 | Chimie;1 heure 30 minutes;https://www.labolycee.org/sites/default/files/exos/sujets/2015/2015-AmNord-Exo2-Sujet-HuileOlive-9pts.pdf;https://www.labolycee.org/sites/default/files/exos/corriges/2015/2015-AmNord-Exo2-Correction-HuileOlive-9pts.pdf
Lhélianthine, indicateur coloré;https://labolycee.org/lhelianthine-indicateur-colore;5 points;Bac S 2013-2020 | Chimie;50 minutes;https://www.labolycee.org/sites/default/files/exos/sujets/2015/2015-CtresEtrangers-Exo1-Sujet-Helianthine-5pts.pdf;https://www.labolycee.org/sites/default/files/exos/corriges/2015/2015-CtresEtrangers-Exo1-Correction-Helianthine-5pts.pdf
Composition dun médicament;https://labolycee.org/composition-dun-medicament;5 points;Bac S 2013-2020 | Chimie;50 minutes;https://www.labolycee.org/sites/default/files/exos/sujets/2015/2015-Polynesie-Exo3-Sujet-Medicament.pdf;https://www.labolycee.org/sites/default/files/exos/corriges/2015/2015-Polynesie-Exo3-Correction-Medicament-5pts.pdf
Vanille et vanilline;https://labolycee.org/vanille-et-vanilline;9 points;Bac S 2013-2020 | Chimie;1 heure 30 minutes;https://www.labolycee.org/sites/default/files/2021-01/2016-11-NelleCaledo-Exo1-Sujet-Vanille-9pts.pdf;https://www.labolycee.org/sites/default/files/exos/corriges/2016/2016-11-NelleCaledo-Exo1-Correction-Vanille-9pts.pdf
Léthanoate de linalyle et le linalol;https://labolycee.org/lethanoate-de-linalyle-et-le-linalol;9 points;Bac S 2013-2020 | Chimie;1 heure 30 minutes;https://www.labolycee.org/sites/default/files/exos/sujets/2015/2015-Asie-Exo2-Sujet-Ester-Lavande-9pts.pdf;https://www.labolycee.org/sites/default/files/exos/corriges/2015/2015-Asie-Exo2-Correction-Ester-Lavande-9pts.pdf
Synthèse dun anesthésique : la benzocaïne;https://labolycee.org/synthese-dun-anesthesique-la-benzocaine;9 points;Bac S 2013-2020 | Chimie;1 heure 30 minutes;https://www.labolycee.org/sites/default/files/exos/sujets/2015/2015-Antilles-Exo2-Sujet-Benzocaine-9pts.pdf;https://www.labolycee.org/sites/default/files/exos/corriges/2015/2015-Antilles-Exo2-Correction-Benzocaine-9pts.pdf
De la composition dun soda à sa consommation;https://labolycee.org/de-la-composition-dun-soda-sa-consommation;8 points;Bac S 2013-2020 | Chimie;1 heure 20 minutes;https://www.labolycee.org/sites/default/files/exos/sujets/2015/2015-Metropole-Exo2-Sujet-Soda-8-5pts.pdf;https://www.labolycee.org/sites/default/files/exos/corriges/2015/2015-Metropole-Exo2-Correction-Soda-8-5pts.pdf
Chimie et alimentation;https://labolycee.org/chimie-et-alimentation;5 points;Bac S 2013-2020 | Chimie;50 minutes;https://www.labolycee.org/sites/default/files/exos/sujets/2015/2015-09-Antilles-Exo2-Sujet-ChimieAlimentation-5pts.pdf;https://www.labolycee.org/sites/default/files/exos/corriges/2015/2015-09-Antilles-Exo2-Correction-ChimieAlimentation-5pts.pdf
Chimie et piscine;https://labolycee.org/chimie-et-piscine;5 points;Bac S 2013-2020 | Chimie;50 minutes;https://www.labolycee.org/sites/default/files/exos/sujets/2015/2015-09-Antilles-Exo3-Sujet-ChimiePiscine-5pts.pdf;https://www.labolycee.org/sites/default/files/exos/corriges/2015/2015-09-Antilles-Exo3-Correction-ChimiePiscine-5pts.pdf
Locytocine, une hormone peptidique de synthèse;https://labolycee.org/locytocine-une-hormone-peptidique-de-synthese;4 points;Bac S 2013-2020 | Chimie;40 minutes;https://www.labolycee.org/sites/default/files/2025-05/2015-09-Metro-Exo1-Sujet-SynthesePeptide-4pts.pdf;https://www.labolycee.org/sites/default/files/exos/corriges/2015/2015-09-Metro-Exo1-Correction-SynthesePeptide-4pts.pdf
La chimie au service de la conservation du foin;https://labolycee.org/la-chimie-au-service-de-la-conservation-du-foin;5 points;Bac S 2013-2020 | Chimie;50 minutes;https://www.labolycee.org/sites/default/files/exos/sujets/2015/2015-09-Metro-Exo3-Sujet-ChimieFoin-5pts.pdf;https://www.labolycee.org/sites/default/files/exos/corriges/2015/2015-09-Metro-Exo3-Correction-ChimieFoin-5pts.pdf
La vitamine C;https://labolycee.org/la-vitamine-c-0;9 points;Bac S 2013-2020 | Chimie;1 heure 30 minutes;https://www.labolycee.org/sites/default/files/exos/sujets/2015/2015-09-Polynesie-Exo2-Sujet-VitamineC-9pts.pdf;https://www.labolycee.org/sites/default/files/exos/corriges/2015/2015-09-Polynesie-Exo2-Correction-VitamineC-9pts.pdf
Contrôles de la qualité dun lait;https://labolycee.org/controles-de-la-qualite-dun-lait;5 points;Bac S 2013-2020 | Chimie;50 minutes;https://www.labolycee.org/sites/default/files/exos/sujets/2014/2014-Pondichery-Exo3-Sujet-ControleQualiteLait-5pts.pdf;https://www.labolycee.org/sites/default/files/exos/corriges/2014/2014-Pondichery-Exo3-Correction-ControleQualiteLait-5pts.pdf
Du lait au yaourt;https://labolycee.org/du-lait-au-yaourt;6 points;Bac S 2013-2020 | Chimie;1 heure;https://www.labolycee.org/sites/default/files/exos/sujets/2014/2014-Liban-Exo1-Sujet-LaitYaourt-6pts.pdf;https://www.labolycee.org/sites/default/files/exos/corriges/2014/2014-Liban-Exo1-Correction-LaitYaourt-6pts.pdf
Quelques alcools de lindustrie chimique;https://labolycee.org/quelques-alcools-de-lindustrie-chimique;5 points;Bac S 2013-2020 | Chimie;50 minutes;https://www.labolycee.org/sites/default/files/exos/sujets/2014/2014-Liban-Exo3-Sujet-AlcoolsIndustrie-5pts.pdf;https://www.labolycee.org/sites/default/files/exos/corriges/2014/2014-Liban-Exo3-Correction-AlcoolsIndustrie-5pts.pdf
La synthèse du méthacrylate de méthyle;https://labolycee.org/la-synthese-du-methacrylate-de-methyle;9 points;Bac S 2013-2020 | Chimie;1 heure 30 minutes;https://www.labolycee.org/sites/default/files/exos/sujets/2014/2014-AmNord-Exo2-Sujet-SyntheseMAM-9pts.pdf;https://www.labolycee.org/sites/default/files/exos/corriges/2014/2014-AmNord-Exo2-Correction-SyntheseMAM-9pts.pdf
Synthèse du paracétamol;https://labolycee.org/synthese-du-paracetamol-0;9 points;Bac S 2013-2020 | Chimie;1 heure 30 minutes;https://www.labolycee.org/sites/default/files/exos/sujets/2014/2014-CtresEtrangers-Exo1-Sujet-Paracetamol-9pts.pdf;https://www.labolycee.org/sites/default/files/exos/corriges/2014/2014-CtresEtrangers-Exo1-Correction-Paracetamol-9pts.pdf
Lhomochiralité du vivant;https://labolycee.org/lhomochiralite-du-vivant;5 points;Bac S 2013-2020 | Chimie;50 minutes;https://www.labolycee.org/sites/default/files/exos/sujets/2014/2014-Polynesie-Exo3-Sujet-Homochiralite-5pts.pdf;https://www.labolycee.org/sites/default/files/exos/corriges/2014/2014-Polynesie-Exo3-Correction-Homochiralite-5pts.pdf
Dune odeur âcre à une odeur fruitée;https://labolycee.org/dune-odeur-acre-une-odeur-fruitee;9 points;Bac S 2013-2020 | Chimie;1 heure 30 minutes;https://www.labolycee.org/sites/default/files/exos/sujets/2014/2014-Metro-Exo2-Sujet-Odeur-9pts.pdf;https://www.labolycee.org/sites/default/files/exos/corriges/2014/2014-Metro-Exo2-Correction-Odeur-9pts.pdf
Etude de lacide ascorbique;https://labolycee.org/etude-de-lacide-ascorbique;10 points;Bac S 2013-2020 | Chimie;1 heure 40 minutes;https://www.labolycee.org/sites/default/files/exos/sujets/2014/2014-Antilles-Exo2-Sujet-Ac-Ascorbique-10pts.pdf;https://www.labolycee.org/sites/default/files/exos/corriges/2014/2014-Antilles-Exo2-Correction-Ac-Ascorbique-10pts.pdf
A la recherche des molécules de la vie;https://labolycee.org/la-recherche-des-molecules-de-la-vie;8 points;Bac S 2013-2020 | Chimie;1 heure 20 minutes;https://www.labolycee.org/sites/default/files/exos/sujets/2014/2014-Asie-Exo2-Sujet-MoleculesVie-8pts.pdf;https://www.labolycee.org/sites/default/files/exos/corriges/2014/2014-Asie-Exo2-Correction-MoleculesVie-8pts.pdf
La chimie au service de la protection des plantes;https://labolycee.org/la-chimie-au-service-de-la-protection-des-plantes;10 points;Bac S 2013-2020 | Chimie;1 heure 40 minutes;https://www.labolycee.org/sites/default/files/exos/sujets/2014/2014-11-NelleCaledo-Exo2-Sujet-ChimiePlantes-10pts.pdf;https://www.labolycee.org/sites/default/files/exos/corriges/2014/2014-11-NelleCaledo-Exo2-Correction-ChimiePlantes-10pts.pdf
Le dioxyde de carbone : le réduire dans latmosphère et le valoriser ?;https://labolycee.org/le-dioxyde-de-carbone-le-reduire-dans-latmosphere-et-le-valoriser;5 points;Bac S 2013-2020 | Chimie;50 minutes;https://www.labolycee.org/sites/default/files/exos/sujets/2014/2014-09-Antilles-Exo3-Sujet-CO2-5pts.pdf;https://www.labolycee.org/sites/default/files/exos/corriges/2014/2014-09-Antilles-Exo3-Correction-CO2-5pts.pdf
Synthèse verte du phénol;https://labolycee.org/synthese-verte-du-phenol;5 points;Bac S 2013-2020 | Chimie;50 minutes;https://www.labolycee.org/sites/default/files/exos/sujets/2014/2014-09-Metropole-Exo1-Sujet-ChimieVertePhenol-5pts.pdf;https://www.labolycee.org/sites/default/files/exos/corriges/2014/2014-09-Metropole-Exo1-Correction-ChimieVertePhenol-5pts.pdf
Autour de lodeur de rhum;https://labolycee.org/autour-de-lodeur-de-rhum;5 points;Bac S 2013-2020 | Chimie;50 minutes;https://www.labolycee.org/sites/default/files/exos/sujets/2014/2014-09-Metropole-Exo3-Sujet-SyntheseRhum-5pts.pdf;https://www.labolycee.org/sites/default/files/exos/corriges/2014/2014-09-Metropole-Exo3-Correction-SyntheseRhum-5pts.pdf
La RMN en archéologie;https://labolycee.org/la-rmn-en-archeologie;5 points;Bac S 2013-2020 | Chimie;50 minutes;https://www.labolycee.org/sites/default/files/exos/sujets/2014/2014-11-AmSud-Exo3-Sujet-RMN-Archeologie-5pts.pdf;https://www.labolycee.org/sites/default/files/exos/corriges/2014/2014-11-AmSud-Exo3-Correction-RMN-Archeologie-5pts.pdf
Molécule dibuprofène;https://labolycee.org/molecule-dibuprofene;9 points;Bac S 2013-2020 | Chimie;1 heure 30 minutes;https://www.labolycee.org/sites/default/files/exos/sujets/2013/2013-Pondichery-Exo2-Sujet-Ibuprofene-9-5pts.pdf;https://www.labolycee.org/sites/default/files/exos/corriges/2013/2013-Pondichery-Exo2-Correction-Ibuprofene-9-5pts.pdf
Aspirine et prévention cardiovasculaire;https://labolycee.org/aspirine-et-prevention-cardiovasculaire;8 points;Bac S 2013-2020 | Chimie;1 heure 20 minutes;https://www.labolycee.org/sites/default/files/exos/sujets/2013/2013-AmNord-Exo1-Sujet-Aspirine-8-5pts.pdf;https://www.labolycee.org/sites/default/files/exos/corriges/2013/2013-AmNord-Exo1-Correction-Aspirine-8-5pts.pdf
Acide lactique et médecine animale;https://labolycee.org/acide-lactique-et-medecine-animale;7 points;Bac S 2013-2020 | Chimie;1 heure 10 minutes;https://www.labolycee.org/sites/default/files/exos/sujets/2013/2013-Liban-Exo1-Sujet-AcideLactique-7pts.pdf;https://www.labolycee.org/sites/default/files/exos/corriges/2013/2013-Liban-Exo1-Correction-AcideLactique-7pts.pdf
Composition dun vin;https://labolycee.org/composition-dun-vin;9 points;Bac S 2013-2020 | Chimie;1 heure 30 minutes;https://www.labolycee.org/sites/default/files/exos/sujets/2013/2013-Polynesie-Exo1-Sujet-ChimieVin-9pts.pdf;https://www.labolycee.org/sites/default/files/exos/corriges/2013/2013-Polynesie-Exo1-Correction-ChimieVin-9pts.pdf
Lestérification;https://labolycee.org/lesterification;8 points;Bac S 2013-2020 | Chimie;1 heure 20 minutes;https://www.labolycee.org/sites/default/files/exos/sujets/2013/2013-CtresEtrangers-Exo2-Sujet-Esters-8pts.pdf;https://www.labolycee.org/sites/default/files/exos/corriges/2013/2013-CtresEtrangers-Exo2-Correction-Esters-8pts.pdf
Un catalyseur enzymatique, luréase;https://labolycee.org/un-catalyseur-enzymatique-lurease;5 points;Bac S 2013-2020 | Chimie;50 minutes;https://www.labolycee.org/sites/default/files/exos/sujets/2013/2013-Metro-Exo1-Sujet-Urease-5pts.pdf;https://www.labolycee.org/sites/default/files/exos/corriges/2013/2013-Metro-Exo1-Correction-Urease-5pts.pdf
Saveur sucrée;https://labolycee.org/saveur-sucree;5 points;Bac S 2013-2020 | Chimie;50 minutes;https://www.labolycee.org/sites/default/files/exos/sujets/2013/2013-Metro-Exo3-Sujet-Aspartame-5pts.pdf;https://www.labolycee.org/sites/default/files/exos/corriges/2013/2013-Metro-Exo3-Correction-Aspartame-5pts.pdf
La physique sur un plan deau;https://labolycee.org/la-physique-sur-un-plan-deau;9 points;Bac S 2003-2012 | Tronc commun | Physique | Évolution temporelle des systèmes mécaniques;1 heure 57 minutes;https://www.labolycee.org/sites/default/files/exos/sujets/2004/2004-USA-Sujet-Exo1-SautGrenouille-9pts.pdf;https://www.labolycee.org/sites/default/files/exos/corriges/2004/2004-USA-Correction-Exo1-SautGrenouille-9pts.pdf
Des molécules témoins du mûrissement des pommes;https://labolycee.org/des-molecules-temoins-du-murissement-des-pommes;10 points;Bac S 2013-2020 | Chimie;1 heure 40 minutes;https://www.labolycee.org/sites/default/files/exos/sujets/2013/2013-Antilles-Exo2-Sujet-Pommes-10pts.pdf;https://www.labolycee.org/sites/default/files/exos/corriges/2013/2013-Antilles-Exo2-Correction-Pommes-10pts.pdf
Autour de laspartame;https://labolycee.org/autour-de-laspartame;10 points;Bac S 2013-2020 | Chimie;1 heure 40 minutes;https://www.labolycee.org/sites/default/files/exos/sujets/2013/2013-09-Metro-Exo2-Sujet-Aspartame-10pts.pdf;https://www.labolycee.org/sites/default/files/exos/corriges/2013/2013-09-Metro-Exo2-Correction-Aspartame-10pts.pdf
Un exemple de chimie verte : la synthèse de libuprofène;https://labolycee.org/un-exemple-de-chimie-verte-la-synthese-de-libuprofene;11 points;Bac S 2013-2020 | Chimie;1 heure 50 minutes;https://www.labolycee.org/sites/default/files/exos/sujets/2013/2013-09-Antilles-Exo2-Sujet-Ibuprofene-11pts.pdf;https://www.labolycee.org/sites/default/files/exos/corriges/2013/2013-09-Antilles-Exo2-Correction-Ibuprofene-11pts.pdf
Une voie de valorisation possible pour le dioxyde de carbone;https://labolycee.org/une-voie-de-valorisation-possible-pour-le-dioxyde-de-carbone;5 points;Bac S 2013-2020 | Chimie;50 minutes;https://www.labolycee.org/sites/default/files/exos/sujets/2013/2013-11-NelleCaledo-Exo3-Sujet-ValorisationCO2-5pts.pdf;https://www.labolycee.org/sites/default/files/exos/corriges/2013/2013-11-NelleCaledo-Exo3-Correction-ValorisationCO2-5pts.pdf
Les fourmis détiennent-elles la clé du carburant du futur ?;https://labolycee.org/les-fourmis-detiennent-elles-la-cle-du-carburant-du-futur;5 points;Bac S 2013-2020 | Chimie;50 minutes;https://www.labolycee.org/sites/default/files/exos/sujets/2013/2014-03-NelleCaledo-Exo1-Sujet-AcideFormique-5pts.pdf;https://www.labolycee.org/sites/default/files/exos/corriges/2013/2014-03-NelleCaledo-Exo1-Correction-AcideFormique-5pts.pdf
Titrage des ions dans une eau minérale;https://labolycee.org/titrage-des-ions-dans-une-eau-minerale;4 points;Bac S 2013-2020 | Chimie;52 minutes;https://www.labolycee.org/sites/default/files/exos/sujets/2010/2010-CtresEtrang-Spe-Exo3-Sujet-Titrages.pdf;https://www.labolycee.org/sites/default/files/exos/corriges/2010/2010-CtresEtrang-Spe-Exo3-Correction-Titrages.pdf
